NOMBRE DE LA FARMACIA,NOMBRE DE CONTACTO,DIRECCION,DEPARTAMENTO,MUNICIPIO,TELEFONO,CELULAR,NIT
1000LAGROSA,MARI ROSI ARUQUIPA LUCERO,"AVENIDA LITORAL, N° 1015, ESQUINA CALLE ANTA PAMPA, ZONA URBANIZACION COSMOS 79 D3, CIUDAD DE EL ALTO",LA PAZ,EL ALTO,,68162275,9946361013
10 DE OCTUBRE,RUTH MOJICA GONZALES,"CALLE ILLAMPU, ENTRE GRANEROS Y PLAZA EGUINO NO.619, ZONA EL ROSARIO, DE LA CIUDAD DE LA PAZ",LA PAZ,LA PAZ,,77761096,1000366013
12 DE ENERO JUNTO A TI,,"CALLE ZOILO FLORES, N° 1024, EDIFICIO ZAR P.B. LOCAL 1, ZONA SAN PEDRO BAJO, ENTRE CALLE RIOBAMBA Y RODRIGUEZ DE LA CIUDAD DE LA PAZ",LA PAZ,LA PAZ,,73200054 - 78770555,6730066016
12 DE ENERO JUNTO A TI SUCURSAL 2,CINTHYA GABRIELA CHUQUIMIA LIMA,"CALLE SANTA CRUZ NO. 421, P.B., CASI ESQ. ILLAMPU, ZONA EL ROSARIO DE LA CIUDAD DE LA PAZ",LA PAZ,LA PAZ,,73200054-72589573,6730066016
12 DE FEBRERO CUIDA TU SALUD,,"CALLE D, NO. 7220, ENTRE LA CALLE 6 Y LA CALLE PEATONAL 7, ZONA RIO SECO DE LA CIUDAD DE EL ALTO",LA PAZ,EL ALTO,,77243780,4902786015
16 DE JULIO-V.S.,EDSON IVAN QUISBERT SINCA,"AV. 16 DE JULIO NO. 461, EDF. LIBERTAD, PLANTA BAJA, LOCAL 1, ZONA 16 DE JULIO DE LA CIUDAD DE EL ALTO",LA PAZ,EL ALTO,2842673,,8300286011
17 DE SEPTIEMBRE,BETTY QUENTA CHAMBI,"AVENIDA GUADALQUIVIR NO. 114, ZONA NUEVOS HORIZONTES DE LA CIUDAD DE EL ALTO",LA PAZ,EL ALTO,,,4747036012
18 DE ENERO,MARIA TERESA MACHICADO CHOQUE,AV. PERIFERICA NO. 250 ENTRE CALLE 5 Y CALLE ADRIAN PARIENTE ZONA CUPILUPACA DE LA CIUDAD DE LA PAZ,LA PAZ,LA PAZ,,78887529-71570756,11089075016
19 DE FEBRERO,,"AVENIDA JUAN PABILO II, EDIF. TORREZ, PISO, PISO PB OFICINA 1, NO. 1155, ENTRE CALLE 1 Y PLAZA DE LA LUNA, ZONA FERROPRETROL DE LA CIUDAD DE EL ALTO.",LA PAZ,EL ALTO,,67198120,4979364014
25 DE JULIO,SUSY PEGGY FLORES GUTIERREZ,"CALLE 9, NO. 72, ESQUINA AV.. 2, FRENTE A LA PLAZA MINERO, ZONA SANTIAGO II DE LA CIUDAD DE EL ALTO",LA PAZ,EL ALTO,,73221606,2409799017
28 DE DICIEMBRE,,"AVENIDA LUIS RODRIGUEZ PARDO NO. 1130, ENTRE CALLE COLOMBIA Y CALLE PERU, ZONA URBANIZACION EL PROGRESO DE LA CIUDAD DE EL ALTO",LA PAZ,EL ALTO,,73268396,330012026
6 DE MARZO,SILVIA PATZI CALDERON,"CALLE 2 Y 3 DE LA AVENIDA 6 DE MARZO, NO. 6, ZONA 12 DE OCTUBRE DE LA CIUDAD DE EL ALTO",LA PAZ,EL ALTO,,76792832,3397258019
6 DE MARZO II,,"AVENIDA 6 DE MARZO, ENTRE CALLE 5 Y 6, NO. 145, ZONA 12 DE OCTUBRE DE LA CIUDAD DE EL ALTO",LA PAZ,EL ALTO,,76792832,3504017017
6 DE MARZO III,,"CALLE 5, ENTRE LA AVENIDA 6 DE MARZO Y JORGE CARRASCO, NO 100 ZONA 12 DE OCTUBRE DE LA CIUDAD DE EL ALTO",LA PAZ,EL ALTO,,76792832,3504017017
AARON PHARMA,,"AVENIDA JAIMES FREYRE , NRO 2313, ENTRE CALLE MENENDEZ PELAYO Y CALLE R. BUSTILLOS, ZONA TEMBLADERANI DE LA CIUDAD DE LA PAZ",LA PAZ,LA PAZ,,69898902,9204769018
ABDIEL,JIMENA ARIANA CEREZO CALLISAYA,"AV. TEJADA SORZANO NO. 351, ZONA VILLA FATIMA, ENTRE CALLES AGUSTIN SAAVEDRA Y FELIPE LOPEZ DE LA CIUDAD DE LA PAZ",LA PAZ,LA PAZ,,61016386,8443109011
ACHE-D,DORA HUANCA DE LA CRUZ,"CALLE COPACABANA NO. 1800 ESQUINA CALLE 5 DE AGOSTO FRENTE A LA PLAZA GERMAN BUSCH, LOCAL 2, ZONA ALTO LIMA DE LA CIUDAD DE EL ALTO",LA PAZ,EL ALTO,,78840085,4937141018
ACHOCALLA,CLAUDIA ARTEMICIA PINTO ROCHA,"AV. HUANCARANI, ZONA MULLACANI, NO. 100 DEL MUNICIPIO DE ACHOCALLA DEL DEPARTAMENTO DE LA PAZ",LA PAZ,ACHOCALLA,,78880866-78828300,5592290012
ACRIBOL,JORGE ARMANDO SERRUDO JUAREZ,"AV. ESTRUCTURANTE, NO.9, ENTRE CALLE JUANVELEZ DE CORDOVA Y CALLE F, APAZA, ZONA VILLA MERCEDES A, DE LA CIUDAD DE EL ALTO",LA PAZ,EL ALTO,,69997055,6821328011
A&D,ANTONIA FRIAS,"AV. BUENOS AIRES NO. 1831, ZONA INCA LLOJETA DE LA CIUDAD DE LA PAZ",LA PAZ,LA PAZ,,69860699,2055921018
ADEVENIR,LIDIA LAYME MAMANI,"CALLE 4 , NRO: 759 URBANIZACIÓN PRIMERO DE MAYO, ENTRE CALLE LUIS GUARDIA Y AVENIDA JUANA AZURDUY DE PADILLA, PLANTA BAJA, TIENDA EXTERIOR, (A UNA CUADARA DEL CENTRO DE SALUD PRIMERO DE MAYO)",LA PAZ,EL ALTO,,61999006,12750922011
ADMIRABLE,VERONICA MITA DIAZ,"AVENIDA LITORAL NO. 2015, ESQUINA AVENIDA COCHABAMBA, ZONA SAN LUIS PAMPA DE LA CIUDAD DE EL ALTO",LA PAZ,EL ALTO,,76576071,6957345010
ADONAI JUAN,JULIO CESAR MARIACA AJHUACHO,"AVENIDA COCHABAMBA NO. 2021, ENTRE CALLE PROVINCIA MUÑECAS Y AVENIDA ESTRUCTURANTE, URBANIZACION PUERTO RICO DE LA CIUDAD DE EL ALTO",LA PAZ,EL ALTO,,77763769,7074324015
ADRIAN,JANNETH YAÑIQUEZ BENAVIDES,"AVENIDA ANTOFAGASTA NO. 1132, ZONA VILLA DOLORES DE LA CIUDAD DE EL ALTO",LA PAZ,EL ALTO,,70620691,4832751017
ADRIANA,HENRY OMAR SUXO LAYME,"AVENIDA MARISCAL SANTA CRUZ, NO 938, ENTRE CALLE SAGARNAGA Y COCHABAMBA DE LA CIUDAD DE LA PAZ",LA PAZ,LA PAZ,,74081321,6170155014
ADULAM,,"AVENIDA JULIO CESAR VALDEZ NO. 3164, ESQUINA CALLE PHIGO, ZONA COSMOS 79 DE LA CIUDAD DE EL ALTO",LA PAZ,EL ALTO,,68134788,9982213018
AFAMYFAR,NESTOR NELSON CONDORI PATZI,"AVENIDA GUADALQUIVIR NO. 270, ZONA NUEVOS HORIZONTES DE LA CIUDAD DE EL ALTO",LA PAZ,EL ALTO,,75885613,9910543015
AGUA DE VIDA,OSCAR ROLANDO GANDARILLAS GONZALES,ZONA EL TEJAR DE LA CIUDAD DE LA PAZ,LA PAZ,LA PAZ,,72502935,4843277019O
AGUA DE VIDA EC,CARLA ALICIA ESPEJO CHOQUE,"AVENIDA LADISLAO CABRERA, NO. 1126, ZONA VILLA MERCEDES ""A"", ENTRE AV. ESTRUCTURANTE Y AVENIDA SANTOS ATAHUALLPA DE LA CIUDAD DE EL ALTO",LA PAZ,EL ALTO,,77587813,7078632010
AGUA RICA,SONIA MARLENE PINTO ZARCO,"CALLE AYATA, NO. 1198, ZONA CHAMOCO CHICO, CASI ESQUINA DE LA CALLE JUAN GUTIERREZ PANIAGUA, FRENTE DE LA PLAZA DE LA CIUDAD DE LA PAZ",LA PAZ,LA PAZ,,62573979-73206513,4867588015
AGUILAR,NADIR JHOANA VELASQUEZ AGUILAR,"AV. SUCRE NO. 3231, ZONA VILLA TUNARI DE LA CIUDAD DE EL ALTO",LA PAZ,EL ALTO,2865215,71904154,2745758011
AIDEN,NATIVIDAD MONTERO HINOJOSA,"AV. BALTAZAR DE SALAS NO. 900, ENTRE CALLE JOSE PARAVICINI Y ANIBAL AGUILAR, ZONA VINO TINTO DE LA CIUDAD DE LA PAZ",LA PAZ,LA PAZ,,71262360,4749605011
AJAYU,KEVIN RODRIGO ILLANES LLANOS,"AV. COSTANERA PROXIMO A SUBIDA A EL PEDREGAL AL LADO DEL TALLER MECANICO, NO. 1665, ZONA CALACOTO ALTO (LOS ALMENDROS) DE LA CIUDAD DE LA PAZ",LA PAZ,LA PAZ,,77260456,4808118010
AKINETON,MANUEL JOSE VARGAS SANTALLA,"CALLE CONSTANTINO MEDINA, NO. 100, P.B., ENTRE (CALLES 9 Y 10) ZONA VILLA DOLORES DE LA CIUDAD DE EL ALTO",LA PAZ,EL ALTO,,78805679,2312332016
ALAN MATIAS,ELIANA SANDAGORDA LAYME,"AV. JAIMES FREIRE NO. 1848, LOCAL 2, ZONA TEMBLADERANI DE LA CIUDAD DE LA PAZ",LA PAZ,LA PAZ,,71531424,6124803017
ALBA,WENDY ESTHER ALIAGA MONASTERIOS,"AVENIDA JUAN LECHIN OQUENDO NO. 936, ZONA RIO SECO PLAN LOTES Y SERVICIOS ENTRE LA CALLE AGUAS DE LA VIDA Y AVENIDA BOLIVAR, FRENTE A LA CANCHA MERCADO EL CARMEN DE LA CIUDAD DE EL ALTO",LA PAZ,EL ALTO,,75818164,6055796018
ALDIES,CINTIA LIZETH CALZADA VILLA,"AV. TIAHUANACU, ZONA ANEXO VILLA BOLIVAR ""D"" NO. 2094 ENTRE CALLE MARIA PALACIOS Y CALLE CHAYANTA DE LA CIUDAD DE EL ALTO - LA PAZ",LA PAZ,EL ALTO,,65155528-70629589,8402540015
ALEFARMA,SONIA RAQUEL MIRANDA PATZI,"CALLE GRANEROS NO. 671, ZONA 14 DE SEPTIEMBRE DE LA CIUDAD DE LA PAZ",LA PAZ,LA PAZ,,,6135890014
ALEGRE,SDHENKA ADRIANA TORREZ ALEGRE,"CALLE MUNAYPATA, NO. 695. ESQUINA TUMUSLA, A UNA CUADRA DE LA PLAZA GARITA DE LIMA, ZONA EL ROSARIO DE LA CIUDAD DE LA PAZ",LA PAZ,LA PAZ,,77529352,12420187011
ALELI,,"AVENIDA CIRCUNVALACION N° 230, ENTRE CALLE 6 Y 7, ZONA ALTO IRPAVI",LA PAZ,LA PAZ,,77745493,3305233012
ALENRA,AMILCAR VLADIMIR LAURA BELTRAN,"AV. KOLLASUYO NO. 1991 ENTRE CALLE PIRAI Y 26 DE MAYO, ZONA EL TEJAR DE LA CIUDAD DE LA PAZ",LA PAZ,LA PAZ,,70594297,6171249019
ALEXANDER,WILBER ROLANDO CONDORI PADILLA,"AV. BAUTISTA OQUENDO NO. 5585 ZONA JUANA AZURDUY DE PADILLA, ENTRE AV. 14 DE SEPTIEMBRE Y CALLE QUILIMA DE LA CIUDAD DE EL ALTO",LA PAZ,EL ALTO,,75263466,6120290010
ALEX GABRIEL,OLIVIA CINTYA RAMOS MAMANI,"CALLE MIROSAPANI NO. 1265, ESQUINA CALLE QUILLOMA, ZONA COSMOS 79, DE LA CIUDAD DE EL ALTO",LA PAZ,EL ALTO,,72036034,5976114019
ALEXIA,LIZZETHE XIMENA TARQUI ENAO,"AV. EDUARDO ABAROA NO. 36 ENTRE C. SORATA Y C. COPACABANA, ZONA ALTO LIMA, 1RA SECCION DE LA CIUDAD DE EL ALTO",LA PAZ,EL ALTO,,63122032,6077955014
ALI,MARY EUGENIA ALI MAMANI,"CALLE 5 EDIFICIO IMPERIO, PISO PB DEPATAMENTO/ OFICINA: SN NRO423 ZONA IRPAVI, ENTRE CALLES PABLO CABALLERO Y ALTAMIRANO",LA PAZ,LA PAZ,,6558263,6819461018
ALIFARMA,MARIBEL EUGENIA ALI TORREZ,"CALLE LURIBAY NO. 1785, PISO P.B. ZONA MUNAYPATA DE LA CIUDAD DE LA PAZ",LA PAZ,LA PAZ,,79100705,4952502011
ALIVIA-TE STAT,,"AV. PERIFERICA, ESQUINA CALLE CHIRCA NO. 202, ZONA ROSASANI, DE LA CIUDAD DE LA PAZ",LA PAZ,LA PAZ,,75888560 - 68584507,4921161014
ALIVIEMOS BOLIVIA,ERIKA ANDREA COTILLO POMA,"CALLE RICARDO BUSTAMANTE NO. 619, AL FRENTE DE LA PLAZA GRAN PODER ENTRE CALLES BENENCIO BURGOA Y SEBASTIAN SEGUROLA, ZONA GRAN PODER DE LA CIUDAD DE LA PAZ",LA PAZ,LA PAZ,,75842940,4880232016
ALIVIOX,ANA YESENIA SIRPA CRUZ,"AVENIDA HERNANDO SILES, NRO. 2, ENTRE CALLE ARMAN CHIRVEC Y CALLE MAMORE, ZONA VILLA ADELA  PLAN 560, CIUDAD DE EL ALTO",LA PAZ,EL ALTO,,75259710,9902026013
A. L. J. FARMA,WILLY WILFREDO QUISPE TTITO,"CALLE 4 NO. 21, ZONA SANTA ROSA DE LA CIUDAD DE EL ALTO",LA PAZ,EL ALTO,,73529458,216298022
ALL PHARMACY II,GABY PAMELA HUANCA COPA,"AV. SAAVEDRA NO. 2192, ZONA MIRAFLORES DE LA CIUDAD DE LA PAZ",LA PAZ,LA PAZ,2944566,70555183,4784893012
ALL PHARMACY III,JACQUELINE JANNETTE ARUQUIPA OROPEZA,"AV. SAAVEDRA NO. 2192, ZONA MIRAFLORES DE LA CIUDAD DE LA PAZ",LA PAZ,LA PAZ,2229678,70555183,4784893012
ALL PHARMACY IV,LIDIA BETTY CHAVEZ ZUBIETA,"AV. SAAVEDRA NO. 1560, ZONA MIRAFLORES DE LA CIUDAD DE LA PAZ",LA PAZ,LA PAZ,2223070,,4784893012
ALONSO,NEYDA MELVI AGUILAR BUSTILLOS,CALLE MERCEDES CAMACHO NO. 700 ZONA 12 DE OCTUBRE DE LA CIUDAD DE EL ALTO,LA PAZ,EL ALTO,,70557220,4314822012
ALQUIMIA - Z,WILMA LILIAN ZILVETTY TORRICO,"AV. ARMENTIA NO. 660, ENTRE CALLES PISAGUA Y ALTO DE LA ALIANZA ZONA NORTE DE LA CIUDAD DE LA PAZ",LA PAZ,LA PAZ,,60593061,4912874016
AL-SIL,SILVIA HUARINA RAMOS,"PLAZA INFANTIL MEDIA LUNA, NO. 2274, ZONA SAN JOSE DE YUNGUYO, ENTRE AVENIDA BUENOS AIRES Y AVENIDA CARABOBO DE LA CIUDAD DE EL ALTO",LA PAZ,EL ALTO,,74908485,6066623019
ALVARADO,BRIGIDA FANNY ALVARADO ALARCON,"AV. PANORAMICA NO.50, ZONA 16 DE JULIO DE LA CIUDAD DE EL ALTO - LA PAZ",LA PAZ,EL ALTO,,72041629,3346977019
ALVARADO T,,AVENIDA VICENTE BALLIVIAN N° 1794 ENTRE AVENIDA CESAR ACHAVAL Y CALLE NUÑEZ DEL PRADO,LA PAZ,EL ALTO,,73732702,4375383018
AMATISTA,STEFANI ROSALIA ROJAS HUARACHI,"CALLE JAIME ZUDAÑEZ NO. 1459, ENTRE AVENIDA JAIMES FREIRE Y CALLE VALENTIN AVECIA, ZONA TEMBLADERANI DE LA CIUDAD DE LA PAZ",LA PAZ,LA PAZ,,70520171,9885999015
AMAZONAS STAR,,"CALLE PELECHUCO ESTACION 16 DE JULIO, TELEFERICO ROJO PLANTA BAJA OF. 5 ZONA 16 DE JULIO DE LA CIUDAD DE EL ALTO",LA PAZ,EL ALTO,,77779076,4744811014
AMED,EDWIN FERNANDEZ CALLEJAS,"CALLE FRANCISCO ROMERO NO. 58, ENTRE CALLE 6 Y 7, ZONA VILLA DOLORES DE LA CIUDAD DE EL ALTO",LA PAZ,EL ALTO,,63146179-70686318,2273740017
AMIFAR,MARIA JOSE CUSICANQUI GUTIERREZ,CALLE 132 NO. 100 ESQUINA CALLE TELLEZ ZONA BOLIVAR D DE LA CIUDAD DE EL ALTO,LA PAZ,EL ALTO,,65170749-70149649,8440670014
ANAHI,MARIA NILDA LLANOS CESPEDES,"AV. INTEGRACION NO. 990, ENTRE CARRETERA LA PAZ - ORURO, ZONA URBANIZACION VICTORIA SENKATA DE LA CIUDAD DE EL ALTO",LA PAZ,EL ALTO,,68000156,4086441014
ANBEED,ROSARIO MAMANI ARIAS,"CALLE 10 LOS CEIBOS N° 200,  ENTRE CALLE 9 Y 11 ZONA LLOJETA BAJO DE LA CIUDAD DE LA PAZ",LA PAZ,LA PAZ,,70684126,12427390012
ANBEED SUCURSAL 1,ANA RUTH GUTIERREZ POVEDA,"CALLE 21, EDIFICIO SENECA, N° 200, ESQUINA AVENIDA GARCIA LANZA, ZONA ACHUMANI DE LA CIUDAD DE LA PAZ",LA PAZ,LA PAZ,,60166125 - 70684126,12427390012
ANBEED SUCURSAL 2,ADRIANA VALERIA RADA MACHICADO,"CALLE 25 ARTURO FORTIN SANJINES, EDIFICIO ENGEL, NRO. 102, PISO 1, LOCAL 2, ZONA CALACOTO DE LA CIUDAD DE EL ALTO.",LA PAZ,LA PAZ,,,12427390012
ANDANIEL,SHINDY LILIAN POMA LAURA,"AVENIDA CIVICA, N° 27 ENTRE CALLE 10 Y CALLE 11, ZONA VILLA TEJADA TRIANGULAR  DE LA CIUDAD DE EL ALTO",LA PAZ,EL ALTO,,72321353,8264114010
ANDIFAR,MARY LINDA FERNANDEZ MAMANI,"AV. BENITO LINCH NO. 3075, ESQUINA AV. PANORAMICA, ZONA MARISCAL SUCRE, DE LA CIUDAD DE EL ALTO",LA PAZ,EL ALTO,,75200828,6038381011
ANDINA,JISELA SHIRLEY TICONA HUANCA,"AVENIDA 6 DE MARZO, DENTRO DE LA ESTACION TELEFERICO MORADO NO. 4 ZONA VILLA BOLIVAR B, DE LA CIUDAD DE EL ALTO",LA PAZ,EL ALTO,,69888008,70047398010
ANDREA ALEXANDRA,CRISTINA VELARDE JAVIER,"CALLE ADOLFO BORDA ESQ. CALLE 18 DE NOVIEMBRE NO. 24, ZONA BALLIVIAN 2DA SECCION DE LA CIUDAD DE EL ALTO",LA PAZ,EL ALTO,,73094409,3499451019
ANEXO VMR,VICTOR MANUEL ROGER CHOQUE MOLLINEDO,"AVENIDA COCHABAMBA, N° 301, ZONA COSMOS 78,ESQUINA CALLE C, A CUATRO CUADRAS DEL SURTIDOR LOZA DE LA CIUDAD DE EL ALTO.",LA PAZ,EL ALTO,,65636128,9963181015
ANGELA & CIELO,,"CALLE BENI NO. 220, ENTRE LA AV. HERNAN SILES, SUAZO Y CALLE VILLAZON , ZONA SAN SALVADOR DE MUNICIPIO DE VIACHA",LA PAZ,VIACHA,,79521526,6077121010
ANGEL DE DIOS,LENNY EMMA PEREZ QUISBERTH,"CALLE 30, EDF. LA LAGUNA, PISO PB, LOCAL 1, ZONA COTA COTA DE LA CIUDAD DE LA PAZ",LA PAZ,LA PAZ,,67197473,3453052016
ANGEL DE LAGUNAS,,"CALLE JUAN GUTIERREZ PANIAGUA NO. 944, P.B., ZONA CHIJINI ALTO DE LA CIUDAD DE LA PAZ",LA PAZ,LA PAZ,,78759910-77532676,4022224015
ANGEL DE LUZ,,"CALLE 30, EDIF. LA LAGUNA, S/N, PISO SOTANO, OF. 1, DE LA ZONA DE COTA COTA DE LA CIUDAD DE LA PAZ",LA PAZ,LA PAZ,,70581229-72010203,3323370010
ANGEL DE VIDA,LOURDES CRISTINA QUISBERT,"AVENIDA MARIO MERCADO, NO. 1127, ZONA VILLA SALOME, URBANIZACION COSMOS 85, DE LA CIUDAD DE LA PAZ",LA PAZ,LA PAZ,,71582146,2607280013
ANGELES Y GABRIEL,GABRIELA MELANY PACOSILLO PACO,"CALLE COMERCIO, EDF. GALERIA COMERCIO, PB. OF. 1, NO. 866, ENTRE PICHINCHA Y GENARO SANJINEZ, ZONA CENTRL DE LA CIUDAD DE LA PAZ",LA PAZ,LA PAZ,,73030509,6945405014
ANGEL GABRIEL,GLADYS CALLE YUJRA,"PLAZA 21 DE DICIEMBRE, EDIFICIO SIN NOMBRE, PISO: PLANTA BAJA/DEPARTAMENTO/LOCAL/OFICINA/; TIENDA EXTERNA, NO. 78, ENTRE AVENIDA 21 DE DICIEMBRE Y CALLE B, ZONA VILLA DOLORES F DE LA CIUDAD DE EL ALTO",LA PAZ,EL ALTO,,79699516,3412679014
ANGELICA,MARISABEL ALARCON CHOQUEHUANCA,"AV. BUENOS AIRES NO. 4674, ENTRE  LA AV. 26 DE MARZO, ZONA URBANIZACIÓN VELEROS DE LA CIUDAD DE EL ALTO",LA PAZ,EL ALTO,,7006569,7006569019
ANGEL SAMUEL,LUIS CAMILO CANAVIRI CRUZ,"CALLE LUPE DE GARCIA, NO. 3225, ZONA VILLA ALEMANIA ENTRE CALLES B ALEMANIA Y CALLE TOMAS KATARI DE LA CIUDAD DE EL ALTO",LA PAZ,EL ALTO,,79543544,4304548019
ANGLES R Y C,CELIA LOMA AROCUTIPA,"AV. 14 DE SEPTIEMBRE, ESQUINA CALLE 62 NO. 97, ZONA OVEJUYO DE LA CIUDAD DE LA PAZ",LA PAZ,LA PAZ,,63074807,6854764011
ANITA,ANA GARCIA ESCOBAR,"AVENIDA ANTOFAGASTA ENTRE CALLES 6 Y 7 NO. 1165, ZONA VILLA DOLORES DE LA CIUDAD DE EL ALTO",LA PAZ,EL ALTO,,76250294,2711400013
AN-MARY,MARIA MELBA CRUZ FLORES,"AV. 2, NO. 2385, ENTRE CALLES 10 Y 11, ZONA SANTIAGO II, FRENTE A LA PLAZA DEL MINERO DE LA CIUDAD DE EL ALTO - LA PAZ",LA PAZ,EL ALTO,,76220007,3303379019
A&P,ELENA VIRGINIA VELASCO MAMANI,"PROLONGACION CALLE 20, NO. 217, T-2 ZONA BELLA VISTA DE LA CIUDAD DE LA PAZ",LA PAZ,LA PAZ,,68000866,2476580015
APOLO,BETTY ESCOBAR ESPINOZA,"AVENIDA INGAVI #93, ZONA CENTRAL DEL MUNICIPIO DE VIACHA",LA PAZ,LA PAZ,,73702126,2299833013
APOSTOL FARMA,ALEIDA CAMPERO BUSTILLOS,"CALLE 4 NRO. 80 EDIFICIO S/N, PISO PLANTA BAJA ENTRE CALLE 3 Y CALLE 5, ZONA VILLA EXALTACIÓN DE LA CIUDAD DE EL ALTO",LA PAZ,EL ALTO,,67048741,9898402010
APOSTOL SANTIAGO,,"CALLE VICENTE OCHOA NO. 1006, ZONA GRAN PODER DE LA CIUDAD DE LA PAZ",LA PAZ,LA PAZ,2451699,,2350259015
APOSTOL SANTIAGO QUIME,,"CALLE BALBOA GARCIA, NO. 3707, ESQUINA CALLE VICTOR GUTIERREZ A MEDIA CUADRA DEL HOSPITAL HTS, ZONA LOS ANDES DEL MUNICIPIO DE EL ALTO",LA PAZ,EL ALTO,,74003274,7068145014
APOST-RED,RAMIRO CRUZ GAMON,"AV. SUCRE NO. 601, ESQUINA PATIO 6 FRENTE AL MERCADO EL CARMEN, ZONA RIO SECO DE LA CIUDAD DE EL ALTO",LA PAZ,EL ALTO,,71902147,3420386015
AP. SANTIFAR,,"CALLE SANTA CRUZ NO. 490, EDIF. SANTA CRUZ PISO P.B. DPTO. T-5, OF. T-5 ZONA EL ROSARIO DE LA CIUDAD DE LA PAZ",LA PAZ,LA PAZ,,76220069,2704948010
AQUILES TRAIGO EL REMEDIO,LESLY DEJHANIRA CHINO DURAN,"AVENIDA DEL POLICIA  N° 7 ENTRE CALLE DIEGO OCAÑA Y CALLE ALFREDO SANJINEZ, ZONA VILLA TEJADA ALPACOMA DE LA CIUDAD DE EL ALTO",LA PAZ,EL ALTO,,67134738,12483532014
ARBOL DE VIDA,SONIA CALLISAYA MAMANI,"AVENIDA PANAMERICANA, NO. 2875, URBANIZACION 21 DE OCTUBRE, ENTRE CALLE J.J. TORREZ Y AV. BOLIVIA DE LA CIUDAD DE EL ALTO",LA PAZ,EL ALTO,,73081272,6036496015
ARBOTT LTDA,NILZA MIRIAM CORO ROSALES,CALLE MACARIO PINILLA NO. 245 ZONA SAN JORGE DE LA CIUDAD DE LA PAZ,LA PAZ,LA PAZ,2434822-2433394,,1004517027
ARCA DE NOE,,"AV. PANORAMICA NO. 4001, ZONA TEJADA RECTANGULAR DE LA CIUDAD DE EL ALTO",LA PAZ,EL ALTO,,61176532,6767681016
ARCAMEDIC,DANIEL CARLOS PINTO MENCIAS,AVENIDA 9 DE AGOSTO NRO. 4244. ENTRE AVENIDAS FELICIANO KANTUTANI Y CALE MIGUEL ANTELOZONA III  MERCEDARIO DE LA CIUDAD DE EL ALTO,LA PAZ,EL ALTO,,63388266,992058010
ARCANGEL MIGUEL,ABIGAIL KATERIN LIMACHI NINA,"AVENIDA JUAN MISAEL SARACHO, NO. 1307, ENTRE CALLE SUCRE Y CALLE 10 A 6 CUADRAS DEL MERCADO CARMEN, ZONA CONAVI BIRF DE LA CIUDAD DE EL ALTO",LA PAZ,EL ALTO,,70588732,10918288013
ARCANGEL URIEL,NORAH GREGORIA TRUJILLO PANTOJA,"AV. PANAMERICANA, ENTRE CALLE OMASUYO Y CALLE 25 DE JUNIO, NO.1025 , ZONA BAUTISTA SAAVEDRA DE LA CIUDAD DE EL ALTO",LA PAZ,EL ALTO,,68137157,2375470012
AREA DE RADIOFARMA DEL INSTITUTO NACIONAL DE MEDICINA NUCLEAR,,"CALLE MAYOR RAFAEL ZUBIETA NO. 1555, ZONA MIRAFLORES BAJO DE LA CIUDAD DE LA PAZ",LA PAZ,LA PAZ,2226116-2229884,77201397,1029563028
ARFAD,BLANCA MACHACA CRUZ,"AV. CAQUINGORA, NO. 1010, ZONA COSMOS 79, DE LA CIUDAD DE EL ALTO",LA PAZ,EL ALTO,,78913724,7016145018
ARIANI,SANDRA CARMINIA TAQUICHIRI,"AV. B NO. 227, ZONA KENKO DE LA CIUDAD DE EL ALTO",LA PAZ,EL ALTO,,,5472599010
ARIANNE,,"CALLE 25-A NRO: 171 ZONA CIUDAD SATELITE, ENTRE CALLE DIEGO DE PORTUGAL Y CALLE VICENTE LECUNA",LA PAZ,EL ALTO,,77284404,4376296013
ARLETH,,"CALLE INCA SEBASTIAN ACOSTA NO. 683, ZONA VILLA COBACABANA DE LA CIUDAD DE LA PAZ",LA PAZ,LA PAZ,2239059,69710337,6090562017
ARMENTIA,CONSUELO ARANCIBIA RODRIGUEZ,"AV. ARMENTIA NO. 517, ZONA NORTE DE LA CIUDAD DE LA PAZ",LA PAZ,LA PAZ,,70524389,2635216012
ARTESANAL,MARIA CLARIBEL QUIROZ CHILO,"AVENIDA 20 DE OCTUBRE NO. 1780, ENTRE CALLES CONCHITAS Y CASTRILLO, ZONA SAN PEDRO DE LA CIUDAD DE LA PAZ",LA PAZ,LA PAZ,,79144901,1012471029
ARTURO VALLE,MATTIE PEREZ CRUZ,CALLE ARTURO VALLE NO. 3715 ZONA LOS ANDES DE LA CIUDAD DE EL ALTO,LA PAZ,EL ALTO,,72071493,2762837014
ASHLY,ROCIO DEL ROSIO HURTADO ARAGON,"AVENIDA ACONGAGUA NRO. 4044, ESQUINA CALLE VICTORIA, ZONA SENKATA DE LA CIUDAD DE EL ALTO",LA PAZ,EL ALTO,22394141,69857976,4272040010
ASUNCION,,"AVENIDA CAMBOYA, NO. 3775 ZONA NUEVA ASUNCION, DE LA CIUDAD DE EL ALTO",LA PAZ,EL ALTO,,71988435,6192546016
AUROMAR (EL ALTO),MARISABEL LEYVA GALVAN,"AV. AREQUIPA, NRO. 40 ENTRE CALLE ECUADOR Y AVENIDA 8, ZONA ALTO LIMA III, SECCIÓN DE LA CIUDAD  DE EL ALTO",LA PAZ,EL ALTO,,73320450,5930487012
AYELEN,CINTHYA GABRIELA CHUQUIMIA LIMA,"CALLE ZOILO FLORES NO. 1024, ZONA SAN PEDRO DE LA CIUDAD DE LA PAZ",LA PAZ,LA PAZ,,,3434351018
AYLIN DENILSON,ROSMARY CALDERON CONDORI,"AVENIDA SIMON BOLIVAR NO. 1792, URB. 25 DE DICIEMBRE, ENTRE CALLES PORVENIR Y CORIPATA DE LA CIUDAD DE EL ALTO",LA PAZ,EL ALTO,,67182742,8340850017
AYNIFARMA,GERMAN TICONA MARTINEZ,"AV. LOS SAUCES NO. 224, ZONA ALTO ACHUMANI DE LA CIUDAD DE LA PAZ",LA PAZ,LA PAZ,,76030096,4313443012
BAHIRA,LUZ LUSMILA ESPEJO RAMIREZ,"CALLE 9 NO. 888, ZONA VILLA SAN ANTONIO DE LA CIUDAD DE LA PAZ",LA PAZ,LA PAZ,,,4283775017
BALBOA,,"AV. ANTINSUYO, NO. 698, ZONA TAHUANTINSUYO DE LA CIUDAD DE EL ALTO - LA PAZ",LA PAZ,EL ALTO,,74015051,6036881010
BALBOA,JUAN WILLY GUTIERREZ PACHAJAYA,"CALLE 7, TIENDA EXTERIOR, NO. 698, ENTRE CALLE KOLLASUYO Y CALLE E FRENTE A LA PLAZA EL SOL, ZONA TAHUANTINSUYO DE LA CIUDAD DE EL ALTO",LA PAZ,EL ALTO,,76533282,6156344014
BALUC,ANA MARIA VIRGINIA CASTRO CARVAJAL,"AV. 14 DE SEPTIEMBRE NO. 45, PLANTA BAJA, ZONA OVEJUYO DE LA CIUDAD DE LA PAZ",LA PAZ,LA PAZ,2700014,,2054893016
BANIDEZ,,"AV. GRAL. GERMAN BUSCH NO. 3184, ZONA ELIZARDO PEREZ DE LA CIUDAD DE EL ALTO",LA PAZ,EL ALTO,,65417121,2523319013
BARAKEL,ANDREA ISABEL RODRIGUEZ TITICHOCA,"AV. SANTA FE NO. 3284, ENTRE CALLES JANKOLAYME Y PHAXCHANI GRANDE, ZONA 25 DE JULIO DE LA CIUDAD DE EL ALTO",LA PAZ,EL ALTO,,69722998,4312524017
BARCOS FARMA,MARIO ALEJANDRO CHURA BARCO,"AVENIDA SIMÓN BOLÍVAR , NO. 6123 EENTRE AVENIDA PANAMERICANA  Y CALLE VENEZUELA , ZONA URBANIZACION BAUTISTA SAAVEDRA DE LA CIUDAD DE EL ALTO",LA PAZ,EL ALTO,,62361450,7074442014
BARCOS FARMA I,MARY ELBA QUISPE MACHACA,"AVENIDA PANAMERICANA, NO. 1670, ENTRE CALLE EE.UU., Y CALLE CUBA, ZONA URBANIZACION EL PROGRESO, DE LA CIUDAD DE EL ALTO",LA PAZ,EL ALTO,,62361450,7074442014
BARCOS FARMA II,MADELE MONCADA QUISPE,"AVENIDA ENTRE RIOS, NO. 3964, ENTRE AVENIDA PANAMERICANA Y CALLE 3, ZONA URBANIZACION BELLA VISTA DE LA CIUDAD DE EL ALTO",LA PAZ,EL ALTO,,62361450,7074442014
BARCOS FARMA III,JIMENA AGUILAR,"AVENIDA BUENOS AIRES, NRO. 7204, ENTRE CALLE DE PEREIRA Y CALLE INTEGRACION , ZONA URBANIZACION FRANZ TAMAYO DE LA CIUDAD DE EL ALTO.",LA PAZ,EL ALTO,,62361450,7074442014
BAUTISTA,SANDRA ANA BAUTISTA CASTILLO,"AV. CIVICA NO. 100, ENTRE CALLE 2, ZONA VILLA EXALTACION DE LA CIUDAD DE EL ALTO",LA PAZ,EL ALTO,,76525542,3332394011
BEATRIZ ROSA,,"CALLE FRANCISCO CARVAJAL, NO. 100, ENTRE CALLE 8 Y 9, ZONA VILLA DOLORES DE LA CIUDAD DE EL ALTO",LA PAZ,EL ALTO,,63107997,7065213013
BEKIS,DAVID OSCAR ALVAREZ MALDONADO,"CALLE NUÑEZ DEL PRADO , EDIFICIO HOSPITAL SAN GABRIEL NO 150, ENTRE CALLE PEDRO VILLAMIL Y FRAY BARTOLOME DE LAS CASAS, ZONA VILLA COPACABANA DE LA CIUDAD DE LA PAZ",LA PAZ,LA PAZ,,70113222,1016345027
BEKIS,DAVID OSCAR ALVAREZ MALDONADO,CALLE NUÑEZ DEL PRADO EDIFICIO HOSPITAL SAN GABRIEL N° 150 ENTRE CALLE PEDRO VILLAMIL Y FRAY BARTOLOME DE LAS CASAS ZONA VILLA COPACABANA DE LA CIUDAD DE LA PAZ,LA PAZ,LA PAZ,2238563,70113222,1016345027
BELLA VISTA,,"CALLE PROLONGACION 20 NO. 17, ZONA BELLA VISTA DE LA CIUDAD DE LA PAZ",LA PAZ,LA PAZ,2787058,72012897,5956444013
BENI S.R.L,JUAN MARISCAL ARO,"CALLE NICOLAS ACOSTA, NRO 571 , ENTRE BOQUERON Y HEROES DEL ACRE,ZONA SAN PEDRO DE LA CIUDAD DE LA PAZ",LA PAZ,LA PAZ,,,1676681017
BENJAMIN,DANIELA ENRIQUEZ ALEGADO,"AVENIDA 23 DE MARZO, NRO. 3095, ESQUINA AVENIDA COSTANERA, ZONA COMPLEMENTO YUNGUYO DE LA CIUDAD DE EL ALTO.",LA PAZ,EL ALTO,,74904799,10074658011
BETHEL,,"AVENIDA LADISLAO CABRERA NO 9404, CASI ESQUINA CALLE NOAVIRI ZONA CRUCE ADELA",LA PAZ,EL ALTO,,77741508,4984025010
BETLOZA,HELEN BETTY NINA LOZA,"AV. TIHUANACU NO. 210 ENTRE CALLE 132 Y CALLE 133, ZONA VILLA BOLIVAR D, DE LA CIUDAD DE EL ALTO",LA PAZ,EL ALTO,,60124958,6846242012
BEYSA,GERMAN TICONA MARTINEZ,"AV. COCHABAMBA NO. 1035, ENTRE CALLES SAN JUAN Y AV. BERNARDINO CONDORI, ZZONA 1RO DE MAYO DE LA CIUDAD DE EL ALTO",LA PAZ,EL ALTO,,61112398,6022636016
BIENESTAR,,"AVENIDA JUAN PABLO II, NO. 1195 ZONA JERUSALEN DE LA CIUDAD DE EL ALTO",LA PAZ,EL ALTO,,70661094,6815730016
BIO +,ANA LUISA MIRANDA PEREZ,"CALLE 3, NO. 50, ZONA ALTO LIMA TERCERA SECCION DE LA CIUDAD DE EL ALTO - LA PAZ",LA PAZ,EL ALTO,,71932996,3355408016
BIOCENTER,YENNY VIVIANA GOMEZ CHOQUE,"AV. CIVICA EDIF. SIN NOMBRE, PB, N° 1060 ENTRE CALLE 3 Y CALLE 4 , ZONA SANTA ROSA DE LA CIUDAD DE EL ALTO",LA PAZ,EL ALTO,,72595403 - 72550509,6015673011
BIOENERGIA,,"CALLE MAX PAREDES, NO. 847, ZONA EL ROSARIO DE LA CIUDAD DE LA PAZ",LA PAZ,LA PAZ,2458372,,3491050012
BIOERIKA,ERIKA ZENOBIA LIMA FLORES,"AVENIDA PANAMERICANA, EDIFICIO SIN NOMBRE, PISO PLANTA BAJA, OFICINA 3, ENTRE CALLE  BENI Y CALLE SANTA CRUZ, ZONA LOCALIDAD PATACAMAYA DE LA CIUDAD DE LA PAZ",LA PAZ,LA PAZ,,77718959 - 72070448,5676921016
BIOFARMA A&A,MIRTHA AURORA VEGA CUBA,"AV. COCHABAMBA NO. 4906, URBANIZACION LAS ROSAS, ESQUINA CALLE 2 DE LA CIUDAD EL ALTO",LA PAZ,EL ALTO,,60677850,6011092019
BIOFARMA A&A SUCURSAL 1,,"CALLE G. NO 535, ESQUINA AV. 4, FRENTE A LA CANCHA PACAJES CALUYO, ZONA VILLA CALUYO DE LA CIUDAD DE EL ALTO",LA PAZ,EL ALTO,,60677850,6011092019
BIOFARMATEST,CARMEN ROSA TARQUINO MAMANI,"CALLE CARRASCO, NO. 25, ENTRE AVENIDA ALFONSO UGARTE Y AVENIDA PANORAMICA, ZONA BALLIVIAN DE LA CIUDAD DE EL ALTO - LA PAZ",LA PAZ,EL ALTO,,79644639-77529949,6953456010
BIO+FAR MAYRIN,MARITZA CORI POMA,"CALLE RAFAEL PABON NO. 359, ENTRE AVENIDA ALFONZO UGARTE Y CALLE FOURNIER, URBANIZACION BALLIVIAN DE LA CIUDAD DE EL ALTO",LA PAZ,EL ALTO,,73730186,6972418015
BIO-FLORES,,AVENIDA SUCRE NO2414 ZONA HUAYNA POTOSI,LA PAZ,EL ALTO,,60559361,4805448017
BIOMEDICA SYT,SEFERINA YUJRA TORREZ,"AVENIDA PUCARANI, NO. 250, ZONA BALLIVIAN ENTRE CALLE ALFONSO UGARTE Y CALLE NISTAUS DE LA CIUDAD DE EL ALTO",LA PAZ,EL ALTO,,72048522,4742823016
BIO-MED SANTA ROSA,EDWIN CORI POMA,"CALLE RAFAEL PABO, NO. 359, ENTRE AVENIDA ALFONSO UGARTE Y CALLE FOURNIER, ZONA BALLIVIAN, EL ALTO",LA PAZ,EL ALTO,,78005040,6018270019
BIOS,MARIA ELENA MENDOZA REQUE,"CALLE LUIS LARA NO. 159, ENTRE CALLE RODRIGUEZ Y CALLE BOQUERON, ZONA BELEN DE LA CIUDAD DE LA PAZ",LA PAZ,LA PAZ,,73048959,2299716010
BIO SALUD TU BENDICIÓN,DANIELA AYALA ALCON,AV. LASDILAO CABRERA N° 9 ENTRE LA AV. OLEODUCTO  ZONA BOLIVAR MUNICIPALDE LA CIUDAD DE EL ALTO,LA PAZ,EL ALTO,,70197031,8288536018
BIOSUR,YULY FANNY SURCO ESPEJO,"AV. ALFONSO UGARTE, NO. 165, ENTRE AV. JUAN PABLO II Y CALLE VICTOR GUTIERREZ, ZONA U.V. 16 DE JULIO DE LA CIUDAD DE EL ALTO",LA PAZ,EL ALTO,2841414,75866623,4792368018
BLANBEL,BLANCA ANDREA BELZU GOMEZ,"CALLE JUAN CAPRILES, NO. 1111, A MEDIA CUADRA AV. ESTEBAN ARCE, ZONA VILLA SAN ANTONIO DE LA CIUDAD DE LA PAZ",LA PAZ,LA PAZ,,70526361,8461370015
BOLFARMA,MARIA EUGENIA APAZA VENTURA,"AVENIDA COCHABAMBA N° 1145, ESQUINA CALLE 14 DE SEPTIEMBRE ( CASA DE 3 PISOS, FACHADA CEMENTO, GARAGE VERDE, PB - ESTERIOR) ALTURA AVENIDA LITORAL A 4 CUADRAS BAJANDO, ZONA ILLAMPU DE LA CIUDAD DE EL ALTO",LA PAZ,EL ALTO,,77238091,7079188011
BOLIVAR,CLAUDIA PAMELA SALAZAR RIVERA,"CALLE BALLIVIAN, NO. 1211, ZONA CENTRAL, ENTRE CALLE BOLIVAR Y CALLE COLON, DE LA CIUDAD DE LA PAZ",LA PAZ,LA PAZ,,60510745,6950740017
BOLOGNIA,ANGELA IVONN GODINEZ ORTIZ,"CALLE ""Y"" NO. 16  SECTOR GUARDIA, ZONA PAMPAHASI DE LA CIUDAD DE LA PAZ",LA PAZ,LA PAZ,2258712,,141444017
BONSAI,SILVIA DANIELA MERCADO BARRIONUEVO,"ZONA OBRAJES ALTO, AVENIDA DEL MAESTRO, NRO500",LA PAZ,LA PAZ,,68192099-61188852,687932031
BOTICA LUZ,IVAN ANGEL VILLARROEL SILVA,"CALLE BOSTON, NO. 127, LOCALIDAD GUANAY, ZONA 2, MUNICIPIO DE GUANAY, PROVINCIA LARECAJA DEL DEPARTAMENTO DE LA PAZ",LA PAZ,GUANAY,,73209446,5949363019
BRANKO,CARLA FERNANDA TANTANI TARQUI,"AVENIDA COSTANERA NO 14 ENTRE CALLE 1 Y AVENIDA BOLIVIA , ZONA URBANIZACION ILLIMANI MUNICIPIO DE LA CIUDAD DE EL ALTO",LA PAZ,EL ALTO,,71598617,9225085017
BRASIL,GABY PAMELA HUANCA COPA,"CALLE RODRIGUEZ NO. 435, ZONA BELEN DE LA CIUDAD DE LA PAZ",LA PAZ,LA PAZ,,79151053,6761923013
BRAYOSKA,KATHERIN ANTONIETA CARRILLO VELASCO,"CALLE INDEPENDENCIA NRO 142, EDIFICIO PLANTA BAJA, OFICINA 1, ENTRE AVENIDA PERU Y CALLE OQUENDO A MEDIOA CUADRA DE LA TERMINAL DE BUSES, ZONA CHALLAPAMPA DE LA CIUDAD DE LA PAZ",LA PAZ,LA PAZ,,79681527,8308755019
BRELES,ROXANA LUZ MIRANDA GARCIA,"CALLE 2 NO. 684, ZONA VILLA BOLIVAR ""A"" DE LA CIUDAD DE EL ALTO",LA PAZ,EL ALTO,,,2760039015
BRIANHA,,"AVENIDA ALFONSO UGARTE NO. 25, ZONA BALLIVIAN DE LA CIUDAD DE EL ALTO",LA PAZ,LA PAZ,2380016,72582657,3461198012
BRIANNA,HORTENCIA MARCA MAMANI,"AV. TIAHUANACO NO. 33, EDIFICIO SIN NOMBRE P.B. , ENTRE CALLES 7 Y 8, ZONA 12 DE OCTUBRE DE LA CIUDAD DE EL ALTO",LA PAZ,EL ALTO,,71965955,4941997011
BUENA SALUD,NELLY BAREA SALAZAR,"AVENIDA BOLIVIA NO. 374, ZONA PACAJES CALUYO DE LA CIUDAD DE EL ALTO",LA PAZ,EL ALTO,,73716868,1112992010
BUSCH,GUADALUPE TEOFILA MENDOZA POMA,"AVENIDA BUSCH NO. 900, ESQUINA CALLE HONDURA, EDIFICIO ESMERALDA, LOCAL 102, ZONA MIRAFLORES DE LA CIUDAD DE LA PAZ",LA PAZ,LA PAZ,,76292295,6888255018
CADENA,UBALDO RIVEROS PAJARITO,"AV. ISMAEL MONTES N° 665, ENTRE PISAGUA  Y AVENIDA URUGUAY, CARRIL DE SUBIDA A LA CEJA, ZONA CHALLAPAMPA DE LA CIUDAD DE LA PAZ",LA PAZ,LA PAZ,,68116463,9942900015
CAJA DE SALUD CORDES POLICONSULTORIO EL ALTO,MARTHA MARIA MAMANI CONDORI,"AV. DEL ARQUITECTO NO. 140, ESQ. CALLE 6, ZONA FERROVIARIA DE LA CIUDAD DE EL ALTO",LA PAZ,EL ALTO,2847484-2976900,,1017475028
CAJA DE SALUD DE CAMINOS Y RA REGIONAL LA PAZ POLICONSULTORIO CENTRAL,RAMIRO LUIS CASAS QUISPE,"CALLE ROSENDO GUTIERREZ ENTRE CALLE 6 DE AGOSTO Y 20 DE OCTUBRE NO. 386, ZONA SOPOCACHI DE LA CIUDAD DE LA PAZ",LA PAZ,LA PAZ,2444538-2440465,,123117028
CAJA PETROLERA DE SALUD DEPARTAMENTAL LA PAZ - FARMACIA 20 DE OCTUBRE,EVA COPA ESCALANTE,"AV. 20 DE OCTUBRE NO. 2270, ESQ. CALLE ROSENDO GUTIERREZ, P.B. ZONA SOPOCACHI DE LA CIUDAD DE LA PAZ",LA PAZ,LA PAZ,2423600 - 2423601,,1016867023
CAJA PETROLERA DE SALUD DEPARTAMENTAL LA PAZ - FARMACIA POLICONSULTORIO CENTRAL ARCE,ROSS MARY PATTY TITO,"AV. ARCE NO. 2525, EDIF. CAJA PETROLERA DE SALUD, P.B. (INTERIOR) ZONA SAN JORGE DE LA CIUDAD DE LA PAZ",LA PAZ,LA PAZ,2431743-2432807,,1016867023
CAJA PETROLERA DE SALUD DEPARTAMENTAL LA PAZ - FARMACIA POLICONSULTORIO EL ALTO,FANNY ESTHER MORALES FLORES,"CALLE 5 NO. 12 (AV. UNION), PISO 1, ZONA VILLA BOLIVAR, A MEDIA CUADRA DE LA AV. 6 DE MARZO DE LA CIUDAD DE EL ALTO - LA PAZ",LA PAZ,EL ALTO,2823804,,1016867023
CALEB,VERONICA MAMANI ALVAREZ,"AVENIDA JORGE CARRASCO, ENTRE CALLE 3 Y 4, NO. 67, ZONA 12 DE OCTUBRE DE LA CIUDAD DE EL ALTO",LA PAZ,EL ALTO,,70539567,3410108013
CALIZ DE VIDA,MARTHA PATZI LUNA,"CALLE VILLAMIL DE RADA Y CALLE SAN ISIDRO ZEGARRA NO. 938, TIENDA 1, ZONA GRAN PODER DE LA CIUDAD DE LA PAZ",LA PAZ,LA PAZ,,76210921,2634258016
CALLAPA,,"AV. LA PAZ NO. 54, CASI ESQUINA CALLE SANTA CRUZ PISO. PB, ZONA CALLAPA DE LA CIUDAD DE LA PAZ",LA PAZ,LA PAZ,,67344731,4743361017
CALMA CORP FARMACIAS S.R.L.,GABRIELA IBETH MAMANI QUISPE,"AVENIDA DEL POLICIA, NRO.  334, ENTRE CALLE HERMANO MORALES Y CALLE FELIPE BESTRES, ZONA CIUDAD SATELITE DELA CIUDAD DE EL ALTO.",LA PAZ,EL ALTO,,62369312,633067022
CAMACHO,MARLENE MAMANI COCA,"AV. PERIFERICA A MEDIA CUADRA DE LA CALLE SEGUNDO CRUCERO, NO. 62, ZONA VILLA DE LA CRUZ DE LA CIUDAD DE LA PAZ",LA PAZ,LA PAZ,,75830330,4007423013
CAMARO,ROSSE MARY ALVARADO LAURA,"CALLE TELLEZ ROSS NO. 77, A MEDIA CUADRA DE LA AV. LADISLAO CABRERA, ZONA VILLA BOLIVAR B DE LA CIUDAD DE EL ALTO",LA PAZ,EL ALTO,,68003934,2446108014
CAMICELI I,LIZHET NEYDA ALANOCA MARINE,"CALLE 2, N° 908, ENTRE LA AVENIDA ANTOFAGASTA Y CALLE COSTANTINO DE MEDINA, ZONA VILLA DOLORES DE LA CIUDAD DE EL ALTO",LA PAZ,EL ALTO,,79680201,4817539017
CANADA,JUAN JOSE SANCHEZ HERRERA,"CALLE MAX PAREDES, NO. 487 ENTRE AVENIDA BUENOS AIRES Y PLAZA GARITA DE LIMA, ZONA 14 DE SEPTIEMBRE DE LA CIUDAD DE LA PAZ",LA PAZ,LA PAZ,,77250156,2607372015
CANDY VIDA,,"AV. TAMAYO ESQ. CALLE MALDONADO, NO. 2034, POR LA CARRETERA A LAJA DE LA CIUDAD DE EL ALTO",LA PAZ,EL ALTO,,67033693,9904439015
CAPELLA,KAREN CYNTHIA HERRERA LIMA,"AV. CIVICA, CASI ESQUINA CALLE 4, NO. 29, ZONA SANTA ROSA DE LA CIUDAD DE EL ALTO",LA PAZ,EL ALTO,,70169942,3409364018
CAPITALINA,MARIA ANTONIETA CONDO PACHECO,"AV. INTEGRACION NO. 5, UNA CUADRA DE LA AV. 6 DE MARZO, ZONA URBANIZACION VILLA VICTORIA, DE LA CIUDAD DE EL ALTO",LA PAZ,EL ALTO,,68000156,4086441014
CAPITOL CENTRAL,ANGELA MARIVEL COARITA APAZA,"CALLE EVARISTO VALLE, NO. 153, ZONA SAN SEBASTIAN DE LA CIUDAD DE LA PAZ",LA PAZ,LA PAZ,,77543213,4059024011
CAPITOL SUCURSAL I,CARLA ALEJANDRA AGUILAR LLUSCO,AV. AMERICA ESQ. MURILLO NRO. 413 ZONA ROSARIO,LA PAZ,LA PAZ,,77579494,4822093018
CAPSULITA,,"CALLE 5, NO. 95 ZONA VILLA DOLORES DE LA CIUDAD DE EL ALTO",LA PAZ,EL ALTO,,64164602,8358687015
CARANAVI I,YRMA MOLLO CABEZAS,"AV. RAUL SALMON NO. 15, GALERIA CORTEZ, ZONA 12 DE OCTUBRE DE LA CIUDAD DE EL ALTO",LA PAZ,EL ALTO,,68134457-76717576,4962150015
CARMELA,,"CALLE 8 NO. 900, ENTRE CALLE SEMPERTEGUI Y CALLE F. ROMERO, ZONA VILLA DOLORES DE LA CIUDAD DE EL ALTO",LA PAZ,EL ALTO,,71505776,3413325016
CARMELITA,PEDRO JAVIER CRESPO VASQUEZ,"AV. BALLIVIAN NO. 720 ENTRE CALLES 13 Y 14 EDIF. ATLANTA PISO PB. LOCAL 1, ZONA CALACOTO DE LA CIUDAD DE LA PAZ",LA PAZ,LA PAZ,2791384,70150364,120361029
CARMINIA,MARTHA CASAS RIVEROS,"CALLE AYATA NRO. 1189, EDIFICIO CASA 1, PISO PLANTA BAJA, EXTERIOR ENTRE AVENIDA ABAROA Y ENTRE RIOS DE LA ZONA CHAMOCO CHICO DE LA CIUDAD DE LA PAZ",LA PAZ,LA PAZ,,75810951,3455745012
CARMIT,,"AV. 16 DE JULIO NO. 23, ZONA LOS ANDES DE LA CIUDAD DE EL ALTO",LA PAZ,EL ALTO,,71939677,2665934014
CASA DE SALUD,DANIEL ALEJANDRO RODRIGUEZ PADILLA,"CALLE CONSTANTINO D. MEDINA NO. 2241, ENTRE CALLES 7 Y 8, ZONA VILLA DOLORES DE LA CIUDAD DE EL ALTO",LA PAZ,EL ALTO,,,4551752019
CASTELLS,YOLANDA JOVANNA CEREZO SOSSA,"AV. SATELITE NO. 864, ZONA CIUDAD SATELITE PLAN 405, DE LA CIUDAD DE EL ALTO",LA PAZ,EL ALTO,,,4376191012
CATEDRAL DEL SUR,RICARDO CARLOS CARDOZO CENTELLAS,"CALLE 10 TOLA MARCA NO. 1155, ENTRE PASAJE PAILALA Y AV. CAQUINGORA, ZONA COSMOS 79 DE LA CIUDAD DE EL ALTO",LA PAZ,EL ALTO,,76760026,4502264018
CATEDRAL SUCURSAL 1,YOSELIN JUDITH AUZA PAREDES,"AVENIDA BALLIVIAN, ESQUINA CALLE 20, NO. 1348 EDIFICIO MONTECARLO LOCAL 1, ZONA SAN MIGUEL DE LA CIUDAD DE LA PAZ",LA PAZ,LA PAZ,2773838,70525881,1393005016
CATEDRAL SUCURSAL 10,ZELMA BETHZABE LOZA CARI,"AVENIDA 6 DE AGOSTO, NO. 556, ENTRE CALLE ASPIAZU Y CALLE JJ. PEREZ ZONA SOPOCACHI DE LA CIUDAD DE LA PAZ",LA PAZ,LA PAZ,,70525881,1393005016
CATEDRAL SUCURSAL 13,,"CALLE 23, EDIFICIO TORRE 23, N| 7707 LOCAL 1 ESQ. AV. FUERZA NAVAL ZONA CALACOTO DE LA CIUDAD DE LA PAZ",LA PAZ,LA PAZ,,,1393005016
CATEDRAL SUCURSAL 7,REYNA JEMIMA POMA CALLEJAS,"CALLE BELISARIO SALINAS NO. 350, EDIFICIO BELISARIO SALINAS , ZONA SOPOCACHI DE LA CIUDAD DE LA PAZ",LA PAZ,LA PAZ,2773838,70525881,1393005016
CATEDRAL SUCURSAL 8,ANA KARINA FERNANDEZ,"AVENIDA COSTANERA, ESQUINA CALLE 16, NO. 30, ZONA ACHUMANI DE LA CIUDAD DE LA PAZ",LA PAZ,LA PAZ,2773838,70525881,1393005016
CATEDRAL SUCURSAL 9,SONIA MARKA CASTRO,"CALLE 9, ESQUINA AVENIDA SANCHEZ BUSTAMANTE NO. 7979, ZONA CALACOTO, DE LA CIUDAD DE LA PAZ",LA PAZ,LA PAZ,,70525881-78850333,1393005016
CATEDRAL SUCURSAL II,HALYSON OLIVIA SANTOS MENGOA,AVENIDA GARCIA LANZA N° 250 ZONA ACHUMANI DE LA CIUDAD DE LA PAZ,LA PAZ,LA PAZ,2711107,70525881,1393005016
"""CBA"" DE LA SALUD",JUAN PABLO APAZA PACO,"AV. LADISLAO CABRERA NO. 2774, ZONA 6 DE JUNIO DE LA CIUDAD DE EL ALTO",LA PAZ,EL ALTO,,70613738,6004712015
CECI,,"CALLE ZOILO FLORES NO. 1216, ZONA SAN PEDRO DE LA CIUDAD DE LA PAZ",LA PAZ,LA PAZ,2461216,,8441627019
CECI,KARLA MIREYA CANEDO BLANCO,"AV. BUENOS AIRES NO. 681 LOCAL 1 ENTRE MAX PAREDES Y TUMUSLA, ZONA 14 DE SEPTIEMBRE DE LA CIUDAD DE LA PAZ",LA PAZ,LA PAZ,,79018084,8441627019
CELESTE,SOLEDAD HUANCA ESCOBAR,"CALLE 35, NO. 99, ESQUINA MUÑOZ REYES (A 3 CUADRAS DEL HIPERMAXI DE COTA COTA), ZONA COTA COTA DE LA CIUDAD DE LA PAZ",LA PAZ,LA PAZ,,67627177,6814760018
CEMES S.R.L.,CINTYA ROSARIO ESPINOZA SOSSA,"AVENIDA 6 DE AGOSTO NO. 2881, ZONA SAN JORGE DE LA CIUDAD DE LA PAZ",LA PAZ,LA PAZ,2430350,68176393,1007137026
CENQUI,MIRIAM ZELMA CENTELLAS QUIROZ,"AVENIDA LUIS ESPINAL, NO. 2045, ZONA BRASIL DE LA CIUDAD DE EL ALTO",LA PAZ,EL ALTO,,77741004,6043968012
CENSURK S.R.L.,ANGEL YAMPA MALDONADO,"ZONA URKUPIÑA II, CALLE D, ESQUINA 22, NO. 1440 PB INTERIOR DEL MUNICIPIO DE VIACHA DEL DEPARTAMENTO DE LA PAZ",LA PAZ,,2883015,73093159,401971022
CENTER PHARMA,MERY GREIZ CANQUI VIZA,"AV.  EDGAR IBARRA GROSSO N 795, ENTRE AV. KOLLASUYO Y CALLE HUANCARANI, ZONA TAHUANTINSUYO, DE LA CIUDAD DE EL ALTO",LA PAZ,EL ALTO,,69907666,4746684013
CENTINELA FIEL +,ANA LUISA VARGAS HUANCA,"CALLE 17 B NO. 663, PLAN 405, ENTRE AV SATELITE Y CALLE 18 B, ZONA CIUDAD SATELITE DE LA CIUDAD DE EL ALTO",LA PAZ,EL ALTO,,73588672,13788815010
CENTRO DE EDUCACION E INFORMACION PARA LA SALUD CEIS S.R.L.,,"AVENIDA ACHOCALLA NO. 29 A ENTRE AV. 6 DE MARZO Y AV. ARICA, ZONA SANTA ROSA DE LA CIUDAD DE EL ALTO",LA PAZ,EL ALTO,,72526328-72525241,233724025
CENTRO DE MEDICINA NUCLEAR Y RADIOTERAPIA EL ALTO,,"AVENIDA ARICA EDIF. CENTRO NUCLEAR EL ALTO PISO PB NO. 100, ESQ. AVENIDA PUNATA, ZONA PARCOPATA DE LA CIUDAD DE EL ALTO.",LA PAZ,EL ALTO,,75266650,314744023
CENTRO DE MEDICINA NUCLEAR Y RADIOTERAPIA LA PAZ,OSCAR POMA MONRROY,"CALLE ENRIQUE HERTZOG, EDIFICIO CENTRO DE MEDICINA NUCLEAR LA PAZ, PISO: PLANTA BAJA, DEPARTAMENTO/LOCAL/OFICINA: P, S/N, AV. J. MENDEZ  ENTRE CALLES 14 Y 16, ZONA ACHUMANI DE LA CIUDAD DE LA PAZ",LA PAZ,LA PAZ,,70678400,314744023
CENTRO MEDICO NIEVES,PAOLA ANDREA NIEVES PORTAL,"AVENIDA ACONCUAGA, NRO 8334, ENTRE CALLE HUANDOY Y CALLE SIN NOMBRE, ZONA SENKATA 79 EX TRANCA DE LA CIUDAD DE EL ALTO",LA PAZ,EL ALTO,,69827372-67053340,7157016013
CEREZO,MAGALY LIZET CEREZO CHOQUE,"AVENIDA ADRIAN CASTILLO NO. 52, ZONA ALTO LIMA DE EL ALTO",LA PAZ,EL ALTO,,65625182,10937555012
CHACON S.R.L.,,"AV. JAIMES FREYRE, CALLE MENDEZ ARCOS NO. 991, EDIF. CORINTO, PISO P.B., LOCAL 3, ZONA SOPOCACHI DE LA CIUDAD DE LA PAZ",LA PAZ,LA PAZ,,---,344138024
CHAVES S.A. SUCURSAL GERARDO SANJINES,MABY MARIA ZAPANA OSCO,"CALLE COMERCIO NO. 508, ESQUINA CALLE GENARO SANJINEZ, ZONA CENTRAL DE LA CIUDAD DE LA PAZ",LA PAZ,LA PAZ,2413051,,1022039027
CIELITO LINDO,,"AVENIDA GERMAN BUSCH, NO. 2055, URBANIZACION SANTISIMA TRINIDAD, ESQUINA CALLE AROMA, CARRETERA ORURO DE LA CIUDAD DE EL ALTO",LA PAZ,EL ALTO,,73546160,6760336012
CIELO AZUL,LOURDES FRANCISCA MACIAS VILLALOBOS,"AVENIDA BUENOS AIRES Y ANTONIO GALLARDO NO. 977, ZONA GRAN PODER DE LA CIUDAD DE LA PAZ",LA PAZ,LA PAZ,,79151787,4313688018
CIELOFAR,,"AVENIDA 12 SACABA NO. 2450, ZONA VILLA TUNARI ENTRE CALLE 11 SANTA LUCIA Y CALLE 9 TUNARI (MIZQUE) DE LA CIUDAD DE EL ALTO",LA PAZ,EL ALTO,,68161498,6995431012
CIES LA PAZ,LIGIA ROSARIO LUCANA YUGAR,"CALLE COLOMBIA NO. 539, ZONA SAN PEDRO DE LA CIUDAD DE LA PAZ",LA PAZ,LA PAZ,2771206,76768144- 69933121,1006987025
CIES SUCURSAL N°1 ESPECIALIDADES,NELIDA RODRIGUEZ YUJRA,"CALLE BOQUERON , NO. 1444, ZONA SAN PEDRO DE LA CIUDAD DE LA PAZ",LA PAZ,LA PAZ,2492279,116-76768144 - 69933121,1006987025
CIMFA CENTRAL C.N.S,NORMA NOEMI SILVA CAMPOS,"CALLE JUNIN, ESQUINA CALLE INGAVI, N° 1098, PLAZA MURILLO ,ZONA CENTRAL, DE LA CIUDAD DE LA PAZ",LA PAZ,LA PAZ,2406268,77247330-78850828,120125027
CIMFA MANCO KAPA- CAJA NACIONAL DE SALUD,ROXANA EDITH CUELLAR VELASQUEZ,AVENIDA MANCO KAPAC Nº 458 ENTRE CALLE PUCARANI Y NUDO VITA DE LA ZONA ROSARIO DE LA CIUDAD DE LA PAZ,LA PAZ,LA PAZ,2455772,60127021,120125027
CIMFA VILLA ADELA CAJA NACIONAL DE SALUD,MARIA ARMINDA LARUTA ONOFRE,AVENIDA JUNIN Y CALLE BRASILIA S/N ZONA VILLA ADELA DE LA CIUDAD DE EL ALTO,LA PAZ,EL ALTO,2830506,63081519,120125027
CIMFA VILLA FATIMA CNS,ROSALIA VILLARROEL MUR,"AVENIDA ARGENTINA ESQUINA VILLALOBOS NO. 2001, ZONA VILLA FATIMA DE LA CIUDAD DE LA PAZ",LA PAZ,LA PAZ,,74915953,120125027
CIUDAD SATELITE - SUCURSAL 1,EDDYTH ALVAREZ APALA,"CALLE BALLIVIAN, PLAN 405, ESQ. AVENIDA DEL POLICIA NO. 505 ZONA CIUDAD SATELITE MUNICIPIO EL ALTO",LA PAZ,EL ALTO,,,3351623014
CIUDAD SATELITE - SUCURSAL 1,EDDYTH ALVAREZ APALA,AVENIDA SATÉLITE N°505 PLENA ESQUINA AVENIDA BALLIVIAN ZONA CIUDAD SATÉLITE PLAN 405 DE LA CIUDAD DE EL ALTO,LA PAZ,EL ALTO,,62540000,2079603014
CIUDAD SATELITE - SUCURSAL 2,,"AVENIDA COCHABAMBA, NO.1, ESQUINA CALLE F FRENTE A LA PLAZA 24 DE JUNIO, ZONA PRIMERO DE MAYO DE LA CIUDAD DE EL ALTO",LA PAZ,EL ALTO,,62540000,2079603014
CIUDAD SATELITE - SUCURSAL 3,MARIA PATRICIA ALCONINI MACHICADO,AV. 6 DE MARZO NO. 300 ZONA 12 DE OCTUBRE DE LA CIUDAD DE EL ALTO,LA PAZ,EL ALTO,2814635,73245504,4312169017
C&K,EVA CIELO CEREZO GOMEZ,"AV. LADISLAO CABRERA, N°1024, DIAGONAL AL COLEGIO FE Y ALEGRIA NUEVO AMANECER, ZONA SAN MARTIN DE LA CIUDAD DE EL ALTO",LA PAZ,EL ALTO,,69795403,4992069018
CLARET,JHOSSELINNE PAMELA GUARISTE IBAÑEZ,"AV. BUENOS AIRES NO. 1247, ENTRE CALLES ALCOREZA Y CUATRO DE MAYO, ZONA ALTO SAN PEDRO DE LA CIUDAD DE LA PAZ",LA PAZ,LA PAZ,,60550603,6985953019
CLAUDIA,CLAUDIA LIZETH ARTEAGA DAZA,"CALLE VICTOR EDUARDO NO. 2250, EDIFICIO TECNOLOGICO PLANTA BAJA LOCAL NO. 3, ZONA MIRAFLORES DE LA CIUDAD DE LA PAZ",LA PAZ,LA PAZ,,,1938832017
CL. FARMA,,"AVENIDA VICTOR AGUSTIN UGARTE NO. 600, ZONA TEMBLADERANI DE LA CIUDAD DE LA PAZ",LA PAZ,LA PAZ,,62545673,3505080018
CLINICA CAJA DE SALUD CORDES,AMALIA ARUQUIPA QUISPE,"CALLE CLAUDIA ALIAGA NO. 1271, ZONA CALACOTO SAN MIGUEL DE LA CIUDAD DE LA PAZ",LA PAZ,LA PAZ,2441904,78830830,1017475028
CLINICA FERTICLINICS HUAYCHO,PATRICIA AJATA COLQUE,"AV. LIBERTADOR, NO. 21, A UNA CUADRA DEL PASAJE ROSASANI, FRENTE AL TELEFERICO AMARILLO, VERDE Y AZUL, ZONA ROSASANI DE LA CIUDAD DE LA PAZ",LA PAZ,LA PAZ,2780321,63099852,681692029
CLINICA MEDICA SUR - TOMOCENTRO S.R.L.,GRABIELA ILARIA MARTINEZ MEDRANO,"AVENIDA UNION #234, PB, ESQUINA CALLE EVADIDOS DEL PARAGUAY, ZONA VILLA BOLIVAR A DE LA CIUDAD DEL ALTO",LA PAZ,EL ALTO,2822898,72005254,351217028
CLINICA SANTA LAURA,KAREN LOURDES VILLACORTA AGUILAR,"CALLE PARAGUAY NO. 1364, ENTRE AVENIDA BRASIL Y CALLE CUBA, ZONA MIRAFLORES DE LA CIUDAD DE LA PAZ",LA PAZ,LA PAZ,,72043243-72020939,308056026
CLINICA SANTA TERESA,CINTHIA XIMENA MOSCOSO NUÑEZ,"CALLE PARAGUAY, PASAJE 1, NO 7, ZONA MIRAFLORES DE LA CIUDAD DE LA PAZ",LA PAZ,LA PAZ,2245804,76750421,2023239015
COMPLEJO,MARIO ZEGARRA MITA,"AV. SUCRE ""B"" NO. 396, ZONA VILLA ESPERANZA DE LA CIUDAD DE EL ALTO",LA PAZ,EL ALTO,2840708,71971172-79655195,2250299016
CONFARM,MARLENE LAURA CONDORI,AVENIDA DR. MICHEL Nº 73020 AÑ FRENTE DE LA UNIVERSIDAD LOYOLA A MEDIA CUADRA DE LA CALLE 6 DE LA ZONA SEGUENCOMA BAJO DE LA CIUDAD DE LA PAZ,LA PAZ,LA PAZ,,71509036-67302495,8350344013
CONSALUD,YESSENIA SALVADOR QUISPE,"CALLE RAUL SALMON, NO. 28, ZONA 12 DE OCTUBRE DE LA CIUDAD DE EL ALTO",LA PAZ,EL ALTO,2463426,73092733,9126478017
CONSTELACION,XIMENA LOPEZ TAPIA,"AVENIDA INCAHUASI NO. 3255, ESQUINA CALLE CUMBAL, ZONA SENKATA 79 DE LA CIUDAD DE EL ALTO",LA PAZ,EL ALTO,,76574737,6853074010
CONSTELACION-CO,EMMA CAMACHO MERMA,"AVENIDA INGENIO NO. 803, ENTRE CALLE CAQUIAVIRI Y CALLE ALCOCHE, ZONA HUAYNA POTOSI DE LA CIUDAD DE EL ALTO",LA PAZ,EL ALTO,,78911305,6927127016
COORPORACION BOLIVIANA DE FARMACIAS S.A. FARMACIAS BOLIVIA-SUCURSAL 135 (STADIUM),BEATRIZ AYDEE PEREZ FLORES,"CALLE CLAUDIO PINILLA EDIF. MARIA INES, PISO PB., LOCAL 2, NO. 565, ZONA MIRAFLORES DE LA CIUDAD DE LA PAZ",LA PAZ,LA PAZ,2413051,,1022039027
COPACABANA,MARIA ANTONIETA RUIZ MERINO,"CALLE JOSE VENANCIO SARAVIA NO. 1662, P.B., ZONA SAN PEDRO DE LA CIUDAD DE LA PAZ",LA PAZ,LA PAZ,2915011,,3483980010
CORAZON OBRERO,MAGDALENA ATORIA SANCHEZ,"CALLE 13 NO. 1499, ZONA SANTIAGO II DE LA CIUDAD DE EL ALTO",LA PAZ,EL ALTO,,73203624,4068961010
CORIFARMA,ALEJANDRA ARUQUIPA GUTIERREZ,"AVENIDA ILDELFONSO DE LAS MUÑECAS NO.319, CALLE AMERICA, ZONA SAN SEBASTIAN DE LA CIUDAD DE LA PAZ",LA PAZ,LA PAZ,,73271066,9102074017
CORIFARMA SUCURSAL 1,NADIA KAREN HUMEREZ LIA,"CALLE FIGUEROA N° 773, EDIFISIO CASA DE PISOS, PB, EXTERIOR, TIENDA 4 ESQUINA PASAJE TIQUINA, ZONA SAN SEBASTIAN  DE LA CIUDAD DE LA PAZ",LA PAZ,LA PAZ,,73271066,9102074017
CORPKAM,NANCY DORA KAMA COPA,"AV. JUAN PABLO II, NO. 48, ZONA VILLA TUNARI DE LA CIUDAD DE EL ALTO",LA PAZ,EL ALTO,,67191493,6044115013
CORPORACION BOLIVIANA DE FARMACIAS S.A.,,"CALLE COMERCIO NO 66 EDIFICIO GALERIA COMERIO OFICINA D-302B, ZONA CENTRAL",LA PAZ,LA PAZ,2413051,,0
CORPORACION BOLIVIANA DE FARMACIAS S.A. (COBOFAR S.A.) FARMACIAS BOLIVIA SUC. 72,,"CALLE COMERCIO NO. 66 EDIFICIO GALERIA COMERCIO, OFICINA D-302B, ZONA CENTRAL DEL MUNICIPIO DE NUESTRA SEÑORA DE LA PAZ",LA PAZ,LA PAZ,2413051,,1022039027
CORPORACION BOLIVIANA DE FARMACIAS  S.A. FARAMCIAS BOLIVIA SUCURSAL 106 (LINEA BLANCA),,"PLAZA VILLARROEL S/N TELEFERICO LINEA BLNACA, ZONA MIRAFLORES",LA PAZ,LA PAZ,,,1022039017
CORPORACION BOLIVIANA DE FARMACIAS S.A. FARMACIAS BOLIVIA-SUCURSAL 02 (MARISCAL),,"AV. MARISCAL SANTA CRUZ, NO. 1324, ZONA CENTRAL DE LA CIUDAD DE LA PAZ",LA PAZ,LA PAZ,2413051,,1022039027
CORPORACION BOLIVIANA DE FARMACIAS S.A. FARMACIAS BOLIVIA-SUCURSAL 05 (LANDAETA),,"CALLE LANDAETA NO. 221, ESQUINA EDIFICIO FRANZ TAMAYO ZONA SOPOCACHI DE LA CIUDAD DE LA PAZ",LA PAZ,LA PAZ,2413051,,1022039027
CORPORACION BOLIVIANA DE FARMACIAS S.A. FARMACIAS BOLIVIA-SUCURSAL 07 (PRADO),,"AV. 16 DE JULIO, TD. 02, NO. 1473, ZONA CENTRAL DE LA CIUDAD DE LA PAZ",LA PAZ,LA PAZ,2413051,,1022039027
CORPORACION BOLIVIANA DE FARMACIAS S.A. FARMACIAS BOLIVIA-SUCURSAL 101 (ARCE),ABIGAIL VALERIA FERNANDEZ GUZMAN,"PLAZA ISABEL LA CATOLICA NO. S/N, ESQUINA AVENIDA ARCE, EDIFICIO FERNANDO V. PISO P.B. DPTO.L-4, ZONA SOPOCACHI DE LA CIUDAD DE LA PAZ",LA PAZ,LA PAZ,2413051,,1022039027
CORPORACION BOLIVIANA DE FARMACIAS S.A. FARMACIAS BOLIVIA-SUCURSAL 102 (MURILLO),JANNETH CARMEN LOZA MIRANDA,"CALLE COLOMBIA, NO. 206-222, ZONA CENTRAL DE LA CIUDAD DE LA PAZ",LA PAZ,LA PAZ,2413051,,1022039027
CORPORACION BOLIVIANA DE FARMACIAS S.A. FARMACIAS BOLIVIA-SUCURSAL 105 (LINEA NARANJA),THALIA ALEXANDRA RODRIGUEZ AJATA,"AV. ARMENTIA NO. S/N, ZONA NORTE DE LA CIUDAD DE LA PAZ",LA PAZ,LA PAZ,2413051,,1022039027
CORPORACION BOLIVIANA DE FARMACIAS S.A. FARMACIAS BOLIVIA-SUCURSAL 108 (CEMENTERIO),,"AVENIDA MARIANO BAPTISTA, NO 1162, CALLE CAYAMPAYA, ALTURA IGLESIA MORMON, ZONA CEMENTERIO DE LA CIUDAD DE LA PAZ",LA PAZ,LA PAZ,,,1022039027
CORPORACION BOLIVIANA DE FARMACIAS S.A. FARMACIAS BOLIVIA-SUCURSAL 109 (MONTEVIDEO),,"AV. ARCE NO. 2116, EDIFICIO SANTA TERESA, P.B. ZONA SAN JORGE DE LA CIUDAD DE LA PAZ",LA PAZ,LA PAZ,2413051,,1022039027
CORPORACION BOLIVIANA DE FARMACIAS S.A. FARMACIAS BOLIVIA-SUCURSAL 116 (FARO),,"AVENIDA PANORAMICA S/N, PLAZA PALENQUE M2 (PARADA TELEFERICO LINEA MORADA FARO MURILLO), ZONA FARO MURILLO DE LA CIUDAD DE LA PAZ",LA PAZ,LA PAZ,2413051,,1022039027
CORPORACION BOLIVIANA DE FARMACIAS S.A. FARMACIAS BOLIVIA-SUCURSAL 123 (RIO),XIMENA ARUQUIPA COLQUEHUANCA,"AVENIDA JUAN PABLO II NO. 10, ZONA RIO SECO DE LA CIUDAD DE EL ALTO",LA PAZ,EL ALTO,2413051,,1022039027
CORPORACION BOLIVIANA DE FARMACIAS S.A. FARMACIAS BOLIVIA-SUCURSAL 127 (EGUINO),ZARINA HUAYTA CONDORI,"CALLE TUMUSLA NO. 481, PISO P.B., ZONA EL ROSARIO DE LA CIUDAD DE LA PAZ",LA PAZ,LA PAZ,2413051,,1022039027
CORPORACION BOLIVIANA DE FARMACIAS S.A. FARMACIAS BOLIVIA-SUCURSAL 134 (BUSCH 2),,"AVENIDA BUSCH, ESQ. CALLE PASOSKANKI NO. 1599 P.B., ZONA MIRAFLORES DE LA CIUDAD DE LA PAZ",LA PAZ,LA PAZ,2413051,,1022039027
CORPORACION BOLIVIANA DE FARMACIAS S.A. FARMACIAS BOLIVIA-SUCURSAL 136 (BAPTISTA 2),ALVARO CRISTHIAN ROJAS MARINO,"AV. BAPTISTA NO. 963, ESQ. LARREA CASI FRENTE DE LA CALLE CALATAYUD, ZONA 14 DE SEPTIEMBRE DE LA CIUDAD DE LA PAZ",LA PAZ,LA PAZ,2413051,,1022039027
CORPORACION BOLIVIANA DE FARMACIAS S.A. FARMACIAS BOLIVIA-SUCURSAL 137 (CRUZ ROJA),,AV. CAMACHO DE LA CIUDAD DE LA PAZ,LA PAZ,LA PAZ,2413051,,1022039027
CORPORACION BOLIVIANA DE FARMACIAS S.A. FARMACIAS BOLIVIA-SUCURSAL 138 (IRPAVI),,"CALLE 13, NO. 7859, SOBRE LA CALLE 13 DE CALACOTO, ESQUINA PASAJE QUINTELA, PARALELA A LA AVENIDA BALLIVIAN, ZONA CALACOTO DE LA CIUDAD DE LA PAZ",LA PAZ,LA PAZ,2413051,,1022039027
CORPORACION BOLIVIANA DE FARMACIAS S.A. FARMACIAS BOLIVIA-SUCURSAL 139 (PODER),,"CALLE RICARDO BUSTAMANTE, ESQUINA B, BURGOA, NO. 619, ZONA GRAN PODER DE LA CIUDAD DE LA PAZ",LA PAZ,LA PAZ,2413051,,1022039027
CORPORACION BOLIVIANA DE FARMACIAS S.A. FARMACIAS BOLIVIA-SUCURSAL 14 (OBELISCO),MARGOT DURAN PADILLA,"AV. MARISCAL SANTA CRUZ NO. 1271, ZONA CENTRAL DE LA CIUDAD DE LA PAZ",LA PAZ,LA PAZ,2413051,,1022039027
CORPORACION BOLIVIANA DE FARMACIAS S.A. FARMACIAS BOLIVIA-SUCURSAL 34 (SATELITE),EVA CUCHO MOLLOCUAQUIRA,"CALLE 17B*574, NO. 405, ZONA CIUDAD SATELITE DE LA CIUDAD DE EL ALTO",LA PAZ,EL ALTO,2413051,,1022039027
CORPORACION BOLIVIANA DE FARMACIAS S.A. FARMACIAS BOLIVIA-SUCURSAL 39 (MULTICINE),,"AV. ARCE NO. 2631, EDIF. MULTICINE P.B., ZONA SOPOCACHI DE LA CIUDAD DE LA PAZ",LA PAZ,LA PAZ,2413051,,1022039027
CORPORACION BOLIVIANA DE FARMACIAS S.A. FARMACIAS BOLIVIA-SUCURSAL 55 (18 DE CALACOTO),YVONE COLETTE ANDRE TORRICO,"AV. GENERAL JOSE BALLIVIAN NO. 7898, ZONA CALACOTO DE LA CIUDAD DE LA PAZ",LA PAZ,LA PAZ,2413051,,1022039027
CORPORACION BOLIVIANA DE FARMACIAS S.A. FARMACIAS BOLIVIA-SUCURSAL 6 DE AGOSTO,,"AV. 6 DE AGOSTO, EDIF. V CENTENARIO NO. S/N, ZONA SOPOCACHI DE LA CIUDAD DE LA PAZ",LA PAZ,LA PAZ,2413051,,1022039027
CORPORACION BOLIVIANA DE FARMACIAS S.A. FARMACIAS BOLIVIA-SUCURSAL 6 DE MARZO,ERIKA OMONTE MAMANI,"AVENIDA 6 DE MARZO NO. 50, ZONA 12 DE OCTUBRE DE LA CIUDAD DE EL ALTO",LA PAZ,EL ALTO,2413051,,1022039027
CORPORACION BOLIVIANA DE FARMACIAS S.A. FARMACIAS BOLIVIA-SUCURSAL 75 (VIACHA),,"PLAZA BALLIVIAN NO. 173, MUNICIPIO DE VIACHA DEL DEPARTAMENTO DE LA PAZ",LA PAZ,VIACHA,2413051,,1022039027
CORPORACION BOLIVIANA DE FARMACIAS S.A. FARMACIAS BOLIVIA-SUCURSAL 79 (HEROES),XIMENA CALLISAYA VARGAS,"CALLE SANTOS MACHICADO, NO. 518, ZONA SAN PEDRO DE LA CIUDAD DE LA PAZ",LA PAZ,LA PAZ,2413051,,1022039027
CORPORACION BOLIVIANA DE FARMACIAS S.A. FARMACIAS BOLIVIA-SUCURSAL 80 (12 DE OBRAJES),MATILDE SAAVEDRA,"CALLE 12, NO. 247 EDIF. REYNA ESTHER PLANTA BAJA ZONA OBRAJES DE LA CIUDAD DE LA PAZ",LA PAZ,LA PAZ,2413051,,1022039027
CORPORACION BOLIVIANA DE FARMACIAS S.A. FARMACIAS BOLIVIA-SUCURSAL 83 (ALONZO DE MENDOZA),MARIA EUGENIA VARGAS MIRANDA,"CALLE CHUQUISACA NO. 697, ZONA CENTRAL DE LA CIUDAD DE LA PAZ",LA PAZ,LA PAZ,2413051,,1022039027
CORPORACION BOLIVIANA DE FARMACIAS S.A. FARMACIAS BOLIVIA-SUCURSAL 87 (VILLAZON),BEATRIZ FLORES HUANCA,"AVENIDA VILLAZON, EDIFICIO FINLANDIA, PLANTA BAJA, DEPTO. L-1, NO. 1960, ZONA CENTRAL DE LA CIUDAD DE LA PAZ",LA PAZ,LA PAZ,2413051,,1022039027
CORPORACION BOLIVIANA DE FARMACIAS S.A. FARMACIAS BOLIVIA-SUCURSAL 89 (20 DE OCTUBRE),HELEN NIEVES RAMOS MARCA,"AV. 20 DE OCTUBRE NO. 2255, EDF. RENACER, PB. DPTO. 3 , ZONA SOPOCACHI DE LA CIUDAD DE LA PAZ",LA PAZ,LA PAZ,2413051,,1022039027
CORPORACION BOLIVIANA DE FARMACIAS S.A. - FARMACIAS BOLIVIA - SUCURSAL 93 (ANGELES),BELKIS LILIANA ARCAYA NINA,"AVENIDA ARCE, N° 2595, EDIFICIO LOS ANGELES, ZONA SAN JORGE DE LA CIUDAD DE LA PAZ",LA PAZ,LA PAZ,2413051,,1022039027
CORPORACION BOLIVIANA DE FARMACIAS S.A. FARMACIAS BOLIVIA-SUCURSAL 95 (DIAZ ROMERO),,"AVENIDA ARGENTINA, NO. 1843 , EDIFICIO TORRE VICENTA, P.B., ZONA MIRAFLORES DE LA CIUDAD DE LA PAZ",LA PAZ,LA PAZ,2413051,,1022039027
CORPORACION BOLIVIANA DE FARMACIAS S.A. FARMACIAS BOLIVIA-SUCURSAL 96,NELIDA ELVIRA MITA AGUILAR,"AV. PASOSKANKI NO. 1619, EDIF. PASOSKANKI PISO P.B. DPTO. 11 ZONA MIRAFLORES DE LA CIUDAD DE LA PAZ",LA PAZ,LA PAZ,2413051,,1022039027
CORPORACION BOLIVIANA DE FARMACIAS S.A. FARMACIAS BOLIVIA-SUCURSAL BUSCH,,"AV. BUSCH, NO 1415, EDF. LOS CISNES, ZONA MIRAFLORES DE LA CIUDAD DE LA PAZ",LA PAZ,LA PAZ,2413051,,1022039027
CORPORACION BOLIVIANA DE FARMACIAS S.A. FARMACIAS BOLIVIA-SUCURSAL CAMACHO,KATIA ACUÑA CHUCA,"AV. CAMACHO NO. 1737, EDF. KERSUL, ZONA CENTRAL DE LA CIUDAD DE LA PAZ",LA PAZ,LA PAZ,2413051,,1022039027
CORPORACION BOLIVIANA DE FARMACIAS S.A. FARMACIAS BOLIVIA-SUCURSAL CRUCE VIACHA,,"CALLE JORGE CARRASCO CALLE 10 Y 11 NO. 1070, ZONA 12 DE OCTUBRE DE LA CIUDAD DE ALTO",LA PAZ,EL ALTO,2413051,,1022039027
CORPORACION BOLIVIANA DE FARMACIAS S.A. FARMACIAS BOLIVIA-SUCURSAL CUMBRE,CLAUDIA VICTORIA ALI SANCHEZ,"AV. LAS DELICIAS NO. 1351 ESQ. ABEL ANTEZANA, ZONA VILLA FATIMA DE LA CIUDAD DE LA PAZ",LA PAZ,LA PAZ,2413051,,1022039027
CORPORACION BOLIVIANA DE FARMACIAS S.A. FARMACIAS BOLIVIA-SUCURSAL DON BOSCO,PATRICIA ANGELICA FERNANDEZ MENDOZA,"AV. 16 DE JULIO, EDIFICIO COLEGIO DON BOSCO, PISO P.B., NO. 1805, SOBRE LA AV. 16 DE JULIO FRENTE A LA FUENTE DEL PRADO, ZONA CENTRAL DE LA CIUDAD DE LA PAZ",LA PAZ,LA PAZ,2413051,,1022039027
CORPORACION BOLIVIANA DE FARMACIAS S.A. FARMACIAS BOLIVIA-SUCURSAL ESPAÑA,,"CALLE VICTOR SANJINEZ, ENTRE MENDEZ ARCOS Y BARRIOS, PLAZA ESPAÑA, NO. A 2698, ZONA SOPOCACHI DE LA CIUDAD DE LA PAZ",LA PAZ,LA PAZ,2413051,,1022039027
CORPORACION BOLIVIANA DE FARMACIAS S.A. FARMACIAS BOLIVIA-SUCURSAL ESTACION,PETTY IVONE GUTIERREZ ALVARADO,"AVENIDA PERU, TELEFERICO LINEA ROJA ESTACION CENTRAL S/N, ZONA NORTE DE LA CIUDAD DE LA PAZ",LA PAZ,LA PAZ,2413051,,1022039027
CORPORACION BOLIVIANA DE FARMACIAS S.A. FARMACIAS BOLIVIA-SUCURSAL FATIMA,MARTHA IVANA ARMATA LEAÑO,"AVENIDA LAS AMERICAS NO. 264, EDIFICIO CONRADO, ZONA VILLA FATIMA DE LA CIUDAD DE LA PAZ",LA PAZ,LA PAZ,2413051,,1022039027
CORPORACION BOLIVIANA DE FARMACIAS S.A. FARMACIAS BOLIVIA-SUCURSAL FIGUEROA,,"CALLE FIGUEROA, NO. 797, ZONA CENTRAL DE LA CIUDAD DE LA PAZ",LA PAZ,LA PAZ,2334637,,1022039027
CORPORACION BOLIVIANA DE FARMACIAS S.A. FARMACIAS BOLIVIA-SUCURSAL GIRASOLES,DENNISE ROSANGELA ROMAY SARMIENTO,"AVENIDA 6 DE AGOSTO, NO. 2628, EDIFICIO TORRE GIRASOLES, ZONA SOPOCACHI DE LA CIUDAD DE LA PAZ",LA PAZ,LA PAZ,2413051,,1022039027
CORPORACION BOLIVIANA DE FARMACIAS S.A.- FARMACIAS BOLIVIA - SUCURSAL MIRAFLORES,MIRYAM ADRIAN BURGOS,"CALLE VICTOR EDUARDO, ESQUINA SAAVEDRA, N° 2119, ZONA MIRAFLORES DE LA CIUDAD DE LA PAZ",LA PAZ,LA PAZ,,2413051,1022039027
CORPORACION BOLIVIANA DE FARMACIAS S.A. FARMACIAS BOLIVIA-SUCURSAL (MONTENEGRO),,"AVENIDA MONTENEGRO, NO. 1458, ZONA SAN MIGUEL, ENTRE CALLE 21 Y PROLONGACION MONTENEGRO DE LA CIUDAD DE LA PAZ",LA PAZ,LA PAZ,2413051,,1022039027
CORPORACION BOLIVIANA DE FARMACIAS S.A. FARMACIAS BOLIVIA-SUCURSAL MONTES,JHENNY VALLEJO HUARACHI,"AVENIDA MONTES, NO.749, ZONA CENTRAL DE LA CIUDAD DE LA PAZ",LA PAZ,LA PAZ,2413051,,1022039027
CORPORACION BOLIVIANA DE FARMACIAS S.A. FARMACIAS BOLIVIA-SUCURSAL OBRAJES,MERY KHATERINE HUALLPA FERNANDEZ,"AVENIDA 14 DE SEPTIEMBRE NO. S/N, EDIFICIO MARIO MERCADO, ZONA OBRAJES DE LA CIUDAD DE LA PAZ",LA PAZ,LA PAZ,2413051,,1022039027
CORPORACION BOLIVIANA DE FARMACIAS S.A. FARMACIAS BOLIVIA-SUCURSAL ORTEGA,,"PASAJE ORTEGA ENTRE TUMUSLA Y MAX PAREDES, NO. 615, ZONA DE 14 DE SEPTIEMBRE DE LA CIUDAD DE LA PAZ",LA PAZ,LA PAZ,2413051,,1022039027
CORPORACION BOLIVIANA DE FARMACIAS S.A. FARMACIAS BOLIVIA-SUCURSAL PETROLERO,,"AVENIDA 16 DE JULIO, NO. 1598, ZONA CENTRAL DE LA CIUDAD DE LA PAZ",LA PAZ,LA PAZ,2413051,,1022039027
CORPORACION BOLIVIANA DE FARMACIAS S.A. FARMACIAS BOLIVIA-SUCURSAL PLAZA VILLARROEL,JHANNET MONRROY QUISPE,"CALLE GENERAL MONJE, ESQUINA AVENIDA BUSCH NO. 600, ZONA MIRAFLORES DE LA CIUDAD DE LA PAZ",LA PAZ,LA PAZ,2413051,,1022039027
CORPORACION BOLIVIANA DE FARMACIAS S.A. FARMACIAS BOLIVIA-SUCURSAL SUCRE,,"CALLE BOLIVAR NO. 876, ZONA CENTRAL DE LA CIUDAD DE LA PAZ",LA PAZ,LA PAZ,2413051,,1022039027
CORPORACION BOLIVIANA DE FARMACIAS S.A. FARMACIAS BOLIVIA-SUCURSAL TRANSITO,JUAN MANUEL TROCHE FERNANDEZ,"AVENIDA MARISCAL SANTA CRUZ , NO. 1050, ZONA CENTRAL DE LA CIUDAD DE LA PAZ",LA PAZ,LA PAZ,2413051,,1022039027
CORPORACION BOLIVIANA DE FARMACIAS S.A. FARMACIAS BOLIVIA-SUCURSAL UYUSTUS,CECILIA LOURDES LAURA CALANI,"AVENIDA BUENOS AIRES, NO. 470, ZONA 14 DE SEPTIEMBRE, DE LA CIUDAD DE LA PAZ",LA PAZ,LA PAZ,2413051,,1022039027
CORPORACIÓN BOLIVIANA DE FARMACIAS S.A. - FARMACIAS BOLIVIA - SUCURSAL VILLAS,IRMA AUCATOMA SOTO,AVENIDA 31 DE OCTUBRE S/N ZONA SAN ANTONIO BAJO DE LA CIUDAD DE LA PAZ.,LA PAZ,LA PAZ,2413051,,1022039027
CORPORACION BOLIVIANA DE FARMACIAS S.A. FARMACIAS BOLIVIA-SUCURSAL YUNGAS,GABRIELA ZARATE ALCON,"CALLE YUNGAS NO. 836, ZONA CENTRAL DE LA CIUDAD DE LA PAZ",LA PAZ,LA PAZ,2413051,,1022039027
CRISTO,LEDY JUSTINA NUÑEZ GASPAR,"AVENIDA JAIMES FREYRE, NO. 2088, PB. ZONA TEMBLADERANI DE LA CIUDAD DE LA PAZ",LA PAZ,LA PAZ,,60118076,3505080018
CRISTO 1,,"AV. MONTENEGRO NO. 716, EDIF. EL TRIUNFO, PISO P.B., ZONA SAN MIGUEL DE LA CIUDAD DE LA PAZ",LA PAZ,LA PAZ,,,2335601011
C.R.S.M. SAN JUAN DE DIOS,,"CALLE CHICANI NO. 50, ZONA FINAL IRPAVI II DE LA CIUDAD DE LA PAZ",LA PAZ,LA PAZ,2723464,78883810,170656020
CRUZ AZUL,LUCERO POMA CONDORI,"CALE 10 DE JULIO NO. 50, ZONA BRASIL EX TRANCA DE RIO SECO DE LA CIUDAD DE EL ALTO",LA PAZ,EL ALTO,,78787881,4284252019
CRUZ AZUL  - SUCURSAL 1,RICARDO CARLOS CARDOZO CENTELLAS,"AVENIDA ILLIMANI NO. 14, ZONA URBANIZACION 21 DE OCTUBRE DEL MUNICIPIO EL ALTO",LA PAZ,EL ALTO,,78787881,4284252019
CRUZ BLANCA,ROLANDO PRUDENCIO QUELCA LLANQUE,"CALLE VILLAMIL DE RADA NO. 1392 EDIFICIO S/N, PISO PB., TIENDA 1, ENTRE CALLES ADOLFO GOZALVES Y MARTINEZ MONJE, ZONA VILLA NUEVO POTOSI DE LA CIUDAD DE LA PAZ",LA PAZ,LA PAZ,,79113271,6124006012
CRUZ CUBIERTA,TANIA HEIDI CALIZAYA MONTES,"CALLE 16, NO.5 ENTRE ESQUINA HERMANOS PINTO TELLERIA Y AV. GOBLES, ZONA BAJO IRPAVI, DE LA CIUDAD DE LA PAZ",LA PAZ,LA PAZ,,77250420,10932048010
CRUZMAR,GABY GRACIELA GUTIERREZ LOPEZ,"AV. BALLIVIAN, NO.20, ESQ. AV. F. ZONA VILLA JULIANA DE LA CIUDAD DE EL ALTO",LA PAZ,EL ALTO,,77567892,9102895014
CRUZ VERDE,,"CALLE ZOILO FLORES NO. 1266, EDIF. FIGLIOZZI, LOCAL 2, ZONA SAN PEDRO DE LA CIUDAD DE LA PAZ",LA PAZ,LA PAZ,,---,1115786017
CUENTAS,SANDRA MABEL CUENTAS MAMANI,"AVENIDA CIVICA NO. 28, ENTRE CALLES 17 Y 18, ZONA VILLA TEJADA RECTANGULAR DE LA CIUDAD DE EL ALTO",LA PAZ,EL ALTO,,74859104-63184644,6044183012
CUERPO DE CRISTO,HERNAN FREDDY SACA TITICHOCA,AVENIDA PANAMERICANA N° 220 ENTRE CALLES BEREA Y PANDO ZONA COMUNIDAD PATACAMAYA DEL MUNICIPIO DE PATACAMAYA,LA PAZ,PATACAMAYA,,65401878,4949155016
CURABITUR,MARCO ANTONIO SALINAS PEREZ,"AV. BALLIVIAN NO. 275, ZONA CALACOTO DE LA CIUDAD DE LA PAZ",LA PAZ,LA PAZ,,,6740075016
CURABITUR SUC. 1,PAOLA MICAELA AGUIRRE GARCIA,AVENIDA FLORIDA NO. 100 ENTRE CALLES 5 Y 6 ZONA MALLASA DE LA CIUDAD DE LA PAZ,LA PAZ,LA PAZ,2745658,60547330,6740075016
CURA-FE,ROSICELA AGUILAR TARQUINO,"AV. ENTRE RIOS NO. 1239, ENTRE CALLE APOSTOL SANTIAGO Y CALLE NUEVA YORK, FRENTE A ALMACEN DE LA CAJA NACIONAL DE SALUD, ZONA LOS ANDES DE LA CIUDAD DE LA PAZ",LA PAZ,LA PAZ,,77770190,9100391017
CUREMAX,VIVIANA CECILIA LIRA ALCAZAR,"AVENIDA CIRCUNVALACIÓN NRO. 1355, A MEDIA CUADRA DE LA AVENIDA JUNIN, ZONA EL PARAISO DE LA CIUDAD DE EL ALTO",LA PAZ,EL ALTO,,75259710,13404669013
DABEIDA JIMENEZ,DABEIDA JIMENEZ CESPEDES,"CALLE 34 NO. 8, ZONA ROSAS PAMPA DE LA CIUDAD DE EL ALTO",LA PAZ,EL ALTO,,77752110,3727834013
DAIRA SALUD,,"AVENIDA ROSENDO GUTIERREZ, EDIFICIO S/N, PISO PB, OFICINA S/N NO. 623, ZONA VILLA MERCEDES G, ENTRE AVENIDA PANDO Y AVENIDA VICENTE OCHOA, DE LA CIUDAD DE EL ALTO",LA PAZ,EL ALTO,,71595520,8280121013
DARLET,,"AVENIDA ARMENTIA NO. 660 (CASI ESQUINA PLAZA RIOSINIO), ZONA NORTE DE LA CIUDAD DE LA PAZ",LA PAZ,LA PAZ,,79596737,6804765017
DAR VIDA,FABIOLA PAOLA LEON ESPINOZA,CALLE ROMECIN CAMPOS NO. 648 ENTRE CALLE FRANCISCO BEDREGAL Y GUZMAN DE ROJAS ZONA SOPOCACHI DE LA CIUDAD DE LA PAZ,LA PAZ,LA PAZ,,75888180,2717255015
DAVINIA,MARIA TERESA BARCO SIVILA,"AV. MARIO QUINTANILLA, NO. 20, ESQ. AV. JUSTO GERMAN VALERA, T1 ZONA LA PORTADA DE LA CIUDAD DE LA PAZ",LA PAZ,LA PAZ,,68060750,4853410019
DAYAZAYU,JAZMINE NEVENKA SANCHEZ INDA,"CALLE BENIGNO LOZA NRO. 215, PISO PLANTA BAJA, LOCAL 1 A UNA CUADRA DE LA AVENIDA LAS AMERICAS Y MERCADO VILLA FÁTIMA, ZONA VILLA FÁTIMA",LA PAZ,LA PAZ,,64124700,1761512010
DAYFARM,,"AVENIDA 3, NRO. 431, ENTRE AVENIDA LUIS ESPINAL Y  AVENIDA ANTAFOGASTA, ZONA PUERTO MEJILLONES DE LA CIUDAD DE EL ALTO",LA PAZ,EL ALTO,,75864057,9972058010
DAYFER,MIRIAM DAYAN MARCA ESPINOZA,"AV. OCTAVIO CAMPERO PLANTA BAJA, NO. 1685, ESQUINA CALLE 18 DE MAYO, FRENTE A LA PARADA DEL PUMA KATARI, ZONA VILLA SAN ANTONIO ALTO DE LA CIUDAD DE LA PAZ",LA PAZ,LA PAZ,,69853008,7057193019
DEBRADAEL,RUTH MOEMI MAMANI MARCA,"CALLE ENTRE RIOS, NRO. 733, ESQUINA AVENIDA MARISCAL SANTA CRUZ, 1RA PARA TRUFIS JOSE BALLIVIAN , ZONA MARISCAL SANTA CRUZ U.V. 3J. DEL MUNICIPIO DE VIACHA",LA PAZ,VIACHA,,60698612,11093687015
DE LA ESPERANZA,YULI LILIANA MARCA VIZA,"AVENIDA PANORAMICA COMPLEMENTO NO. 5194, ZONA ROSAS PAMPA, ENTRE CALLE COSTANERA Y CALLE POMA, FRENTE A LA ROTONDA DE LA CIUDAD DE EL ALTO",LA PAZ,EL ALTO,,78817556,6897053018
DEL AHORRO,,"CALLE COMERCIO, NO. 1359, ZONA CENTRAL DE LA CIUDAD DE LA PAZ",LA PAZ,LA PAZ,,78750575,3527450012
DELFI,VILMA FLORES TERAN,"AVENIDA ALAMOS, NO. 1225, URBANIZACION COPACABANA, ESQ. AVENIDA BOLIVIA DE LA CIUDAD DE EL ALTO - LA PAZ",LA PAZ,EL ALTO,,72569260,4376718014
DEL SUR,SILVIA MONICA ARUQUIPA MENDOZA,"AVENIDA JOSE AGUIRRE ACHA (ENTRE CALLES 2 Y 3), NO. 502, ZONA LOS PINOS DE LA CIUDAD DE LA PAZ",LA PAZ,LA PAZ,,76272123,4849158018
DENAHI,MARIA DEL PILAR RICALDY ROCABADO,"AVENIDA LITORAL NO. 26, CASI ESQ. CARRETERA A VIACHA, ZONA VILLA CONCEPCION DE LA CIUDAD DE EL ALTO DEL DEPARTAMENTO DE LA PAZ",LA PAZ,EL ALTO,,73272933-73523075,7028621013
DENISSE,,"AV. SANTA FE, NO 1095, ENTRE CALLES AREQUIPA Y APURIMAC, ZONA SAN JOSE DE YUNGUYO, DE LA CIUDAD DE EL ALTO",LA PAZ,EL ALTO,,73536121,8439799015
DENISSE II,FILOMENA ELIZABETH CATACORA HERRERA,"AV. RADIAL NO. 9745, ENTRE AV. LA PAZ Y CALLE CONCEPCION, ZONA SAN FELIPE DE SEKE DE LA CIUDAD DE EL ALTO",LA PAZ,EL ALTO,,73536121,8439799015
DEN JHONSON CENTRAL,DENNIS BETTY SANTANDER CHUQUIMIA,"CALLE COLON, NO. 448, EDIFICIO SANTANDER, P.B. LOCAL 1 (ENTRE CALLES COMERCIO Y POTOSI), ZONA CENTRAL DE LA CIUDAD DE LA PAZ",LA PAZ,LA PAZ,2380602,65123289,6843864019
DENN-REY,DENNIS REYNALDO HUCHANI HUANCA,"AV. TIHUANACU NO. 2094, ENTRE CALLE MARIA PALACIOS Y CALLE CHAYANTA, ZONA ANEXO VILLA BOLIVAR D DE LA CIUDAD DE EL ALTO",LA PAZ,EL ALTO,,77207826,5983902013
DENTOPHARMA,ROSARIO AJHUACHO GONZALES,"AVENIDA LITORAL NO. 4084, ZONA PRIMAVERA, ENTRE AV. TIHUANACU Y CALLE CAQUIAVIRI DE LA CIUDAD DE EL ALTO",LA PAZ,EL ALTO,2832164,72548276,4375628017
DERMAFARMA,WENDY PAMELA ANGLES CORDOVA,"CALLE FELIPE BESTREZ, MZNO. NO. 215 F6 LOTE 118, ZONA CIUDAD SATELITE DE LA CIUDAD DE EL ALTO",LA PAZ,EL ALTO,2819257,76529243,6147094018
DIABETPHARMA S.R.L. FARMACIA ENDOFARMA,LEONARDO SAMUEL PORTILLO CHAVEZ,"CALLE POSNASKY, N° 1184, EDIFICIO LUZ DEL ALBA, PISO PB, LOCAL 3, ENTRE AVENIDA SAAVEDRA Y CALLE GUERRILLEROS LANZA, ZONA DE MIRAFLORES DE LA CIUDAD DE LA PAZ",LA PAZ,LA PAZ,,70188514,549371022
DIAGNO TC LTDA.,,"CALLE 13, NO. 12 ENTRE ESQUINA ALTAMIRANO Y AVAROA, ZONA MALLASILLA, DE LA CIUDAD DE LA PAZ",LA PAZ,LA PAZ,2746050,,330388025
DIANA FARMAX,AILIN BAUTISTA CASTILLO,"AV. CIVICA NO.67 ENTRE LAS CALLES 4 Y 6, ZONA VILLA EXALTACION DE LA CIUDAD DE EL ATO",LA PAZ,EL ALTO,,70115091,7045842016
DIA/NOCHE,SILVIA MABEL CUENTAS ALEJO,"CALLE 11, NO. 22, ZONA 12 DE OCTUBRE , ENTRE AV. RAUL SALMON Y AV RODOLFO PALENQUE DE LA CIUDAD DE EL ALTO",LA PAZ,EL ALTO,,65120990,6071181016
DIBOMED,MARIA JULIA NINA FLORES,"AVENIDA PERIFERICA N° 4144, PLAN 400, ENTRE CALLE JAPÓN Y CALLE FINAL CALACOTO, ZONA URBANIZACIÓN MERCURIO DE LA CIUDAD  DE EL ALTO",LA PAZ,EL ALTO,,76595080,3335713010
DIFAIM S.R.L.,,"AV. LOS TRIGALES, NO. 91, ZONA 24 DE JUNIO FRENTE A LA PLAZA DE LAS BANDERAS DE LA CIUDAD DE LA PAZ",LA PAZ,LA PAZ,,72009892,174426025
DIOS PADRE,VICTOR CIPRIANO CHAVEZ ANCALLE,"AV. BUENOS AIRES NO. 606, ZONA VILLA YUNGUYO DE LA CIUDAD DE EL ALTO",LA PAZ,EL ALTO,,76290894-73740601,2638882010
DIOS PROVEERA,LUISA MANRRAVE CHURANI,"AV. NACIONES UNIDAS, NO. 350, ZONA ALTO TEJAR, ENTRE AV. PANORAMICA Y GRADERIA MIL GRADAS DE LA CIUDAD DE EL ALTO",LA PAZ,EL ALTO,,76218283,6868906013
DISPONIBLE S.R.L.,GALIA CRISTINA QUISBERT CALLISAYA,"AVENIDA CARRASCO, LOCAL 1, NO 1540, ENTRE CALLES CUBA Y FRANCISCO DE MIRANDA A MEDIA CUADRA DEL COLEGIO HUGO DAVILA, ZONA MIRAFLORES DE LA CIUDAD DE LA PAZ",LA PAZ,LA PAZ,,67003500,400825024
DIVER D & V,VERONICA HUANCA MAMANI,"CALLE CRISTOBAL COLON NO. 1, ZONA BAUTISTA SAAVEDRA B, ESQUINA CALLE JULIO MENDEZ A UNA CUADRA DE A AVENIDA COPACABANA, DE LA CIUDAD DE EL ALTO",LA PAZ,EL ALTO,,73233961,9189116011
DIVINA MISERICORDIA,BEATRIZ RAMIREZ ALCON,"AV. ALTAMIRANO, NO. 6629, ENTRE CALLES 5 Y 6, ZONA IRPAVI DE LA CIUDAD DE LA PAZ",LA PAZ,LA PAZ,,60601706,6759048013
DIVINA MISERICORDIA SUCURSAL 1,MARIA JACKELINE VEIZAGA GUZMAN,"AVENIDA FLORIDA ENTRE CALLE 1 Y 2, NO. 333, ZONA MALLASA DE LA CIUDAD DE LA PAZ",LA PAZ,LA PAZ,,73717676,6759048013
DIVINA MISERICORDIA SUCURSAL 2,OLIVIA LILIANA VISCARRA MEJIA,"AV. MICHELL FRENTE AL COMANDO GRAL. DE LA ARMADA, NO. 7200, ZONA BAJO SEGUENCOMA, DE LA CIUDAD DE LA PAZ",LA PAZ,LA PAZ,,73717676,6759048013
DIVINA MISERICORDIA SUCURSAL 3,MONICA TATIANA DURAN PACHECO,"AVENIDA GOBLES N° 115, SOBRE LA AVENIDA GOBLES ENTRE CALLE 14 Y 15 ,  ZONA IRPAVI DE LA CIUDAD DE LA PAZ.",LA PAZ,LA PAZ,,73717676,6759048013
DIVINO MAESTRO,EMILIO AMERICO MARIN IBAÑEZ,"CALLE SUCRE, PLAZA LIBERTAD S/N, MUNICIPIO CHULUMANI-SUD YUNGAS, ZONA CENTRAL DE LA CIUDAD DE LA PAZ",LA PAZ,CHULUMANI,,76506032-76504018,2313445
DIVINO NIÑO JESUSITO,FANNY MARIELA APAZA CHUQUIMIA,"AV. CIVICA NO. 777 A MEDIA CUADRA DE LA PLAZA OBELISCO, ZONA TEJADA TRIANGULAR DE LA CIUDAD DE EL ALTO",LA PAZ,EL ALTO,,76548586,6845007011
D´JEANE,JEANETTE DORA CONDORI QUISBERT,"AV. 2, NO. 415, ENTRE CALLES 5 Y 6, ZONA SANTIAGO I, LA PAZ EL ALTO",LA PAZ,EL ALTO,,71512467,3405783016
D'MARIO,JOSE ANTONIO NAVA CALDERON,"AV. REPUBLICA NO. 1479, ZONA VILLA VICTORIA DE LA CIUDAD DE LA PAZ",LA PAZ,LA PAZ,,72594303,4314740016
D MARIO SUCURSAL 1,,"AVENIDA REPUBLICA, N° 1694, ESQUINA CALLE MANURIPI, ZONA VILLA VICTORIA DE LA CIUDAD DE LA PAZ",LA PAZ,LA PAZ,,72594303,4314740016
DOCPLUS-MEDICAL,,"AV. CAQUINGORA, NO 1115, ZONA COSMOS 79 DE LA CIUDAD DE EL ALTO",LA PAZ,EL ALTO,,62474413,8268836016
DOCTORA LOLY SUCURSAL 1-OBRAJES,XIMENA CONTRERAS GUTIERREZ,"CALLE 2, NO. 460 ESQ. AV. HERNANDO SILES, ZONA OBRAJES DE LA CIUDAD DE LA PAZ",LA PAZ,LA PAZ,,77523478-71533107,544662023
DOCTOR FARMA,ROLANDO VENEGAS ESPINOZA,"CALLE MURILLO NO. 1317, ENTRE CALLE COLOMBIA Y ALMIRANTE GRAU, PLANTA BAJA, CERCA DEL TELEFERICO MORADO, ZONA SAN PEDRO, DE LA CIUDAD DE LA PAZ",LA PAZ,LA PAZ,,76279997,9117857019
DORADOS,,"AVENIDA COSTANERA (BELGRANO) NO. 50, ZONA VILLA ESPERANZA DE LA CIUDAD DE EL ALTO",LA PAZ,EL ALTO,,---,6003895016
DOSIS DE SALUD,PETRONILA FELIPA CALLE LIMA,"CALLE K. PACHITA Y AV. CAQUINGORA, NO. 2175 DE LA ZONA COSMOS 79 DE LA CIUDAD DE EL ALTO",LA PAZ,EL ALTO,,71564458,2447059019
DR. BOLIVIA,TRUDI JANET FRANCK SALAZAR,"CALLE JOSE SARAVIA NO 1589,ZONA SAN PEDRO ALTO,DE LA CIUDAD DE LA PAZ",LA PAZ,LA PAZ,,,670479030
DRUG CENTER,,"CALLE 20, N° 1526, ZONA VILLA FATIMA",LA PAZ,LA PAZ,,60144442,4747904015
D'SILVIA,SILVIA LIZETH BERRIO LOPEZ,AV. CHACALTAYA ESQ. BENI NO. 266 Y MERCADO ANTOFAGASTA DE LA CIUDAD DE LA PAZ,LA PAZ,LA PAZ,,76754911,4760312014
DULCE ALIVIO,GRACIELA CONDORI CABRERA,"AVENIDA LUIS ESPINA Nº 91, ENTRE CALLE MARTIN LUTERO Y AVENIDA JUAN PABLO II, ZONA MEJILLONES RIOSECO ESTRANCA DE LA CIUDAD DE EL ALTO",LA PAZ,EL ALTO,,72529896,976954017
DULCE BIENESTAR 1,JOSÉ KLAUS TICONA MAMANI,"AVENIDA SIMON BOLIVAR, NRO 4965, ENTRE CALLE HICHUSIRCA Y CALLE MURILLO, ZONA BAUTISTA SAAVEDRA FRENTE A LA ROTONDA  A 1 CUADRA DE LA AV, VENANCIO CONDORI DE LA CIUDAD DE EL ALTO",LA PAZ,EL ALTO,,76537311,9079412014
DULCE CIELO SHEKINA,REYNALDO FELIX MENDIZABAL BELTRAN,"AVENIDA 23 DE MARZO, NO. 1059, ENTRE AVENIDA 6 DE MARZO Y CALLE 12, ZONA URBANIZACION JARDINES, DE LA CIUDAD DE EL ALTO",LA PAZ,EL ALTO,,73546160,6760336012
DULFLORENCY,WENDY QUISPE COAQUIRA,"AV. BALDOMERO CASTEL, NO 2204, ENTRE CALLE 8A Y CALLE 25 DE SEPTIEMBRE, ZONA URB. 16 DE FEBRERO DE LA CIUDAD DE EL ALTO",LA PAZ,EL ALTO,,77700138,7029158017
DURAN RO,ROGER JESUS DURAN RODRIGUEZ,"AVENIDA RAMOS GAVILAN , NO. 1996, ZONA ACHACHICALA DE LA CIUDAD DE LA PAZ",LA PAZ,LA PAZ,,68042957,6993826018
DYMEL,MELVI ZERDA SEVERICHE,CALLE GUATEMALA NO. 1215 ZONA MIRAFLORES DE LA CIUDAD DE LA PAZ,LA PAZ,LA PAZ,,79375013,6547801014
ECO FARMA,MONTAÑO CARMEN OSNAYO,"AV. TILATA NO. 3045, ESQUINA CALLE HIMNOS, PUENTE VELA, ZONA URBANIZACION CHAYANTA DE LA CIUDAD DE EL ALTO",LA PAZ,EL ALTO,,73015099,6684501014
ECOFARMACIA GENESIS,CASSIA FANNY CASTRO CUBA,"CALLE CANONIGO AYLLON NO. 1180, ZONA SAN PEDRO ALTO DE LA CIUDAD DE LA PAZ",LA PAZ,LA PAZ,,79178982-73056353,6908102016
ECOMEDIC,LENNY ROSARIO CASTRO CALLI,"CALLE BENI NO. 250, ZONA SAN SALVADOR DEL MUNICIPIO DE VIACHA - LA PAZ",LA PAZ,VIACHA,,71524158,2310675013
ECONOFAR,BETTY QUENTA CHAMBI,"AV. CAQUINGORA, ESQ. ESQUILLAN, NO. 4124, ZONA COSMOS 79 DE LA CIUDAD DE EL ALTO",LA PAZ,EL ALTO,,72062192,4747036012
ECONOFARMA R.M.,JEYMY PAOLA CARVAJAL BACARREZA,"AV. E, NO. 40, ENTRE AVENIDA F (AVENIDA UNION) Y CALLE 8, A UNA CUADRA DEL HOSPITAL CORAZON DE JESUS, ZONA GRAN PODER, DE LA CIUDAD DE EL ALTO",LA PAZ,EL ALTO,,75270971,12574581019
ECUADOR,,"AVENIDA ECUADOR NO. 1297, EDIFICIO SERMEDE, PISO P.B., ZONA SOPOCACHI DE LA CIUDAD DE LA PAZ",LA PAZ,LA PAZ,,70660017,1901427016
EDEN R&C,CLAUDIA LORENA RIVEROS GONZALES,"AVENIDA PANAMERICANA, NO. 3054, ENTRE CALLE ALEXANDER Y CALLE 6 DE MARZO, URBANIZACION 21 DE OCTUBRE DE LA CIUDAD DE EL ALTO",LA PAZ,EL ALTO,,64037495,6063026015
EDISA S.R.L.,CINTYA GOMEZ LOPEZ,"AV. BALLIVIAN NO. 263, ENTRE CALLE 8 Y 9, ZONA CALACOTO DE LA CIUDAD DE LA PAZ",LA PAZ,LA PAZ,,78838967,516581025
EDISA S.R.L. SUCURSAL 1,GLADYS GABI GOMEZ LOPEZ,"AVENIDA BALLIVIAN, EDIFICIO MOLINO, PISO PLANTA BAJA, OFICINA 1-2, NO. 813, ENTRE CALLES 14 Y 15, ZONA CALACOTO DE LA CIUDAD DE LA PAZ",LA PAZ,LA PAZ,,78838967,516581025
E&E,LITZY ADELA ENDARA VERA,"CALLE RIGOBERTO PAREDES, NO. 1234, ZONA SAN PEDRO ALTO, ENTRE PLAZA LIBANO Y CALLE DAVID PINILLA DE LA CIUDAD DE LA PAZ",LA PAZ,LA PAZ,2495407,78813493,4788832010
EFEFARMACIA,FELY OCSACHOQUE CHOQUE,"CALLE SAGARNAGA, NO 286, ZONA ROSARIO, DE LA CIUDAD DE LA PAZ",LA PAZ,LA PAZ,,72085095-79018084,4943775012
EIFFEL,SILVIA EUGENIA MAYNAS ESCOBAR,"CALLE JOSE ARZABE NO. 2918, ENTRE CALLE HERMANOS SANTA CRUZ Y AVENIDA ALFONSO UGARTE, ZONA 16 DE JULIO DE LA CIUDAD DE EL ALTO.",LA PAZ,EL ALTO,,77209162,6870718014
EITAN,VIRGINIA PATRICIA ALANOCA HUANCA,"AVENIDA SAAVEDRA PLAZA TRIANGULAR NO. 2106, ZONA MIRAFLORES DE LA CIUDAD DE LA PAZ",LA PAZ,LA PAZ,2245141,77716489,4922364012
EL ALBA,ROSA MARGARITA GUTIERREZ LOPEZ,"AVENIDA DEFENSORES DEL CHACO (ESQUINA CALLE 38), NO. 380, ZONA CHASQUIPAMPA DE LA CIUDAD DE LA PAZ",LA PAZ,LA PAZ,2944749,,4923041010
EL ALQUIMISTA,CARLOS ANTHONY GUTIERREZ FLORES,"AV. LUIS ESPINAL CALLE 4 NO. 413, ZONA VILLA MEJILLONES DE LA CIUDAD DE EL ALTO",LA PAZ,EL ALTO,,65625182,6188609018
ELANVITAL PHARMA,,"AVENIDA OVANDO  CANDIA, N° 52, ENTRE CALLE PABLO CABALLERO  Y CALLE 5, ZONA IRPAVI DE LA CIUDAD DE LA PAZ",LA PAZ,LA PAZ,,62499899-61222660,6905293011
EL BOTICARIOTECH S.R.L.,ROMINA MENDOZA ROCHA,"AVENIDA ARCE, EDIFICIO PRISCILA, PISO PLANTA BAJA LOCAL 2, ENTRE PASAJE CORDERO Y CALLE CAMPOS, ZONA SOPOCACHI DE LA CIUDAD DE LA PAZ",LA PAZ,LA PAZ,2430245,71522371- 77232405- 75490325,394351024
EL BOTICARIOTECH S.R.L. SUCURSAL 1 OBRAJES,,"CALLE 16 NO. 502, CASI ESQUINA 14 DE SEPTIEMBRE, ZONA OBRAJES DE LA CIUDAD DE LA PAZ",LA PAZ,LA PAZ,,71522371-65335438,394351024
EL CARMEN,GUSTAVO ADOLFO MARTINEZ MONTECINOS,"AV. JULIO CESAR VALDEZ NO. 1205, ZONA ANTOFAGASTA DE LA CIUDAD DE EL ALTO - LA PAZ",LA PAZ,EL ALTO,,72574674,4979851016
EL DORADO,ELIZABETH BUTRON VARGAS,AVENIDA COSTANERA NO. 50 ZONA VILLA ESPERANZA ENTRE CALLE 9 Y AVENIDA JOSE ARZABE DE LA CIUDAD DE LA PAZ,LA PAZ,LA PAZ,,76718135,4746347015
EL ECONOMICO,XIMENA LOPEZ TAPIA,"AVENIDA SAN JOSE NO. 2085, ZONA MUNAYPATA DE LA CIUDAD DE LA PAZ",LA PAZ,LA PAZ,,,6853074010
EL ELYON,PATRICIA LUCIA LOZA GUZMAN,"AVENIDA ECUADOR, NO. 2612, PLANTA BAJA, LOCAL 1, ZONA SOPOCACHI DE LA CIUDAD DE LA PAZ",LA PAZ,LA PAZ,,76520800-77549545,3343900012
ELENA,,"AVENIDA RETAMA N° 1115, ZONA ROMERO PAMPA",LA PAZ,EL ALTO,,79665408,1117261014
ELENAFARMA,KATHERINE ELENA ARUQUIPA TARQUI,"AV. CORDILLERA REAL LOS ANDES, TIHUANACU, NO 2015, LOCAL 7, ZONA CRUCE FRANJA, VILLA ADELA, DE LA CIUDAD DE EL ALTO",LA PAZ,EL ALTO,,77226262,8301724018
ELEVE,MARISOL OLIMPIA ZAMBRANA KAPA,CALLE CALATAYUD NRO 2024 ENTRE CALLE PUNTA DE DOS REYES Y CALLE LA MAR ZONA 2 DE ABRIL DE LA CIUDAD DE EL ALTO,LA PAZ,LA PAZ,,61190611,4940444017
EL GRAN MAESTRO,MERY RITA ALANOCA LIMACHI,"CALLE FRANCISCO CARVAJAL NO. 140, ZONA VILLA DOLORES, ENTRE CALLE 11 Y 12 DE LA CIUDAD DE EL ALTO",LA PAZ,EL ALTO,,67334340,4923097013
EL GRAN TRONO CELESTIAL,,AVENIDA ILLIMANI NO. 3141 ESQUINA CALLE CARACOLES DE LA CIUDAD DE EL ALTO,LA PAZ,EL ALTO,,74002255,9210546018
ELIZON,SONIA BEATRIZ MIRANDA,"CALLE GENERAL LUIS GONZALES NO. 1106, ZONA SAN PEDRO DE LA CIUDAD DE LA PAZ",LA PAZ,LA PAZ,,78714620,3704800014
EL MUNDO I,,AVENIDA JUAN PABLO II NO. 51 ZONA VILLA TUNARI DE LA CIUDAD DE EL ALTO,LA PAZ,EL ALTO,,,4255481017
EL PODER DE LA CRUZ,ERNESTO PATZI HUAYCHO,"AVENIDA MANUEL BELGRANO NO. 122, ZONA VILLA ESPERANZA DE LA CIUDAD DE EL ALTO",LA PAZ,EL ALTO,,79678556,4830722011
EL REY,LEDY JUSTINA NUÑEZ GASPAR,"AV. JAIMES FREYRE NO. 2043, ZONA TEMBLADERANI DE LA CIUDAD DE LA PAZ",LA PAZ,LA PAZ,,,3510741010
EL ROCIO,IVETTE MABEL SANTOS SALAZAR,"AV.18 DE MAYO N° 3815 ENTRE CALLE DAVID TORO Y AV. SANTA FE, ZONA 16 DE FEBRERO DE LA CIUDAD DE EL ALTO",LA PAZ,EL ALTO,,70156612 - 62417700,4892026013
EL ROCIO SUCURSAL 1,,"AVENIDA MARISCAL DE SANTA CRUZ NO 4670, ENTRE CALLE CUBA Y AVENIDA MANCO KAPAC , ZONA URBANIZACION EL PROGRESO DE LA CIUDA DE LA PAZ",LA PAZ,LA PAZ,,,4892026013
EL ROCIO SUCURSAL 1,GLADYS  YOVANA QUISPE HUANCA,"AVENIDA MARISCAL DE SANTA CRUZ NO 4670, ENTRE CALLE CUBA Y AVENIDA MANCO KAPAC , ZONA URBANIZACION EL PROGRESO DE LA CIUDA DE LA PAZ",LA PAZ,LA PAZ,,,4892026013
EL ROSARIO,MARY JAIVE OLARTE MEJIA,"AVENIDA LADISLAO CABRERA S/N, EDIFICIO METROPOLITANO, PISO PB, DEPARTAMENTO/LOCAL F EN LA ZONA VILLA BOLIVAR DE LA CIUDAD DE EL ALTO",LA PAZ,EL ALTO,,72522215-77533302,4961360016
EL SALVADOR,SUSY ROSMERY MARTINEZ CALDERON,"AV. SAAVEDRA NO. 2250 PB., ZONA MIRAFLORES DE LA CIUDAD DE LA PAZ",LA PAZ,LA PAZ,,72943440,5006696018
EL SOL,DOLLY SUSANA CORRALES MORALES,"AVENIDA SAAVEDRA NO. 2106, ZONA MIRAFLORES DE LA CIUDAD DE LA PAZ",LA PAZ,LA PAZ,2245141,,492307017
EL VIVE,DEYSI DANITZA MAMANI MAYTA,"CALLE 4 NO. 2014, ZONA PAMPAHASI DE LA CIUDAD DE LA PAZ",LA PAZ,LA PAZ,2255902,70172171,6197136016
EL VIVE SUCURSAL 1,VERONICA YASKARA VERA COPA,"CALLE MURURATA EDIFCIO, NO. 1370, ENTRE AVENIDA LAS AMERICAS, A UNA CUADRA DE LA TERMINAL MINASA, ZONA VILLA LA MERCED DE LA CIUDAD DE LA PAZ",LA PAZ,LA PAZ,,69935900,6197136016
EL VIVE SUCURSAL II,CELMA ROCIO PAZ FERNANDEZ,AVENIDA JUAN XXII Nº 5 ZONA VILLA ARMONÍA DE LA CIUDAD DE LA PAZ,LA PAZ,EL ALTO,,6197136,619713016
ELYKAT,ELIZABETH WENDY ALIAGA MALLQUE,"AVENIDA BAPTISTA, NO.1162, ZONA CALLAMPAYA, ENTRE CALLE PADRE BERTONIO Y MERCADO DE FLORES DE LA CIUDAD DE LA PAZ",LA PAZ,LA PAZ,,76506489,8308276011
ELYSIUM,ROSARIO CLAUDIA CASTRO CONDORI,"AV. COCHABAMBA NO.6154, A DOS CUADRAS DE LA AVENIDA JAIME MENDOZA, ZONA S.J. CHARAPAQUI II DE LA CIUDAD DE EL ALTO",LA PAZ,EL ALTO,,76591008,10912113014
EMERGER,LIGIA DE LAS MERCEDES TERAN BELMONT,"CALLE GUTIERREZ GUERRA, NO. 1692, ZONA MIRAFLORES DE LA CIUDAD DE LA PAZ",LA PAZ,LA PAZ,,69816221,6106020010
EMPRESA UNIPERSONAL CRUZMAR,,"CALLE 6 NO. 36, ESQ. AVENIDA ACONCAGUA NO. 1514 ENTRE CALLES MELCHOR URQUIDI Y BASILIA CALAHUMANA DE SANTA CRUZ, ZONA EX TRANCA DE SENKATA DE LA CIUDAD DE EL ALTO",LA PAZ,EL ALTO,,77295829,9224783010
ERCILIA,ERCILIA CHAMBILLA SAUCEDO,"AV. TIHUANACU NO. 234, ENTRE CALLE 5 Y 6, ZONA 12 DE OCTUBRE DE LA CIUDAD DE EL ALTO",LA PAZ,EL ALTO,,78800495,4943060014
ERIFARMA,ERICKA GREGORIA MAMANI MAMANI,"AVENIDA ARGELIA NRO 107, ENTRE AV. UNION Y CALLE 3 DE LA ZONA VILLA AROMA  DE LA CIUDAD DE EL ALTO",LA PAZ,EL ALTO,,79141717,10070819010
ESCOBAR,,"AVENIDA LA PAZ NO. 119, CAMINO LA PAZ-ACHOCALLA, ENTRE CALLE JORGE QUIROGA ANTES DE LLEGAR AL LAGO DE ACHOCALLA, ZONA CHURITIENDA DEL MUNICIPIO DE ACHOCALLA",LA PAZ,ACHOCALLA,,72009892,12700602016
ESPECIALIZADAS SAN PEDRO DE LA ETERNIDAD,WILLIAMS TANCARA CANAVIRI,"AV. HACIA EL MAR CARRETERA VIACHA NO. 1054, ZONA URBANIZACION URKUPIÑA FRANJA II DE LA CIUDAD DE VIACHA",LA PAZ,VIACHA,,71296463,8262299011
ESPERA EN JEHOVA,ANGELA CLAUDIA CALLISAYA YUJRA,AVENIDA SANTA VERACRUZ Y CALLE SAN AGUSTIN NO. 1144 DE LA CIUDAD DE LA PAZ,LA PAZ,LA PAZ,,73510300,7060086016
ESPERANZA DE VIDA,GIOVANNA CALLE CALLISAYA,"CALLE CRUZ NO. 1014, ZONA SENKATA 79, ENTRE AV. INCAHUASI, ESQUINA AVENIDA ANCOHUMA DE LA CIUDAD DE EL ALTO,",LA PAZ,EL ALTO,,75853574,4952114013
ESPIRITU SANTO,,"AV. F (KOLLASUYO) NO. 6012, ZONA TAHUANTINSUYO DE LA CIUDAD DE EL ALTO",LA PAZ,EL ALTO,,70636364,6896924014
ESPIRITU SANTO,,"CALLE BARTOLOME ARANS URSUA NO. 3051, ZONA VILLA TAHUANTINSUYO DE LA CIUDAD DE EL ALTO",LA PAZ,EL ALTO,,70532007-71914085,248834028
ESTEFFY,,"CALLE ILLAMPU, NO. 1002, ENTRE VILUYO Y TARIJA, ZONA BELEN DE LA CIUDAD DE LA PAZ",LA PAZ,LA PAZ,,72009892,8291584015
ESTRELLA DE BOLIVIA,,"AVENIDA JULIO CESAR VALDES, NO. 15 ESQUINA CALLE 16 FRENTE A RADIO SAN GABRIEL , ZONA COSMOS 77 - 78 DE LA CIUDAD DE EL ALTO",LA PAZ,EL ALTO,,77752141,2453883019
ESTRELLA DE LA SALUD,MARILYN NELLY PAZ RODRIGUEZ,"CALLE 2 NO. 224 A UNA CUADRA DE LA CALLE B, ZONA IRPAVI II, DE LA CIUDAD DE LA PAZ",LA PAZ,LA PAZ,,77745919-77542001,4869584014
ESTRELLA DE NAVIDAD,,"AVENIDA TACAGUA, NRO. 1646 EDIF.. CASA DE PISOS, PISO PB. TIENDA 1  ENTRE CALLES HUASCAR Y MANUEL JOFRE ZONA BAJO TACAGUA DE LA  CIUDAD D LA PAZ",LA PAZ,EL ALTO,,75810951,6754988015
ETERNIDAD VII,,"AVENIDA RAUL SALMON ESQUINA CALLE 3, NO. 64 DE LA ZONA 12 DE OCTUBRE DE LA CIUDAD DE EL ALTO",LA PAZ,EL ALTO,2824581,71944699,3363825011
EUROPEA,ZULMA MIRIAM YUJRA MAYTA,"FRENTE AL TELEFERICO ROJO, ESTACION 16 DE JULIO, CALLE PELECHUCO,N °1085, ZONA OBREROS FERROVIARIO DE LA CIUDAD DE EL ALTO.",LA PAZ,EL ALTO,,76221404,4743931
EVA Y FIDE,YNGRID PEREZ BALDERRAMA,"PLAZA JUANA AZURDUY DE PADILLA NO. 1082, ENTRE AVENIDA ANTOFAGASTA Y CALLE 5, ZONA VILLA DOLORES DE LA CIUDAD DE EL ALTO",LA PAZ,EL ALTO,,72360281,6617626012
E Y G,GLADYS NELLY QUISPE PATZI,"PASAJE 1869 NO. 252, ENTRE CALLES ADRIAN PATIÑO Y MERCEDES BELZU, ZONA TEMBLADERANI DE LA CIUDAD DE LA PAZ",LA PAZ,LA PAZ,2424771,71918057,4765681018
FAEMACIA ZILEZ ZILZ,FULGENCIA PILAR SILES TOLA,"CALLE 8, NRO. 82, ENTRE AVENIDA 3 Y AVENIDA ARICA , ZONA SANTIAGO I DE LA CIUDAD DE EL ALTO.",LA PAZ,EL ALTO,,68144077,6919952012
FAGOCITAR S.R.L.,MONICA BURGOA ESCOBAR,"AV. PERIFERICA, CALLE AQUILES NAZOA, NO. 2115, ENTRE CALLE BETZABE Y DURALDE, ZONA SAN CRISTOBAL DE LA CIUDAD DE EL ALTO",LA PAZ,EL ALTO,,62509022,6057635012
FAMIFARMA,MARY CARMEN CHUQUIMIA SOCPAZA,"AV. DEL MAESTRO NO. 536, ZONA 4TO, CENTENARIO, ESQ. LUIS ALBERTO DE LA ROCHA DE LA CIUDAD DE LA PAZ",LA PAZ,LA PAZ,,60160000-61109090,8287153019
FARIDA,BETTY CHOQUE MOLLINEDO,"PLAZA JUANA AZURDUY DE PADILLA NO.1125, ZONA VILLA DOLORES DE LA CIUDAD DE EL ALTO",LA PAZ,EL ALTO,,76792834-67019335,5615434015
FARMA - 14,LOURDES YUPANQUI CRUZ,"AVENIDA SIMON BOLIVAR NO. 4574, ESQUINA AVENIDA 14 DE SEPTIEMBRE DE LA CIUDAD DE EL ALTO",LA PAZ,EL ALTO,,70532485,8339388019
FARMA - ABRIL,VICKY CAROLA CHOQUE QUELCA,"AVENIDA ENTRE RIOS NO 1147, CASI ESQUINA CALLE ISAC SORIA FRENTE AL CEMENTERIO GENERAL DETRAS, ZONA LOS ANDES DE LA CIUDAD DE LA PAZ",LA PAZ,LA PAZ,,76713233,8264222013
FARMAARYU,ESTHER MARIBEL ARCE YUJRA,"CALLE DIEGO LOPEZ DE ZUÑIGA, EDIFICIO SALOMON DE EVETOS RYM RAMPAJE. PISO PB OF. TIENDA EXTERIOR, NO 3215 CASI ESQUINA AV, BOLIVIA ZONA VILLA ALEMANA DE LA CIUDAD DE EL ALTO",LA PAZ,EL ALTO,,735506905,8347223018
FARMABIEN ML,MERY LAURA POMA INTIMAYTA,"AVENIDA 15 DE ABRIL, NO. 569, CALLE CHULUMANI (PLANTA BAJA TIENDA EXTERIOR) A UNA CUADRA DE LA PLAZA DEL MAESTRO, ZONA VILLA FATIMA, DE LA CIUDAD DE LA PAZ",LA PAZ,LA PAZ,,78827788,6011297016
FARMABLANCO,VIVIANA FAVIOLA BLANCO MAMANI,"AVENIDA BUENOS AIRES,N°4152, ENTRE JOSE MARTINIANO B 16 Y CALLE JUAN LEON DE YUNGUYO DE LA CIUDAD DE EL ALTO",LA PAZ,EL ALTO,,69990402,9211166014
FARMA CAR,JHOVANA CACHICATARI VALENCIA,"AVENIDA FRANCO VALLE, NO. 553, ENTRE CALLE 8 Y 9, ZONA 12 DE OCTUBRE DE LA CIUDAD DE EL ALTO",LA PAZ,EL ALTO,2843924,79120406,6034068019
FARMA CARE,ANA PAOLA ZELAYA JUSTINIANO,"AVENIDA T.M. GUTIERREZ, NO. 75, ZONA OBRAJES PROXIMO A LA CALLE 17 DE OBRAJES Y CALLE 1 DE HUANU HUANUNI DE LA CIUDAD DE LA PAZ",LA PAZ,LA PAZ,,76349894,4297266019
FARMACENTER,RODRIGO LIMA GOMEZ,"CALLE SUCRE NO. 1056, ZONA CENTRAL DE LA CIUDAD DE LA PAZ",LA PAZ,LA PAZ,,69801169,4849433015
FARMACENTER II,DELMI ROSLY VELARDE PACHECO,"CALE INGAVI NO. 1051, ZONA CENTRAL CALLES YANACOCHA Y JUNIN AL LADO DEL MINISTERIO DE RELACIONES EXTERIORES DE LA CIUDAD DE LA PAZ",LA PAZ,LA PAZ,,73025599,8278157013
FARMACIA ABC FARMA,VIVIANA CORTEZ QUISBERT,"AVENIDA BOLIVIA, N°409, ESQUINA CALLE F, ZONA CALUYO DE LA CIUDAD DE EL ALTO",LA PAZ,EL ALTO,,73004514,8309151010
FARMACIA AGRAMONT,BEATRIZ ALTAMIRANO LIMA,"CALLE 11, NO. 4035, ENTRE CALLES FRANCISCO CARVAJAL Y FRANCISCO VEZGA, ZONA VILLA DOLORES DE LA CIUDAD DE EL ALTO",LA PAZ,EL ALTO,2822822,72512328,195300020
FARMACIA AGUA RICA SUCURSAL I,XIMENA JUDITH QUISPE ROCHA,CALLE NUEVA YORK N° 104 ENTRE CALLES APOSTOL SANTIAGO Y JUAN GUTIERREZ PANIAGUA ZONA OBISPO INDABURO DE LA CIUDAD DE LA PAZ.,LA PAZ,LA PAZ,,62573979,4867588015
FARMACIA AKAPACHA,BERTHA VALERIANO CONTRERAS,"AVENIDA MARTIN CARDENAS NO. 4090, ENTRE AV. PERES DE HOLGUIN Y AVENIDA AUGUSTO GUZMAN , FRENTE A LA PLAZA 14 DE SEPTIEMBRE, ZONA MERCEDES B DE LA CIUDAD DE EL ALTO",LA PAZ,EL ALTO,,73263174,6817355012
FARMACIA ALEMANA - SUCURSAL ACHUMANI,ROSSIO MERCEDES RODRIGUEZ PADILLA,"CALLE 5, N° 586, ENTRE AVENIDA FUERZA NAVAL Y TOMASA MURILLO, ZONA ACHUMANI DE LA CIUDAD LA PAZ.",LA PAZ,LA PAZ,,76228034,1007029021
FARMACIA ALEXIEL,,"AVENIDA 2, N° 356, ESQUINA CALLE 5, A 3 CUADRAS Y MEDIA DE LA PLAZA DEL MINERO, ZONA SANTIAGO SEGUNDO DE LA CIUDAD DE EL ALTO",LA PAZ,EL ALTO,,74038962,9213655012
FARMACIA ALFA MEDICAL,CARMIÑA CHOQUE VASQUEZ,AVENIDA LADISLAO CABRERA N° 2134 ENTRE AVENIDA BOLIVIA Y CALLE APOLOBAMBA ZONA CRUCE VILLA ADELA DE LA CIUDAD DE EL ALTO.,LA PAZ,EL ALTO,,74007323,3155329010
FARMACIA ALMA INMORTAL,,CALLE 3 Y 4 NO 1114 DE ZONA VILLA BOLIVAR,LA PAZ,EL ALTO,,73745664,6005601017
FARMACIA AMELUZ G Y T,ZULEMA KAREN CONDORI GUTIERREZ,CALLE COLORADOS N° 85 ENTRE CALLE CAQUIAVIRI Y AVENIDA WARISATA ZONA VILLA HUAYNA POTOSI DE LA CIUDAD DE EL ALTO.,LA PAZ,EL ALTO,,78845969 - 73585165,7049132013
FARMACIA AMERICA,,CALLE YUNGAS N° 601 ZONA BARBARA DE LA CIUDAD DE LA PAZ.,LA PAZ,LA PAZ,,2204294,2616505018
FARMACIA AMIEY,JENNY MARGOTH ALIAGA AGUILAR,AVENIDA BUENOS AIRES N° 1882 ZONA TEMBLADERANI ENTRE AVENIDA FINAL LANDAETA Y ESTACION DEL TELEFERICO AMARILLO COTAHUMA DE LA CIUDAD DE LA PAZ.,LA PAZ,LA PAZ,,65170101,5959278015
FARMACIA ANAFARMA,MARIA EUGENIA MENDOZA HUANCA,"AVENIDA BUENOS AIRES, NO. 225, ESQUINA PASAJE TARBO FRENTE A LA UE. BRASIL, ZONA EX TRANCA RIO SECO, DE LA CIUDAD DE EL ALTO",LA PAZ,EL ALTO,,79122289,4874286013
FARMACIA ANALY,,"AVENIDA CASTO VALENCIA, N° S/N, ESQUINA CALLE 8 DE DICIEMBRE A DOS CUADRA DE LA PLAZA PRINCIPAL, ZONA CENTRAL DE LA CIUDAD DE APOLO.",LA PAZ,APOLO,,68156683,9197303014
FARMACIA ANDREAS,ERICK EDDY TICONA ESPINOZA,"AVENIDA SIMON BOLIVAR NRO. 3565, ZONA 14 DE SEPTIEMBRE DE LA CIUDAD DE EL ALTO",LA PAZ,EL ALTO,,67056278,10018136018
FARMACIA ANDROMEDA,,"AVENIDA DIEGO PORTUGAL, N° 1120, ENTRE AVENIDA SATELITE Y CALLE 8B, ZONA CIUDAD SATELITE DE LA CIUDAD DE EL ALTO",LA PAZ,EL ALTO,,77538257,6028350012
FARMACIA ANDY,,AVENIDA JUAN JOSE TORREZ N° 22 CASI ESQUINA CALLE 1 ZONA 3 DE MAYO DE LA CIUDAD DE LA PAZ,LA PAZ,LA PAZ,,60518748 - 76036605,6845770015
FARMACIA ANGELITOS I,DEYSI FIDELIA PALLARICO VILA,"AVENIDA JOSEFA MUJIA, N° 2000, AVENIDA OCTAVIO CAMPERO, ESQUINA JOSEFA MUJIA FRENTE SINDICATO SIMON BOLIVAR ZONA ALTO SAN ANTONIO DE LA CIUDAD DE LA PAZ.",LA PAZ,LA PAZ,,69748881,2449565015
FARMACIA APOSTOL SANTIAGO,RONNY ALAN GARCIA CHOQUETICLLA,"ZONA SANTIAGO II, CALLE 9 NO. 766 DE LA CIUDAD DE EL ALTO",LA PAZ,EL ALTO,,71181432-76297943,5756311015
FARMACIA ARIBEL,ISABEL NENA ARIAS BELTRAN,"AVENIDA LITORAL N°250 ZONA CORAZON DE JESUS, ENTRE LA AVENIDA GUADALQUIVIR Y LITORAL",LA PAZ,EL ALTO,,72058428,8316072016
FARMACIA ARLET CS - PHARMA,CARMEN COLQUE SILVESTRE,AVENIDA PANAMERICANA N° 63 ENTRE LAS CALLES BENI Y PANDO LADO BANCO SARTAWI ZONA CENTRAL DEL MUNICIPIO DE PATACAMAYA DEL DEPARTAMENTO DE LA PAZ.,LA PAZ,PATACAMAYA,,75860632,9897327018
FARMACIA ARTESANAL ARTFLORA S.R.L,,"AVENIDA SANCHEZ LIMA, NO. 2557, EDIFICIO TORRE CODES, PLANTA BAJA ENTRE PEDRO SALAZAR Y LISIMACO GUTIERREZ, ZONA SOPOCACHI DE LA CIUDAD DE LA PAZ",LA PAZ,LA PAZ,,68764014,1012471029
FARMACIA ARTESANAL SUCURSAL 1 ARTFLORA S.R.L.,EDITH ZULMA QUIBERT POMA,"CALLE EVADIODS DEL PARAGUAY, N°20 EX YTERMINAL A UNA CUADRA DE LA AVENIDA 6 DE MARZO, AL LADO DE LA TRANSPORTADORA COSMOS, ZONA VILLA BOLOIVAR A",LA PAZ,EL ALTO,,63122020 - 68764014,1012471029
FARMACIA ASISMEDICAL S.R.L.,RONALD CHUQUIMIA SANCHEZ,"CALLE B NO. 650, ESQUINA CALLE 5, ZONA PACAJES CALUYO DE LA CIUDAD DE EL ALTO",LA PAZ,EL ALTO,2832650,73071894,393947023
FARMACIA BELA,PAMELA BAUTISTA ALVAREZ,"AVENIDA MARISCAL SANTA CRUZ, N° 6010, ZONA MARISCAL SANTA CRUZ UV 4L, ESQUINA CALLE LOAYZA DEL MUNICIPIO DE VIACHA",LA PAZ,VIACHA,,78994352,6193606013
FARMACIA BIOSUR,,AVENIDA LA PAZ NO ZONA LOS ANDES,LA PAZ,EL ALTO,,75866623,4792368018
FARMACIA BLANCO,DENIS ED JHOAN BLANCO LLUSCO,"AV. KOLLASUYO NO. 36 ENTRE CALLES TACNA Y GENOVEVA RIOS, ZONA LA PORTADA DE LA CIUDAD DE LA PAZ",LA PAZ,LA PAZ,,76266876,9100657014
FARMACIA BOLIVIA - COBOFAR S.A. SUCURSAL 82,,AVENIDA PANORAMIXA N° S/N ZONA CIUDAD SATELITE DE LA CIUDAD DE EL ALTO,LA PAZ,EL ALTO,,,1022039027
FARMACIA BRIFARMA,NORAH DANIELA MICHEL BUSTILLOS,"CALLE 4 NO. 1000, ESQ. AV. 14 DE SEPTIEMBRE, ZONA RIO SECO-BRASIL DE LA CIUDAD DE EL ALTO",LA PAZ,EL ALTO,,77766998,7083027017
FARMACIA BUENA ESPERANZA,MARITZA NANCY RIVERA VALLE,AVENIDA BUENOS AIRES N° 1132 ENTRE CALLE VANGUARDIA Y CALLE VILLAMIL DE RADA ZONA VILLA NUEVA POTOSI DE LA CIUDAD DE LA PAZ.,LA PAZ,LA PAZ,,61004219,1080787015
FARMACIA B&V,JOANNA BRIGIDA DE JESUS TARIFA LIRA,"AVENIDA ESPAÑA, NO.20, ZONA VILLA ADELA, DE LA CIUDAD DE EL ALTO",LA PAZ,EL ALTO,,79106585,6892968014
FARMACIA CABRERA,DISNEY DARINKA CABRERA CESPEDES,"AV. FRANCO VALLE, NO. 36 ENTRE CALLES 7 Y 8, PLANTA BAJA, ZONA 12 DE OCTUBRE DE LA CIUDAD DE EL ALTO",LA PAZ,EL ALTO,,60125664,9928661016
FARMACIA CAJA DE SALUD CORDES-POLICLINICO CENTRAL,DELIA TICONA CRUZ,"AVENIDA ARCE, NO. 2419, ENTRE PLAZA ISABEL LA CATOLICA Y BELISARIO SALINAS DE LA CIUDAD DE LA PAZ",LA PAZ,LA PAZ,2441611 INT 111,76213007,1017475028
FARMACIA CAJA DE SALUD DE LA BANCA PRIVADA,OLGA ELIZABETH VARGAS VIDAURRE,"CALLE CAPITAN RAVELO NO. 100, EDIF CAJA BANCARIA, ZONA SOPOCACHI DE LA CIUDAD DE LA PAZ",LA PAZ,LA PAZ,2317274,79571530,1020635028
FARMACIA CAMICELI,SEFORA FLORA LUQUE QUISPE,"CALLE RIVAS NO. 14, ZONA SAN LUIS TASA A MEDIA CUADRA DE LA AVENIDA COCHABAMBA DE LA CIUDAD DE EL ALTO",LA PAZ,EL ALTO,,79680201,4817539017
FARMACIA CAMPERO,LAURA NABIL MUÑOZ ORTIZ,"AVENIDA ALFONSO UGARTE, EDIFICIO CENTRO COMERCIAL SHOPPING 16 DE JULIO, PISO PLANTA BAJA, OFICINA NEXTERIOR, NRO 3015, ENTRE ESQUINA  CALLE NERY Y AVENIDA 16 DE JULIO DE LA CIUDAD DE EL ALTO",LA PAZ,EL ALTO,,78848149,4771387019
FARMACIA CARDINAL,JUDITH LUCERO DELGADO CARRILLO,"AVENIDA BOLIVIA, N° 414, ENTRE CALLES G Y F, ZONA VILLA CALUYO DE LA CIUDAD DE EL ALTO",LA PAZ,EL ALTO,,79667552,15481275010
FARMACIA CAREAGA,NICOLE ANDREA CAREAGA MENDOZA,"AVENIDA BUSCH, EDIFICIO MIRAFLORES NORTE, PISO PB. LOCAL 7, N°688, ENTRE CALLE PUERTO RICO  Y PLAZA VILLAROEL, ZONA MIRAFLORES",LA PAZ,LA PAZ,,70180383,6128523019
FARMACIA CAREAGA SUCURSAL I,GEIMY LIZETH PALLARES CUEVAS,"CALLE GUATEMALA N° 1015 EDIFICIO NANTES, PLANTA BAJA, OFICINA 1,  ESQUINA TEJADA SORZANO ZONA MIRAFLORES DE LA CIUDAD DE LA PAZ",LA PAZ,LA PAZ,,70180383,6128523019
FARMACIA CASTAÑETA Y C,YHESICA CASTAÑETA YUJRA,"AVENIDA QUILLACOLLO, N° 192, ENTRE CALLE 12 SACABA Y CALLE 14, ZONA VILLA TUNARI DE LA CIUDAD EL ALTO.",LA PAZ,EL ALTO,,67070394,13118141016
FARMACIA CASTILLO B & E,BETTY FLORES CASTILLO,AVENIDA PANORAMICA N° 1542 ESQUINA AVENIDA MANCO KAPAC ZONA URBANIZACIÓN CRUZ DE LAGUNA DEL MUNICIPIO DE EL ALTO.,LA PAZ,EL ALTO,,76581965,7095957011
FARMACIA CATEDRAL SUCURSAL 12,BRENDA NICOLE CORDERO MORALES,CALLE 10 N° 412 EDIFICIO VITRUVIO TORRE A ESQUINA AVENIDA BALLIVIAN FRENTE AL HOTEL CAMINO REAL ZONA CALACOTO DE LA CIUDAD DE LA PAZ.,LA PAZ,LA PAZ,2773838,70525881,1393005016
FARMACIA C.B.A. TE CUIDA,YOVANA YANETT CLEMENTE MAMANI,"AVENIDA 7 DE OCTUBRE, NRO. 2864, ESQUINA AVENIDA PERIFERICA, ZONA 31 DE JUNIO DE LA CIUDAD DE EL ALTO.",LA PAZ,EL ALTO,,70615489-63123922,8371004017
FARMACIA CENTRO DE ESPECIALIDADES MEDICAS PROSALUD  MIRAFLORES,NINOSKA NILDA RIOS ARGUEDAS,"AVENIDA BUSCH, EDIFICIO RADA URQUIETA PISO NRO 2 NRO 1343, ZONA MIRAFLORES DE LA CIUDAD DE LA PAZ",LA PAZ,LA PAZ,,71558852,1028231025
"FARMACIA CENTRO MEDICO PAMPAHASI ""CEMEPA""",SANDRA ANDREA LARREA VASQUEZ,"ZONA PAMPAHASI BAJO, CALLE E, AVENIDA 5 RAUL SALMON, NO.1, DE LA CIUDAD DE LA PAZ",LA PAZ,LA PAZ,2256252,71509798-72078366,1242127019
FARMACIA CEQMI,LIZETH WENDY SARAVIA CHIPANA,AVENIDA BOLIVIA EDIFICIO CLINICA CEQMI N° 1130 ESQUINA CALLE 8 A 2 CUADRAS DE LA PARROQUIA VIRGEN DE LA ESPERANZA ZONA VILLA BOLIVAR DE LA CIUDAD DE EL ALTO,LA PAZ,EL ALTO,,60655300,9178414016
FARMACIA CHAVEZ S.A - SUCURSAL 6 DE AGOSTO,MABY MARIA ZAPANA OSCO,"AVENIDA 6 DE AGOSTO , EDIFICIO COSMOPOLITAN, PISO 1, DEPARTAMENTO /LOCAL/OFICINA: LOCAL 102, NO. 2882, FRENTE A LA CLINICA VIRGEN DE LA ASUNCION, ZONA CENTRO DE LA CIUDAD DE LA PAZ",LA PAZ,LA PAZ,,77663428,133795023
FARMACIA CHAVEZ S.A. SUCURSAL ACHUMANI,JUAN JOSE POCOATA CONDORI,"AVENIDA GARCIA LANZA NRO. 80, ZONA ACHUMANI DE LA CIUDAD DE LA PAZ.",LA PAZ,LA PAZ,,77663428,133795023
FARMACIA CHAVEZ S.A - SUCURSAL ACHUMANI KETAL,,ABROGACION DE LA RESOLUCION,LA PAZ,LA PAZ,,77663428,172758021
FARMACIA CHAVEZ S.A. SUCURSAL ACHUMANI MERCADO,REBECA AGUILAR CABALLERO,"AVENIDA GARCIA LANZA , N° 330, ESQUINA CALLE 16, ZONA ACHUMANI DE LA CIUDAD DE LA PAZ.",LA PAZ,LA PAZ,,77663428,133795023
FARMACIA CHAVEZ S.A - SUCURSAL ARANJUEZ,GABRIELA VARGAS PAUCARA,"AV. HERNANDO SILES, SUPERMERCADO MI SUPER I, NO. 13, ZONA ARANJUEZ, DE LA CIUDAD DE LA PAZ",LA PAZ,LA PAZ,,77663428,133795023
FARMACIA CHAVEZ S.A - SUCURSAL AUTOFARMA,JOVANA FLORENCIA MAMANI ALANOCA,"AVENIDA BALLIVIAN, ESQUINA CALLE 16, NO. 941, ZONA CALACOTO, DE LA CIUDAD DE LA PAZ",LA PAZ,LA PAZ,,77663428,133795023
FARMACIA CHAVEZ S.A - SUCURSAL AV. ARCE,ANTONIO ALFONZO GUZMAN GARCIA,"AV. ARCE, ESQUINA GOSALVEZ, EDIF. APOLO NO. 2670, ZONA SOPOCACHI DE LA CIUDAD DE LA PAZ",LA PAZ,LA PAZ,,77663428,172758021
FARMACIA CHAVEZ S.A - SUCURSAL AVAROA,NATALIA CECILIA ABASTOFLOR CACERES,"BELISARIO SALINAS, NRO 438, ENTRE AVENIDA 20 DE OCTUBRE Y CALLE SANCHEZ LIMA, FRENTE  A LA PLAZA ABAROA DE LA CIUDAD DE LA PAZ",LA PAZ,LA PAZ,,77663428,133795023
FARMACIA CHAVEZ S.A. - SUCURSAL BUSCH,LESLY STEPHANIE MACHACA INCA,AVENIDA BUSCH N° 1715 ESQUINA AVENIDA CARRASCO ZONA MIRAFLORES DE LA CIUDAD DE LA PAZ,LA PAZ,LA PAZ,,77663428,133795023
FARMACIA CHAVEZ S.A - SUCURSAL BUSCH MIRAFLORES,LUIS GABRIEL VALDEZ TORREZ,"AVENIDA BUSCH , EDIFICIO C&C NO. 1924, ZONA MIRAFLORES DE LA CIUDAD DE LA PAZ",LA PAZ,LA PAZ,,77663428,133795023
FARMACIA CHAVEZ S.A - SUCURSAL CALACOTO,MARIA ELBA CONDORI QUENTA,"CALLE 21, S/N, ESQUINA PASAJE IGNACIO CORDERO, PB. EDIFICIO TORRES I, LOCAL 2, ZONA CALACOTO, DE LA CIUDAD DE LA PAZ",LA PAZ,LA PAZ,,77663428,133795023
FARMACIA CHAVEZ S.A - SUCURSAL CAMACHO,NANCY ROSMERY LIPIRI ALEMAN,"AVENIDA CAMACHO ESQUINA LOAYZA, EDIFICIO SAENZ, PISO 1, OF. 1 NO. 1389, ZONA CENTRAL, DE LA CIUDAD DE LA PAZ",LA PAZ,LA PAZ,,77663428,133795023
FARMACIA CHAVEZ S.A. SUCURSAL COLON,ALISON JHOSELIN RONDO NINA,"AVENIDA CAMACHO, NO. 1332, ESQUINA CALLE COLON ,ZONA CENTRAL DE LA CIUDAD DE LA PAZ",LA PAZ,LA PAZ,,77663428,133795023
FARMACIA CHAVEZ S.A. SUCURSAL COTA COTA,MARIA BELEN IBAÑEZ,CALLE LUIS ESPINAL N° 90 ZONA COTA COTA DE LA CIUDAD DE LA PAZ,LA PAZ,LA PAZ,,77663428,133795023
FARMACIA CHAVEZ S.A. SUCURSAL IGLESIA,MARITZA ASCARRUNZ BARAHONA,"AVENIDA BALLIVIAN, NO. 1417, EDIFICIO GALERIA S/N, PLANTA BAJA LOCAL C3, SOBRE LA AVENIDA BALLIVIAN ESQUINA CALLE 21 DE CALACOTO, ZONA CALACOTO DE LA CIUDAD DE LA PAZ",LA PAZ,LA PAZ,,77663428,133795023
FARMACIA CHAVEZ S.A - SUCURSAL IRPAVI,ANAID PAMELA RUIZ ALIAGA,"CALLE 1 NO. 612, ZONA IRPAVI DE LA CIUDAD DE LA PAZ",LA PAZ,LA PAZ,,77663428,172758021
FARMACIA CHAVEZ S.A - SUCURSAL KETAL OBRAJES,PAOLA ANDREA SALAZAR CUSICANQUI,"AVENIDA 14 DE SEPTIEMBRE, EDIFICIO KETAL, PLANTA BAJA, NO. 460, ZONA OBRAJES DE LA CIUDAD DE LA PAZ",LA PAZ,LA PAZ,,77663428,133795023
FARMACIA CHAVEZ S.A - SUCURSAL LOS PINOS I,YOLANDA ELEUTERIA LOPEZ BRAVO,"CALLE LOS PINOS ESQ. CALLE 7 N° S/N BLOQUE 131, ZONA LOS PINOS DE LA CIUDAD DE LA PAZ",LA PAZ,LA PAZ,,77663428,133795023
FARMACIA CHAVEZ S.A - SUCURSAL LOS PINOS II,FREDDY JUNIOR LUJAN CAMPERO,"AV. JOSE MARIA AGUIRRE NO. 26, ZONA LOS PINOS DE LA CIUDAD DE LA PAZ",LA PAZ,LA PAZ,,77663428,133795023
FARMACIA CHAVEZ S.A - SUCURSAL MEGACENTER,LILIANA FATIMA BENAVIDES VALDEZ,"AV. RAFAEL PABON S/N EDIF. MEGACENTER (DENTRO DEL SUPERMERCADO KETAL), ZONA IRPAVI DE LA CIUDAD DE LA PAZ",LA PAZ,LA PAZ,,77663428,133795023
FARMACIA CHAVEZ S.A - SUCURSAL MONTENEGRO,PAOLA ABIGAIL FLORES CABRERA,"AVENIDA MONTENEGRO NO. 1323, ZONA SAN MIGUEL DE LA CIUDAD DE LA PAZ",LA PAZ,LA PAZ,,77663428,133795023
FARMACIA CHAVEZ S.A - SUCURSAL OBRAJES CALLE 8,JUANA LENY MAMANI BULLAN,"AVENIDA HERNANDO SILES NO. 5411, EDIFICIO IGNACIO DE LOYOLA II. PB. ,OFICINA 1, ZONA OBRAJES DE LA CIUDAD DE LA PAZ",LA PAZ,LA PAZ,,77663428,133795023
FARMACIA CHAVEZ S.A - SUCURSAL PLAZA TRIANGULAR,GUADALUPE MAMANI MURGA,"AVENIDA ARGENTINA ESQUINA NICARAGUA S/N FRENTE A LA PLAZA TRIANGULAR PARADA TELEFERICO BLANCO, ZONA MIRAFLORES DE LA CIUDAD DE LA PAZ",LA PAZ,LA PAZ,,77663428,133795023
FARMACIA CHAVEZ S.A - SUCURSAL PLAZA UYUNI,THALIA ANGHY POMA LUQUE,"AVENIDA ITURRALDE, NO. 1390, PLAZA UYUNI, ZONA MIRAFLORES DE LA CIUDAD DE LA PAZ",LA PAZ,LA PAZ,,,133795023
FARMACIA CHAVEZ S.A - SUCURSAL PRADO,KARLA CECILIA NOLASCO MACHICAO,"AVENIDA 16 DE JULIO, NO. 1490, EDIFICIO AVENIDA, PISO PLANTA BAJA, ZONA CENTRAL DE LA CIUDAD DE LA PAZ",LA PAZ,LA PAZ,,77663428,133795023
FARMACIA CHAVEZ S.A - SUCURSAL PRADO II,DAYANA PAOLA GUIBARRA MARCA,"AVENIDA 16 DE JULIO NO. 1450, EDIFICIO CARACAS, PISO PB. , FRENTE A LA PLAZA VENEZUELA DE LA CIUDAD DE LA PAZ",LA PAZ,LA PAZ,,77663428,133795023
FARMACIA CHAVEZ S.A. SUCURSAL  RODRIGUEZ,YAMILKA ALISSON CORONEL SANCHEZ,"CALLE ZOILO FLORES, NO. 1198, ESQUINA CALLE RIO BAMBA ZONA SAN PEDRO DE LA CIUDAD DE LA PAZ",LA PAZ,LA PAZ,,77663428,133795023
FARMACIA CHAVEZ S.A - SUCURSAL SAN ANTONIO,LIZETH FRANCY ROSPIGLIOZZI PATIÑO,"AV. PASOSKANKI (ESTEBAN ARCE) NO. 1762, ZONA VILLA COPACABANA, DE LA CIUDAD DE LA PAZ",LA PAZ,LA PAZ,,77663428,133795023
FARMACIA CHAVEZ S.A - SUCURSAL SAN PEDRO XPRESS,JHOSSELIN TORREZ GUTIERREZ,"AVENIDA ALMIRANTE GRAU, NO. 349, ZONA SAN PEDRO DE LA CIUDAD DE LA PAZ",LA PAZ,LA PAZ,,77663428,133795023
FARMACIA CHAVEZ S.A - SUCURSAL SATELITE,ABIGAIL TITO MAMANI,"CALLE V. LECUÑA NO. 612, FRENTE AL BANCO FIE, ZONA SATELITE PLAN 105 DE LA CIUDAD DE EL ALTO",LA PAZ,EL ALTO,,77663428,133795023
FARMACIA CHAVEZ S.A. SUCURSAL TEMBLADERANI,ERICK SEBASTIAN SUXO GOYTIA,CALLE JOSE SARAVIA NO. 1799 ZONA TEMBLADERANI DE LA CIUDAD DE LA PAZ,LA PAZ,LA PAZ,,77663428,133795023
FARMACIA CHAVEZ S.A - SUCURSAL TUMUSLA,GABRIELA ALEYDA HALCON MAMANI,"CALLE TUMUSLA S/N, EDIFICIO SANTA ISABEL, PISO 1, ZONA MAX PAREDES (CASI ESQUINA CALLE BUENOS AIRES) DE LA CIUDAD DE LA PAZ",LA PAZ,LA PAZ,,77663428,133795023
FARMACIA CHAVEZ S.A. SUCURSAL YUNGAS,MILENKA ROSARIO ALVAREZ CUARETTI,"CALLE YUNGAS, N° 968, ZONA CENTRAL DE LA CIUDAD DE LA PAZ.",LA PAZ,LA PAZ,,78401347,133795023
FARMACIA CHAVEZ S.R.LSUCURSAL 6 DE AGOSTO,,AVENIDA 6 DE AGOSTO EDIF. INTIWARA ESQ. PINILLA LOCAL 2 ZONA SOPOCACHI,LA PAZ,LA PAZ,,77663428,133795023
FARMACIA CHAVEZ SUCURSAL VILLA DOLORES,,"CALLE 5, N° 1082, ZONA VILLA DOLORES DE LA CIUDAD DE EL ALTO.",LA PAZ,EL ALTO,,78401347,133795023
FARMACIA CHEJEPACHA,DAYSI ALISSON CHOQUE APAZA,"AVENIDA COHONI, N° 2065, ENTRE ALIPIO VEGA Y FABIAN VACA CHAVEZ, ZONA GERMAN BUSCH 1-1-3 DEL MUNICIPIO DE EL ALTO",LA PAZ,EL ALTO,,76599643,10931869013
FARMACIA CHUQUIAGO,RODRIGO PERALTA TAPIA,"CALLE CARLOS ROMERO, N° 150, ZONA SOPOCACHI ALTO, CASI ESQUINA AVENIDA VICTOR AGUSTIN UGARTE DE LA CIUDAD DE LA PAZ.",LA PAZ,LA PAZ,2420434,78847240,3341053012
FARMACIA CIES LA PAZ N° 2 SUCURSAL CHASQUIPAMPA,ABEL QUISPE TORREZ,AVENIDA PALCA N° 50 ENTRE CALLE 48 Y 49 ZONA CHASQUIPAMPA DE LA CIUDAD DE LA PAZ,LA PAZ,LA PAZ,,76768144 - 69933121,1006987025
FARMACIA C.I.M.F.A. VILLA TUNARI,DIONICIA ZEGARRA LAURA,"CALLE 10, S/N, ENTRE CALLE ABEL ITURRALDE Y AVENIDA ANTONIO JOSE DE SUCRE, ZONA VILLA TUNARI DE LA CIUDAD DE EL ALTO.",LA PAZ,EL ALTO,2860032,,120125027
FARMACIA CIUDAD SATELITE,NADEZKA WENNIE YAVE BAUTISTA,"AVENIDA SATELITE Y CALLE BALLIVIAN ,NO. 514, ZONA CIUDAD SATELITE, PLAN 405, DE LA CIUDAD DE EL ALTO",LA PAZ,EL ALTO,,62540000,3351623014
FARMACIA CIUDAD SATELITE,,AVENIDA SATELITE N° 514 ZONA CIUDAD SATELITE PLAN 50 ESQUINA CALLE BALLIVIAN OTERO DE LA CIUDAD DE EL ALTO,LA PAZ,EL ALTO,,62540000,2079603014
FARMACIA CLINICA DEL SUR,LOURDES ROSARIO CARRASCO GAMARRA,"AVENIDA HERNANDO SILES, NO. 3539, ZONA OBRAJES DE LA CIUDAD DE LA PAZ",LA PAZ,LA PAZ,2784001,70620704,1020755024
FARMACIA CLINICA REGIONAL DE LA PAZ DE LA BANCA PRIVADA,YOSHIO YULENKA YEPEZ SANCHEZ,AVENIDA HECTOR ORMACHEA N° 996 ZONA OBRAJES DE LA CIUDAD DE LA PAZ,LA PAZ,LA PAZ,2786878,73541608,1020635028
FARMACIA CONSEJO Y SALUD,GLORIA LETICIA JIMENEZ LLIFUTA,"AVENIDA JUAN LECHIN OQUENDO, N° 924, ENTRE CALLE 12 Y CALLE 10, ZONA RIO SECO MERCADO DEL CARMEN DE LA CIUDAD DE EL ALTO",LA PAZ,EL ALTO,,62366813,4335517015
FARMACIA CRISTAL,GABRIELA RAMIREZ TOLA,"AVENIDA ACHOCALLA, NO 7, ENTRE AV. 3 Y 4, ZONA URBANIZACION ROSAS PAMPA, DE LA CIUDAD DE EL ALTO",LA PAZ,EL ALTO,,78986017,9250840018
FARMACIA CRISTO VIENE,ANDREA SILVANA NINA MOLLISACA,"AVENIDA A, NO 151, ENTRE CALLE 5 Y CALLE H-7, AL FRENTE DE LA CALLE H-5, ZONA NUEVOS HORIZONTES 1, DE LA CIUDAD DE EL ALTO",LA PAZ,EL ALTO,,74078910,5943205016
FARMACIA DANAE,DEYSI ELEN CONDORI GOMEZ,"CALLE INCA ROCA, N° 4214, CARRETERA LAJA, ZONA JERUSALEN DE LA CIUDAD DE EL ALTO",LA PAZ,EL ALTO,,78761991,9252285015
FARMACIA DAVID,JANNET CALLISAYA QUISPE,"AV. SUCRE NO. 375, ZONA ALTO LIMA 3RA SECCION DE LA CIUDAD DE EL ALTO",LA PAZ,EL ALTO,,79642320,4877823018
FARMACIA DAYANA D Y R,DAYANA SOFIA TELLERIA RODRIGUEZ,CALLE ADOLFO GONZALES N° 1174 ESQUINA AVENIDA JAIMES ZUDAÑES A UNA CUADRA  DE LA PLAZA LIRA ZONA ALTO SOPOCACHI DE LA CIUDAD DE LA PAZ.,LA PAZ,LA PAZ,,61112738,6995005017
FARMACIA DE LA CLINICA MEDICA DE ATENCION INTEGRAL OBRAJES CMAIO S.R.L.,,"AVENIDA HERNANDO SILES NO. S/N, EDIFICIO CLINICA MEDICA DE ATENCION INTEGRAL OBRAJES S.R.L., ZONA OBRAJES DE LA CIUDAD DE LA PAZ",LA PAZ,LA PAZ,2-786667/2-786188,,306830025
FARMACIA DEL BARRIO,CLARA XIMENA CHURQUI MENDOZA,CALLE PIO XII N°210 A MEDIA CUADRA DE LA CALLE SAN ISIDRO ZONA BELLA VISTA DE LA CIUDAD DE LA PAZ,LA PAZ,LA PAZ,,69741688,3487022018
FARMACIA DEL HOSPITAL DEL NIÑO DR. OVIDIO ALIAGA URIA,DORA DINA MAGNE VILLMAN,CALLE MAYOR ZUBIETA N° 100 ZONA MIRAFLORES DE LA CIUDAD DE LA PAZ,LA PAZ,LA PAZ,,72018155 - 2245076,123085026
FARMACIA DEL HOSPITAL MILITAR CENTRAL,MARIA LUZ SANCHEZ,"AVENIDA SAAVEDRA, ESQUINA PLAZA SAN MARTIN, EDIFICIO COSSMIL, PB, SIN NUMERO, ZONA MIRAFLORES, DE LA CIUDAD DE LA PAZ",LA PAZ,LA PAZ,2223049,,1019635023
FARMACIA DEL HOSPITAL MUNICIPAL DE PUCARANI,LIZETH JENNY KANTUTA LARUTA,"PLAZA FRANZ TAMAYO, NO. S/N, POR LA CARRETERA A COPACABANA, PROVINCIA LOS ANDES DEL DEPARTAMENTO DE LA PAZ",LA PAZ,PUCARANI,,75820140,123789028
FARMACIA DEL SEDEGES,IVER LEO CHURA MACUCHAPI,"CALLE FINAL ALMIRANTE GRAU NO. 796, ESQUINA RIGOBERTO PAREDES, ZONA SAN PEDRO DE LA CIUDAD DE LA PAZ",LA PAZ,LA PAZ,2490649,,208308028
FARMACIA DEVIS,MARCO ANTONIO CANDIA OBLITAS,"AV. CIVICA NO. 583, ZONA VILLA TEJADA RECTANGULAR DE LA CIUDAD DE EL ALTO",LA PAZ,EL ALTO,,63049004,671573037
FARMACIA DIBOMED,MARIA JULIA NINA FLORES,"AVENIDA PERIFERICA, NRO. 4144, PLAN 400, ENTRE CALLE JAPON Y CALLE  FINAL CALACOTO, ZONA URBANIZACION MERCURIO DE LA CIUDAD DE EL ALTO.",LA PAZ,EL ALTO,,76595080,3335713010
FARMACIA DINOFARMA,NELVA RAMOS TITIRICO,"AVENIDA PUERTO ACOSTA, N° 2105, ESQUINA CALLE SAN PEDRO, ZONA PUERTO CAMACHO DE LA CIUDAD DE EL ALTO",LA PAZ,EL ALTO,,74096123,10028956015
FARMACIA DIVINO NIÑO,CARLA PHILCO SAAVEDRA,AVENIDA JUNIN EDIFICIO PLATA BAJA N° 1654 ENTRE CALLE DAMASO CATARI Y AVENIDA LITORAL ZONA EL PARAISO  DE LA CIUDAD DE EL ALTO.,LA PAZ,EL ALTO,,68106029,9213329019
FARMACIA DOCTORA LOLY,TANIA ALEXANDRA RODRIGUEZ NAVIA,AVENIDA BUSCH N° 1599 EDIFICIO S/N ESQUINA PASOSKANKY ZONA MIRAFLORES DE LA CIUDAD DE LA PAZ,LA PAZ,LA PAZ,,77523478 - 71533107,544662023
FARMACIA DULCE ALIVIO,GRACIELA CONDORI CABRERA,AVENIDA LUIS ESPINAL N° 91 ENTRE LA CALLE MARTIN LUTERO Y AVENIDA JUAN PABLO II ZONA MEJILLONES RIO SECO EX TRANCA DE LA CIUDAD DE EL ALTO,LA PAZ,EL ALTO,,72529896,9076954018
FARMACIA DULCE BIENESTAR,ABIGAIL DELICIA ALMANZA CHOQUE,"AVENIDA JUAN PABLO II, NO. 140, ZONA VILLA ESPERANZA, DEL MUNICIPIO DE EL ALTO",LA PAZ,EL ALTO,,76537311,9079412014
FARMACIA EL ALTO SUR,GEORGIA ELIZABETH POQUECHOQUE BUEZO,"AV. CAQUINGORA, ESQ. CALLE -12, NO. 1165, ENTRE CALLES TAYA KOLLO Y KOSILYA, ZONA COSMOS 79 DE LA CIUDAD DE EL ALTO",LA PAZ,EL ALTO,,70636389,1149958017
FARMACIA ELIEZER,MARTHA MAGALY MENDOZA RAMIREZ,AVENIDA ARGENTINA N° 2145 EDIFICIO BRASIL FRENTE A LA PLAZA SAN MARTIN ZONA MIRAFLORES DE LA CIUDAD DE LA PAZ,LA PAZ,LA PAZ,,63145591,3491347017
FARMACIA EL ROSARIO SUCURSAL 1,,"AVENIDA LADISLAO CABRERA, EDIFICIO TERMINAL METROPOLITANA DE EL ALTO, PISO PB, OFICINA S/N, N° 2, ENTRE AVENIDA PANAMERICANA Y CALLE S/N, 2DA PUERTA DE LA TERMINAL METROPOLITANA, ZONA BOLIVAR B DE LA CIUDAD DE EL ALTO.",LA PAZ,EL ALTO,,72522215 - 77533302,4961360016
FARMACIA ELYPHARMA,ELIZABETH LOURDES BELTRAN POMAR,"CALLE LITORAL NO. 1374, ZONA MIRAFLORES ENTRE AV SAAVEDRA Y PUENTE DE LAS AMERICAS DE LA CIUDAD DE LA PAZ.",LA PAZ,LA PAZ,2223157,70660017,1901427016
FARMACIA EMERITA,TANIA TABOADA MOLINA,"AVENIDA CIVICA, N° 56, ENTRE CALLE 7 Y AVENIDA ACHOCALLA, ZONA SANTA ROSA DE LA CIUDAD DE EL ALTO",LA PAZ,EL ALTO,,76210472 - 76541284,9954620012
FARMACIA ESPECIALIZADA RIVKA,,"CALLE 4, NO. 65 ZONA VILLA EXALTACION, PLANTA BAJA EXTERIOR LOCAL 1, ESQUINA AV. CIVICA DE LA CIUDAD DE EL ALTO",LA PAZ,EL ALTO,,61147005,4795158011
FARMACIA ESPIRITU GUERRERO,NANCY ESTELA TICONA LIMACHI,"AVENIDA PANAMERICANA, N° 5995 PASANDO LA ESTACION DE SERVICIOS YUPANQUI ANTES DE LLEGAR AVENIDA ILLIMANI ZONA URBANIZACION 21 DE OCTUBRE DEL MUNICIPIO DE EL ALTO.",LA PAZ,EL ALTO,,684463165,5183049018
FARMACIA ESTRELLA DE BOLIVIA SUCURSAL 1,,"CALLE 2, NO 100 PB EXTERIOR ESQ. AV. HEROES DEL ACRE, KILOMETRO 7, ZONA VILLA BOLIVAR DE LA CIUDAD DE EL ALTO",LA PAZ,EL ALTO,,77752141,2453883019
FARMACIA F4,NELIDA ELVIRA MITA AGUILAR,AVENIDA ZARZUELA Nº726 LADO DE LAS GRADAS CASIFRENTE AL LA CAPILLA ASUNCION ZONA VINOTINTO DE LA CIUDAD DE LA PAZ,LA PAZ,LA PAZ,,69774677,6757592011
FARMACIA FARMACHIC CENTER,HENRY EMILIO LOZANO CONDORI,CALLE 14 AC SATELITE N° 738 ENTRE AVENIDA DIEGO PORTUGAL Y CALLE VICENTE LECUNA AL FRENTE DEL HOSPITAL BOLIVIANO HOLANDES CD SATELITE DE LA CIUDAD DE EL ALTO.,LA PAZ,EL ALTO,,71934389,4958967019
FARMACIA FARMACONT,RUTH MARLENI PACO GOMEZ,AVENIDA MARCELO QUIROGA SANTA CRUZ N° 1920 FRENTE AL MERCADO 4 DE ABRIL ZONA PASANKERI DE LA CIUDAD DE LA PAZ.,LA PAZ,LA PAZ,,60544998,6068456018
FARMACIA FARMAROSS,ROSMERI FLORES QUISBERT,"CALLE 10, N°107, ZONA DE ESCOBAR URIA DE LA CIUDAD DE LA PAZ",LA PAZ,LA PAZ,,73050312,3429469015
FARMACIA FARMATURAL,TANIA ARTEAGA VILLAGOMEZ,"ZONA VILLA FATIMA, CALLE VIRGEN DEL CARMEN NO. 1325, ESQUINA CALLE OCABAYA DE LA CIUDAD DE LA PAZ",LA PAZ,LA PAZ,,73274721-71995731,9020812010
FARMACIA FARMAVEA SUCURSAL 1,AMPARO ESPADA LAURA,"AVENIDA JAIMES FREYRE N 2438 ENTRE CALLE 1 Y ADOLFO GONZALES, ANTES DE LLEGAR AL SUBSIDIO ZONA SOPOCACHI DE LA CIUDAD DE LA PAZ",LA PAZ,LA PAZ,,,6186435017
FARMACIA FARMAVERDE,RAMCES SIMAR CASTILLO CHURA,CALLE PANAMA N° 1281 ENTRE AVENIDA ESTADOS UNIDOS Y CALLE GUERRILLEROS LANZA ZONA MIRAFLORES DE LA CIUDAD DE LA PAZ.,LA PAZ,LA PAZ,,78813597,9114642018
FARMACIA FARMAVICTOR,,"CALLE CABALLERO, N° 479, SOBRECALLE CABALLEROFRENTE A INGRESO DE MERCADO IRPAVI, ZONA IRPAVI",LA PAZ,LA PAZ,,76731258,696515014
FARMACIA FARMAVIDA Y SALUD,SHIRLEY WENDY ROMAN ROMERO,CALLE 3 N° 350 ENTRE CALLE 2 FRENTE A CALLE BOLIVAR ZONA VILLA ARMONIA DE LA CIUDAD DE LA PAZ.,LA PAZ,LA PAZ,,74022272,4316682011
FARMACIA FRIDA,ROSALINDA LIMA LOPEZ,"AVENIDA ADRIAN CASTILLO, NO. 30, ZONA ALTO LIMA 2DA SECCION, ESQUINA LITORAL DE LA CIUDAD DE EL ALTO",LA PAZ,EL ALTO,,70554992,4842368018
FARMACIA GABRIEL VAS,JUANA VASQUEZ MAMANI,AVENIDA JUNIN N° 10 PLAZA DEL POLICIA ZONA VILLA ADELA DE LA CIUDAD DE EL ALTO,LA PAZ,EL ALTO,,72513929,3350773
FARMACIA GOITIA,,"AV. LADISLAO CABRERA N°1064, ENTRE AV. LAJA Y AV. MARISCAL SANTA CRUZ A MEDIA CUADRA DEL INGRESO A LA URBANIZACION JARDIN ZONA URBANIZACION URKUPIÑA II DEL MUNICIPIO DE VIACHA DEL DEPARTAMENTO DE LA PAZ.",LA PAZ,LA PAZ,,,6030090011
FARMACIA GREENESSENCE,INES QUISPE QUISPE,"AVENIDA RAMOS GAVILAN, NO. 1450, ZONA ACHACHICALA ENTRE CALLE 2 Y 3 DE LA CIUDAD DE LA PAZ",LA PAZ,LA PAZ,,69708468,68209100
FARMACIA GRUPO ZAFIROFARM S.R.L.,JHOSSELINE DAYAN BLANCO BELTRAN,"AVENIDA HEROES DEL PACIFICO, EDIFICIO TORRE PACIFICO NO  1221,LOCAL 4,ZONA CENTRAL DE LA CIUDAD DE LA PAZ",LA PAZ,LA PAZ,,68022893,519281027
FARMACIA H.A.I.G. OBRERO N° 1 - C.N.S.,GABY BRUNILDA PEREZ ROMERO,"AVENIDA BRASIL, EDIFICIO HOSPITAL OBRERO S/N, ZONA MIRAFLORES DE LA CIUDAD DE LA PAZ",LA PAZ,LA PAZ,2245518-2245600,,120125027
FARMACIA HAMASHIACH JHESUA S.R.L. SUC. 1,CELIA AGUEDA CHOQUE HUANCA,CALLE 3 DE MAYO N° 4305 ESQUINA CARRETERA CAMINO A LAJA ZONA FRANZ TAMAYO DE LA CIUDAD DE EL ALTO,LA PAZ,EL ALTO,,67147448 - 67183534,580569028
FARMACIA HELEN CANDY,MABEL HEIDY QUISPE LAURA,"AVENIDA KOLLASUYO, NO 1427, ENTRE CALLE J SANTOS PRADA Y CALLE JOSE MARIA ASIN, ZONA EL TEJAR, DE LA CIUDAD DE LA PAZ",LA PAZ,LA PAZ,,75274349,6994329013
FARMACIA HERNANDEZ,ROSARIO HERNANDEZ BELLIDO,"CALLE 131, NRO. 65, ESQUINA CALLE 102, ZONA VILLA BOLIVAR D DE LA CIUDAD DE EL ALTO.",LA PAZ,EL ALTO,,72552703,3479367017
FARMACIA HIBEL GJZ,GRISELDA JAUREGUI ZABALA,AVENIDA CIUDAD DEL NIÑO N° 2002 ESQUINA DE LA CALLE ALIZON ZONA VILLA SALOME DE LA CIUDAD DE LA PAZ,LA PAZ,LA PAZ,,74020136,4872698014
FARMACIA HOSPITAL CORAZON DE JESUS,ROCIO PAOLA TINTA SERRANO,"CALLE 3, ESQUINA CALLE 5 NO. S/N, ZONA VILLA JESUS DEL GRAN PODER DE LA CIUDAD DE EL ALTO",LA PAZ,EL ALTO,2850137-2850701,,1004861026
FARMACIA HOSPITAL LUIS URIA DE LA OLIVA,MONICA MARCELA JEREZ URRIOLAGOITIA,"AVENIDA BURGALETA FINAL S/N, ZONA VILLA COPACABANA DE LA CIUDAD DE LA PAZ",LA PAZ,LA PAZ,2230100,73201887,120125027
FARMACIA HOSPITAL MUNICIPAL LOS PINOS,ROLANDO CERRUTO NUÑEZ,"CALLE 25 NO. S/N, HOSPITAL LOS PINOS, ZONA LOS PINOS DE LA CIUDAD DE LA PAZ",LA PAZ,LA PAZ,2773819-2771120,,1029241022
FARMACIA HOSPITAL MUNICIPAL MODELO COREA,MARIO TITO ACHACOLLO,"CALLE AFRICA, NO. 1095 ENTRE CARRETERA VIACHA LADISLAO CABRERA Y CALLE CONGO, ZONA JANKO CALANI DE LA CIUDAD DE EL ALTO",LA PAZ,EL ALTO,2-2851413,,121811020
FARMACIA H.T.S. HOSPITAL,NAYDA ISABEL IBAÑEZ RODRIGUEZ,"CALLE VICTOR HUGO GUTIERREZ NO. 3784, ENTRE CALLE JUAN MANUEL, CARPIO Y CALLE BALBOA GARCIA, ZONA LOS ANDES, DE LA CIUDAD DE EL ALTO",LA PAZ,EL ALTO,,70592923,411456021
FARMACIA HVD,PAMELA LAURA TRONCOSO AROSQUETA,CALLE 13 EDIFCIO HOSPITAL VILLA DOLORES N° 830 ZONA VILLA DOLORES DE LA CIUDAD DE EL ALTO.,LA PAZ,EL ALTO,,79133217 - 75254571,6121132015
FARMACIA IBA - MED,SILVIA EUGENIA IBAÑEZ LARUTA,PASAJE 27 DE NOVIEMBRE N° 123 ENTRE AVENIDA LA PAZ Y CALLE HERNANI A DOS CUADRAS DE LA PLAZA LA PAZ ZONA LOS ANDES DE LA CIUDAD DE EL ALTO.,LA PAZ,EL ALTO,,74020073,6787521016
FARMACIA IDEAL PARA TU SALUD,ROSMERY BERNAL LIMACHI,"AV. CALLE  MATIAS TERRAZAS N° 7, ENTRE PLAZA GUALBERTO VILLAROEL Y CALLE INDUAVI FRENTE AL GYM, ZONA MIRAFLORES DE LA CIUDAD DE LA PAZ",LA PAZ,LA PAZ,,60139264,13967014016
FARMACIA INGAVI,,"CALLE INGAVI, EDIFICIO INGAVI NO, ZONA CENTRAL",LA PAZ,LA PAZ,2413051,,0
FARMACIA INSTITUCIONAL DEL CENTRO DE SALUD VIRGEN DE FATIMA DEL SEGURO DELEGADO DE SALUD DE LA EMPRESA MINERA COLQUIRI,NOEL PABLO GERONIMO HUAYLLAS,"ZONA INCALACAYA , S/N, CAMPAMENTO MINERO DEL MUNICIPIO DE COLQUIRI, PROVINCIA INQUISIVI, DEL DEPARTAMENTO DE LA PAZ",LA PAZ,COLQUIRI,,67002467-71211125,1006965023
FARMACIA INSTITUCIONAL DEL HOSPITAL DE LA SOCIEDAD MEDIA LUNA ROJA DE LA REPUBLICA ISLAMICA DE IRAN,CELIA ROMANA MORALES MEDINA,"CALLE 8, EDIFICIO HOSPITAL IRAN, PISO 3, NO. 30, ENTRE CALLE JUAN BALZA Y FRANCISCO VEZGA, ZONA VILLA DOLORES DE LA CIUDAD DE EL ALTO",LA PAZ,EL ALTO,28283535,76779933,172486028
FARMACIA INSTITUCIONAL DEL INSTITUTO DE GASTROENTEROLOGIA BOLIVIANO - JAPONES,JANETH HORTENCIA AGUILAR CHAMBI,"AV. SAAVEDRA , NO. S/N , INTERIOR HOSPITAL DE CLINICAS, ZONA MIRAFLORES DE LA CIUDAD DE LA PAZ",LA PAZ,LA PAZ,2246424,,1018119023
FARMACIA INSTITUCIONAL HOSPITAL DE LA MUJER,RUTH RIVERO LINARES,"AVENIDA SAAVEDRA NO. 2273, ZONA MIRAFLORES, DE LA CIUDAD DE LA PAZ",LA PAZ,LA PAZ,2243608,73053072,1019841025
FARMACIA INSTITUCIONAL MUNICIPAL DEL HOSPITAL DE SEGUNDO NIVEL DE VIACHA,RENE ROMERO CASTELLANOS,"CALLE BENI NO. S/N, ZONA SAN SALVADOR DEL MUNICIPIO DE VIACHA - LA PAZ",LA PAZ,VIACHA,2800304,68069862 - 71208963,188156029
FARMACIA INSTITUCIONAL UNIVERSITARIA UMSA,GUIDO ALARCON CHOQUEHUANCA,"CALLE FEDERICO SUAZO NO. 177, EDIF. COLISEO UNIVERSITARIO PB., ZONA CENTRAL DE LA CIUDAD DE LA PAZ",LA PAZ,LA PAZ,,72563048,1020071028
FARMACIA INTEGRACION,JENNY MALENA RIOS BUTRON,"AVENIDA 25 DE JULIO, N° 3374, ZONA 25 DE JULIO ENTRE CALLE PHAXCHANI GRANDE Y CALLE JANKHU LAYME DE LA CIUDAD DE EL ALTO.",LA PAZ,EL ALTO,2160714,73560166,3459024017
FARMACIA JHAZMANY - Z,,"AVENIDA LITORAL N°108, ESQUINA AV. ACHOCALLA, ZONA VENTILLA DE LA CIUDAD DE EL ALTO",LA PAZ,EL ALTO,,79533702,6038598010
FARMACIA JHULIETH,BRYAN GREGORY GUISBERTH ROJAS,"AV. JUAN BAUTISTA OQUENDO NO. 1005, ESQ. LECUÑA, ZONA 16 DE FEBRERO",LA PAZ,EL ALTO,,60518135,9875737019
FARMACIA JUAREZ 2,,"AVENIDA VICTOR SANJNEZ, NO. 2722, ZONA SOPOCACHI, DE LA CIUDAD DE LA PAZ",LA PAZ,LA PAZ,2245284,77260216,5581082015
FARMACIA JUAREZ 3,,"CALLE 25, NO. 111, ESQUINA AVENIDA JOSE AGUIRRE ACHA, ZONA COTA COTA DE LA CIUDAD DE LA PAZ",LA PAZ,LA PAZ,,77260216,5581082015
FARMACIA KARIBU,ROSARIO CLAUDIA CASTRO CONDORI,AVENIDA BUSCH  N° 1099 CASI ESQUINA CALLE REPUBLICA DE CUBA ZONA MIRAFLORES DE LA CIUDAD DE LA PAZ.,LA PAZ,LA PAZ,,72597217,6897349013
FARMACIA KATTY,KATTIA DIMELSA QUINTS OLIVERA,"CALLE 6, NO. 59, PB., ZONA URBANIZACION SANTA ROSA DE LA CIUDAD DE EL ALTO",LA PAZ,EL ALTO,,60614107,6755520010
FARMACIA LA BOTICARIA,MARIE YANINA PACAJES MILLAN,"AVENIDA NACIONES UNIDAS, EDIFICIO S/N, PISO PLANTA BAJA, N° 350, ENTRE CALLE JULIAN APAZA Y CALLE 25 DE DICIEMBRE LADO MULTIFUNCIONAL CEJA, ZONA EL ALTO TEJAR DE LA CIUDAD EL ALTO.",LA PAZ,EL ALTO,,73036241,8329630018
FARMACIA LAGENEROSA,ALVARO CRISTHIAN ROJAS MARINO,"AVENIDA GUADALQUIVIR, ENTRE LA CALLE SAUCES 1, NO 59, ZONA NUEVAS HORIZONTES III DE LA CIUDAD DE EL ALTO",LA PAZ,EL ALTO,,75287202,7049435016
FARMACIA LA PIEDAD,DORA MAMANI TICONA,"AVENIDA BUENOS AIRES, N° 857, ENTRE CALLE LEON DE LA BARRA Y CALLE LOS ANDES ZONA GRAN PODER DE LA CIUDAD DE LA PAZ",LA PAZ,LA PAZ,,6981004-76592281,2626006010
FARMACIA LAYURI,,"AVENIDA 6 DE MARZO, N° 2 CRUCE LAYURI ZONA URBANIZACIÓN CONDE DE LA CIUDAD DE EL ALTO.",LA PAZ,EL ALTO,,76517330,4040085012
FARMACIA LEALTAD,BASILA GREGORIA QUISPE ALI,AVENIDA ENTRE RIOS N° 22 FRENTE AL RETEN POLICIAL Y MERCADO ALTO MARISCAL SANTA CRUZ ZONA ALTO MARISCAL SANTA CRUZ DE LA CIUDAD DE LA PAZ,LA PAZ,LA PAZ,,73241832,6873269011
FARMACIA LEYS,ADRIANA LEYS HUANCA JUMENEZ,"CA,LLE OTERO DE LA VEGA NO 218 ZONA SAN PEDRO DE LA CIUDAD DE LA PAZ",LA PAZ,LA PAZ,,,677996037
FARMACIA LILIS SUCURSAL 1,LINDAURA MIRTHA TITO SARAVIA,CALLE MAYTA CAPAK N° 1004 ENTRE AVENIDA JUAN PABLO Y CALLE OMASUYOS ZONA NUEVA JERUSALEN DE LA CIUDAD DE EL ALTO.,LA PAZ,EL ALTO,,71223068,4994930013
FARMACIA LIZ I,,"CALLE NUÑEZ DEL PRADO NO 15, ZONA VILLA COPACABANA",LA PAZ,LA PAZ,2238563,72525173,1265992017
FARMACIA L & L,LIZZETH KARINA TORREZ CONDORI,"AV. PANORAMICA, NRO. 4034, AL FRENTE DE LA CALLE ESCALONA Y AGUERO DE LA ZONA ALTO TACAGUA DE LA CIUDAD DE EL ALTO",LA PAZ,EL ALTO,,77248972,6980202012
FARMACIA LUZ DEL ANDE,,"CARRETERA CAMINO A VIACHA NO. 2044 ENTRE AV. BOLIVIA Y CRUCE VILLA ADELA, ZONA CRUCE VILLA ADELA, DE LA CIUDAD DE EL ALTO",LA PAZ,EL ALTO,,69781382,13019980019
FARMACIA MAKJOLFARMA,,"CALLE B6 LOS TULIPANES, N°2235, ENTRE CALLE LA PAZ Y BERNANDINO CONDORI, ZONA VILLA ESTHER",LA PAZ,EL ALTO,,60533920,13681235010
FARMACIA MANZANITA,DAVID HILARION QUISPE SOLIZ,"CALLE CONSTANTINO D. MEDINA, NRO.340, DE LA ZONA VILLA DOLORES DE LA CIUDAD DE EL ALTO",LA PAZ,EL ALTO,,70683262,6723581012
FARMACIA MARANATHA N R,,"AVENIDA PANAMERICANA N° 6044 ENTREE CALLE  TIMUSI Y CALLE ALEXANDER (D-7), URBANIZACIÓN 21 DE OCTUBRE DEL MUNICIPIO DEEL ALTO",LA PAZ,EL ALTO,,76533987,6808295019
FARMACIA MARISOL,MARISOL ALARCON PINTO,"AVENIDA ADRIAN CASTILLO, N° 101, ZONA ALTO LIMA 2DA SECCION ESQUINA CALLE PANAMA DE LA CIUDAD DE EL ALTO.",LA PAZ,EL ALTO,,73567545 - 78870735,6076633011
FARMACIA MAVIC,MARYCRUZ ALCON SUCASACA,AVENIDA ESTEBAN ARCE Nº 2315 ZONA VILLA SAN ANTONI DE LA CIUDAD DE LA PAZ,LA PAZ,LA PAZ,,68005514,6825533015
FARMACIA MEDFARMAR,MARIA PAULINA NOVILLO MIRANDA,"AVENIDA ANTOFAGASTA NO 1036,ESQUINA CALLE ESCALONA Y AGUERO,ZONA CIUDAD SATELITE DE LA CIUDAD DE EL ALTO",LA PAZ,LA PAZ,,78964420,4241862015
FARMACIA MEDICAL PLUS JIREH,MARILYN MAMANI ORTEGA,"AVENIDA AMÉRICA, NRO 101, ENTRE CALLE 1 Y 2. ZONA VILLA DOLORES F DE LA CIUDAD DE EL ALTO",LA PAZ,EL ALTO,,67161326,6992155015
FARMACIA MEDI PHARMA,MARIANA VILLAN TUPA,"AVENIDA RAFAEL PABON, N°  2324, ENTRE AVENIDA TOKIO Y CALLE TUNARI (PLANTA BAJA), ZONA 27 DE MAYO DEL MUNICIPIO DE EL ALTO",LA PAZ,EL ALTO,,72016761,4332702011
FARMACIA MEGA INNOVA,NELLY GLADYS QUENTA QUISPE,"AV. SATELITE, EDIFICIO SIN NOMBRE PISO PLANTA BAJA OFICINA LOCAL NRO 219 ENTRE LA AVENIDA PANORAMICA Y CALLE HERMANOS MORALES, ZONA CIUDAD SATELITE, PLAN 561 DE LA CIUDAD DE EL ALTO",LA PAZ,EL ALTO,,72069078,6067228011
FARMACIA MERCIFARMA,EDGAR QUISPE SUBIA,"CALLE ALVAREZ PLATA, NRO. 40, ENTRE AVENIDA  16 DE JULIO Y CALLE 20 DE DICIEMBRE, ZONA  BALLIVIAN DE LA CIUDAD DE EL ALTO",LA PAZ,EL ALTO,,77575548,12484591012
FARMACIA MERYFAR-BOL SUCURSAL 2,MARIANEL KATHERINE NICOLE TERRAZAS AJHUACHO,CALLE ALEJANDRIA EDIFICIO COMERCIAL JUANITA N° 8256 ENTRE CALLES VERSALLES Y RODEO ZONA 25 DE JULIO SENKATA DE LA CIUDAD DE EL ALTO.,LA PAZ,EL ALTO,,78878895,6090050010
FARMACIA MI FAMILIA,YESENIA RAMOS CONDORI,CALLE LAMBATE N° 871 ESQUINA CALLE PALOS BLANCOS FRENTE A LA TERMINAL MINASA ZONA VILLA FATIMA DE LA CIUDAD DE LA PAZ.,LA PAZ,LA PAZ,,77224852,6136906017
FARMACIA MILENIUM,ALEJANDRA FLORES PALLARICO,"AVENIDA PANAMERICANA, EDIFICIO SIN NOMBRE, PISO PLANTA BAJA, LOCAL 1, ENTRE LA PLAZA EDUARDO AVAROA Y EL PASAJE FLORIDA ZONA CENTRAL DEL MUNICIPIO DE PATACAMAYA",LA PAZ,PATACAMAYA,,77727020-69764266,4781158018
FARMACIA MILKA,MILENCA CICELY SILLO RAMOS,CALLE ALMIRANTE GRAU N° 598 ESQUINA CALLE BOQUERON ZONA SAN PEDRO DE LA CIUDAD DE LA PAZ,LA PAZ,LA PAZ,,73081919,2441649011
FARMACIA MI LUZ MARELY SUC. 1,KAREN MAYRA MANZANO VARGAS,"AVENIDA BUENOS AIRES, NRO. 29 DE LA ZONA RIO SECO DE LA CIUDAD DE EL ALTO.",LA PAZ,EL ALTO,,61144789,6945219012
FARMACIA MIROR,GABRIELA GENESIS OROZCO CASTRO,"CALLE PANAMA ESQ. GUERRILLEROS LANZA, NO. 1196, ZONA DE MIRAFLORES DE LA CIUDAD DE LA PAZ",LA PAZ,LA PAZ,,76522733,8264172018
FARMACIA MULTIFARMA TILATA,YHONSA QUISPE CONDORI,"AVENIDA HACIA EL MAR, CARRETERA A VIACHA NO, 23, ENTRE CALLES 11 Y 12 ZONA URKUPIÑA FRANJAS II, DEL MUNICIPIO DE VIACHA",LA PAZ,EL ALTO,,67111889,6767465016
FARMACIA MY ANGEL,SEYNA CINTHIA MAMANI NINA,AVENIDA BOLIVIA N° 1114 ENTRE CALLE 3 Y CALLE 4 ZONA VILLA BOLIVAR DE LA CIUDAD DE EL ALTO.,LA PAZ,EL ALTO,,62531916,4837783019
FARMACIA NEFHER LEE,JIMENA MARCA SIÑANI,"CALLE 10, NRO 1720, ENTRE AVENIDA 2 Y CALLE B DE LA ZONA SANTIAGO II DE LA CIUDAD DE EL ALTO",LA PAZ,EL ALTO,,77722223,672072035
FARMACIA NILSE,SUSANA ALVAREZ GONZALES,"CALLE VIRGEN DEL CARMEN NO 1325, ZONA VILLA FATIMA, ESQUINA CALLE OCOBAYA, ENTRE EL APRQUE ARANDIA Y AV. DE LAS AMERICAS",LA PAZ,LA PAZ,,71995731,345199801
FARMACIA NIPONA,MIRNA MONICA PACHECO CABEZAS,AVENIDA JAPON N° 2004 ESQUINA CALLE ILLIMANI A LADO DE UNA PENSIÓN ZONA INGAVI B DE LA CIUDAD DE EL ALTO,LA PAZ,EL ALTO,,76216955,9249349013
FARMACIA NORMA,,"AVENIDA ENTRE RIOS, N°1511, CASI FRENTE A CALLE MEJILLONES, ZONA ALTO TEJAR DE LA CIUDAD DE LA PAZ",LA PAZ,LA PAZ,,75815193,6872547011
FARMACIA PANIAGUA,BETTY GLADYS TICONA CHIPANA,"AVENIDA DIEGO DE PORTUGAL, NRO. 1256 DE LA ZONA CIUDAD SATÉLITE DE LA CIUDAD DE EL ALTO.",LA PAZ,EL ALTO,,75810956,4310813015
FARMACIA PAPA HILA,SILVIA AMPARO VILLALOBOS TITO,"AVENIDA AMERICA, NO. 98, ESQUINA AVENIDA 21 DE DICIEMBRE A DOS CUADRAS 21 DE DICIEMBRE, ZONA VILLA DOLORES ""F"", DE LA CIUDAD DE EL ALTO",LA PAZ,EL ALTO,,79146231,6034677010
FARMACIA PAZ,VANESSA GUILLERMINA PAZ CALLISAYA,"CALLE RAYMUNDO GONZALES, NO. 1567, ENTRE CALLES REYES CARDONA Y MEJILLONES, ZONA EL TEJAR, DE LA CIUDAD DE LA PAZ",LA PAZ,LA PAZ,,78875389,2311172015
FARMACIA PAZ SUCURSAL 1,BRUNO ADRIAN BUSTILLOS LOPEZ,"CALLE REYES CARDONA, EDIFICIO, CASA 2 PISOS, TIENDA 2, NO 747, ENTRE CALLE LIZARDO TABORGA Y AVENIDA KOLLASUYO, ZONA TEJAR DE LA CIUDAD DE LA PAZ",LA PAZ,LA PAZ,,78875389,2311172015
FARMACIA PHARMACY - PLUS,EVA ROSMERY VALLEJO RAMOS,"AVENIDA ILLIMANI, NRO. 3854 ENTRE CALLE 1 Y CALLE AVAROA FRENTE AL HOSPITAL HEROES DE SENKATA, ZONA 23 DE MARZO DE LA CIUDAD DE EL ALTO.",LA PAZ,EL ALTO,,76517330,4040085012
FARMACIA PHARMAGAMER,GIOVANNA LAVADENZ PADILLA,"AVENIDA JUNIN NRO. 1405, ENTRE CALLE SEPTIEMBRE Y CALLE ANDREA ARIAS CUISA, ZONA PARAISO DE LA CIUDAD DE EL ALTO.",LA PAZ,EL ALTO,,63239745,12896870017
FARMACIA PHARMAVITAL,JHOSELYN CLARES AJATA,AVENIDA CIVICA N° 427 ENTRE CALLE 4 Y CALLE 3 ZONA TEJADA RECTANGULAR DE LA CIUDAD DE EL ALTO.,LA PAZ,EL ALTO,,63141007,8352251010
FARMACIA PRIMAVERA SUCURSAL 1,VICTORIA ALISON TARQUI VILCA,"CALLE  LINO MONASTERIOS, NRO. 1087, ENTRE AVENIDA BAPTISTA Y AVENIDA ENTRE RÍOS, ZONA 14 DE SEPTIEMBRE DE LA CIUDAD DE LA PAZ.",LA PAZ,LA PAZ,,73545887 - 79018084,4811540014
FARMACIA Q FARM,MARIANELA MONICA QUISBERT CALANI,CALLE 4  DE MAYO N° 1234 A UNA CUADRA DE LA PLAZA LIBANO AL FRENTE DE LA CALLE RIGOBERTO PAREDES ZONA SAN PEDRO DE LA CIUDAD DE LA PAZ.,LA PAZ,LA PAZ,,78806203,6985532017
FARMACIA Q Y D SU SALUD,INOCENCIA VIRGINIA CAZAS LIMA,CALLE 8 N° 50 ENTRE AVENIDA ANTOFAGASTA Y CALLE DEMETRIO A TRES CUADRAS Y MEDIA DE LA PLAZA JUANA AZURDUY DE PADILLA ZONA VILLA DOLORES DE LA CIUDAD DE EL ALTO.,LA PAZ,EL ALTO,,73571560,9122783012
FARMACIA RAGA,SARA JAQUELINE GARCIA QUISPE,"AV. BALTAZAR DE SALAS N°.95, PB., (CASI ESQUINA AVENIDA PERIFERICA), ZONA VINO TINTO DE LA CIUDAD DE LA PAZ",LA PAZ,LA PAZ,,71580459,2527569017
FARMACIA RAMOS  R & Y,GABRIELA CALLISAYA CORDERO,"AV. INGAVI, NO. 68, ZONA CENTRAL DEL MUNICIPIO DE VIACHA DE LA CIUDAD DE EL ALTO",LA PAZ,EL ALTO,,73500732,8300523016
FARMACIA RAMOS R&Y SUCURSAL 3,LISETH MAMANI NINA,AVENIDA INGAVI N° 55 ENTRE CALLE LETANIA Y CALLE PEÑARANDA ZONA CENTRAL DE VIACHA DEL MUNICIPIO DE VIACHA DEL DEPARTAMENTO DE LA PAZ,LA PAZ,VIACHA,,73500732,8300523016
FARMACIA RAUDEN,,"CALLE BELISARIO SALINAS, N°331, ENTRE ECUADOR Y ANDRES MUÑOS, CASI AL FRENTE DEL BANCO DE DESARROLLO PRODUCTIVO, ENTRE GUARDERIA Y CAFETERIA, ZONA SOPOCACHI BAJO DE LA CIUDAD DE LA PAZ",LA PAZ,LA PAZ,,75237422 - 70178263,6196686015
FARMACIA REBECA,LAURA REBECA MAMANI LAZO,CALLE MANUEL JOFRE N° 1666 ESQUINA AVENIDA TACAGUA ZONA TACAGUA DE LA CIUDAD DE LA PAZ,LA PAZ,LA PAZ,,74846148,9876721018
FARMACIA REGALIZ,MARIZABEL CARLO AYAVIRI,"AV. JOSE BALLIVIAN, NO 3014, ESQUINA AV. LITORAL, URBANIZACION PRIMAVERA DE LA CIUDAD DE EL ALTO",LA PAZ,EL ALTO,,67153162,7060574014
FARMACIA REPÚBLICA,CESAR AUGUSTO LEDEZMA ALARCON,"CALLE ALFREDO SANJINES, EDIFICIO ARCE, PISO PB, NRO. 1387, ENTRE LA AVENIDA SATÉLITE Y CALLE FELIPE BESTRES, ZONA CIUDAD SATÉLITE PLAN 175 DE LA CIUDAD DE EL ALTO",LA PAZ,EL ALTO,,76534245,9251873018
FARMACIA REYNA ROUSS,LEONOR REYNA PAREDES TICONIPA,"AVENIDA BUENOS AIRES, NO. 1116, ENTRE CALLEJON VANGUARDIA Y CALLE RICARDO BUSTAMANTE, ZONA VILLA NUEVA POTOSI, DE LA CIUDAD DE LA PAZ",LA PAZ,LA PAZ,,61001284,4378433014
FARMACIA RIO JORDAN,EDITH CARLA MAMANI MAYTA,"CALLE 5, N° 72, ESQUINA AV CIUDAD DEL NIÑO Y AV CIRCUNVALCION B ZONA PAMPAHASI DE LA CIUDAD DE LA PAZ.",LA PAZ,LA PAZ,,68090856,6197127015
FARMACIA RODRIGUEZ,MARITZA MARCELA CASTILLO,"CALLE VENACIO BURGOA, EDIFICIO GRAN CAPITOLIO PISO PB, LOCAL EXTERIOR, N° 901, ENTRE CALLES BOQUERON Y RODRIGUEZ FRENTE A LA CALLE VILLAMIL DE RADA, ZONA GRAN PODER DE LA CIUDAD DE LA PAZ",LA PAZ,LA PAZ,,67328815,5979333019
FARMACIA RUTH REYNA,RUTH REYNA CHURA ZELADA,AV. INCAHUASI NO. 3444 ZONA ANTOFAGASTA - ZENKATA DE LA CIUDAD DE EL ALTO,LA PAZ,EL ALTO,,79520277,5484241015
FARMACIA SALMO 121 SUCURSAL 1,JENNY VANEZA HUANCA APAZA,"CALLE MAPIRI, N° 2043, ESQUINA AVENIDA HUATAJATA, ZONA VILLA INGAVI DE LA CIUDAD DE EL ALTO (CERCA A LA UNIDAD EDUCATIVA INGAVI)",LA PAZ,EL ALTO,,71996965,6972852011
FARMACIA SALUBRIDAD,BRIAN JAVIER AMARU,AVENIDA JUAN PABLO II N° 79 ESQUINA AVENIDA INTEGRACIÓN FRENTE A LA CRUZ PAPAL ZONA FERROPETROL DE LA CIUDAD DE EL ALTO,LA PAZ,EL ALTO,,77783271 - 74086736,11083486016
FARMACIA SALUD FARMA,BEATRIZ SILVA VELIZ MAYTA,CALIRI AV. PERIFERICA Nº87,LA PAZ,LA PAZ,,68112162,5996914011
FARMACIAS ALVEAR S.R.L.,VANIA PAMELA LAZARTE AYALA,AVENIDA AWATIÑAS N° 9125 ESQUINA AVENIDA REPUBLICA DE FRANCIA ZONA KISWARAS DE LA CIUDAD DE EL ALTO,LA PAZ,EL ALTO,,71853714,539588028
FARMACIA SAMAFAR,,"AVENIDA TUHUANACU, N° 3, ESQUINA CALLE 132, ZONA ANEXO VILLA BOLIVAR D DEL MUNICIPIO DE EL ALTO",LA PAZ,EL ALTO,,79678636 - 60504224,6145877017
FARMACIA SANA SANA II,KASANDRA MARY  CRUZ MAMANI VILLCA,AVENIDA PANAMERICANA N° 4084 ESQUINA CALLE JULIO ARBOLEADA ZONA PANAMERICANA II DE LA CIUDAD DE EL ALTO.,LA PAZ,EL ALTO,,63080519,6898999017
FARMACIA SAN CARLOS,CLAUDIA ELIZABETH VALLE QUISBERT,CALLE LIMA N ° 410 ESQUINA CALLE CRISTO VENCEDOR ZONA MUNAYPATA DE LA CIUDAD DE LA PAZ,LA PAZ,LA PAZ,,72588190 - 73201015,3475654017
FARMACIA SAN DIEGO DE ALCALA,,"AVENIDA SUCRE A NO 24, EXTERIOR LOCAL 2 ENTRE CALLE ARZABE Y PASAJE 27 DE NOVIEMBRE ZONA LOS ANDES  DE LA CIUDAD DE EL ALTO",LA PAZ,LA PAZ,,,8449031012
"FARMACIA SAN ELOY - I ""Y & G""",CLARA SUSANA CANO QUISPE,"AVENIDA DEL POLICIA, N° 390, ENTRE AVENIDA HERMANO MORALES Y CALLE FELIPE BESTRES, ZONA SATELITE DE LA CIUDAD DE EL ALTO",LA PAZ,EL ALTO,,71580576 - 79608173,8263026013
FARMACIA SAVIFAR,LISSETH MARISOL QUISBERT CASAS,"AVENIDA BOLIVIA NO. 396 ZONA PACAJES, DE LA CIUDAD DE EL ALTO",LA PAZ,EL ALTO,,60135346,4869025019
FARMACIAS BENI,CLARA GRACIELA ROJAS MURILLO,"CALLE ASPIAZU NO. 391, EDIFICIO COPACABANA, PISO P.B. ZONA SOPOCACHI DE LA CIUDAD DE LA PAZ",LA PAZ,LA PAZ,,70612504,3915519011
FARMACIAS BENI SUCURSAL 1,,"CALLE 29 DE HUACOLLO, JAVIER DEL GRANADO NO. 777, ZONA ACHUMANI DE LA CIUDAD DE LA PAZ",LA PAZ,LA PAZ,,70612504,3915519011
FARMACIAS BENI SUCURSAL 2,CARLA DURAN IBAÑEZ,"AVENIDA MUÑOZ REYES, NO. 777, CASI CERCA A LA CALLE 33 Y A UNA CUADRA DEL BANCO SOL, ZONA COTA COTA DE LA CIUDAD DE LA PAZ",LA PAZ,LA PAZ,,70612504,3915519011
FARMACIA SCARLETH SOFIA,,CALLE GUANAY N° S/N ESQUINA CALLE MERCADO A UNA CUADRA DE LA PLAZA TRIANGULAR ZONA VILLA YARA DEL MUNICIPIO DE MAPIRI DEL DEPARTAMENTO DE LA PAZ,LA PAZ,MAPIRI,,63041601,6058216015
FARMACIAS CHAVEZ S.A. - SUCURSAL HERNANDO SILES,JACQUELIN ETI GAMBOA CARRILLO,AVENIDA HERNANDO SILES N° 6204 ZONA OBRAJES DE LA CIUDAD DE LA PAZ.,LA PAZ,LA PAZ,2413051,77663428,133795023
FARMACIAS CHAVEZ S.A. - SUCURSAL SAN MIGUEL,GLADYS YNGRID VINO PATON,CALL 21 Nª 8239  ZONA CALACOTO DE LA CIUDAD DE LA PAZ,LA PAZ,LA PAZ,,7763428,133795023
FARMACIAS CHAVEZ S.A. SUCURSAL SOPOCACHI,JESSICA ADRIANA LUQUE RODRIGUEZ,"CALLE FERNANDO GUACHALLA NO. 521,  EDIFICIO S/N PISO 1 LOCAL S/N ENTRE CALLE ECUADOR Y SANCHES LIMA, ZONA SOPOCACHI DE LA CIUDAD DE LA PAZ",LA PAZ,LA PAZ,2413051,77663428,133795023
FARMACIA SEBAS J&J,,"AVENIDA EL PRADO, NRO. 1095, ESUINA CALLE D, NUÑES DEL PRADO, ZONA URBANIZACIÓN FRANZ TAMAYO DE LA CIUDAD DE EL ALTO",LA PAZ,EL ALTO,,76511713,6728125012
FARMACIA SEDYS,,AVENIDA GUADALQUIVIR N° 114 A ENTRE CALLE LOS SAUCES Y CALLE III CASI TRES CUADRAS DEL CENTRO DE SALUD NUEVOS HORIZONTES ZONA NUEVOS HORIZONTES DE LA CIUDAD DE EL ALTO,LA PAZ,EL ALTO,,62268331,9951902018
FARMACIA SEFARM,,AVENIDA 16 DE JULIO N° 2405 CASI ESQUINA CALLE JUAN M. ZONA VILLA LOS ANDES DE LA CIUDAD DE EL ALTO,LA PAZ,EL ALTO,,67308207,6008772015
FARMACIA SEGURO MEDICO DELEGADO FECOMAN LA PAZ-C.N.S.,GUADALUPE SAAVEDRA GUARACHI,"CALLE ADOLFO GONZALES NO. 50 ENTRE LA AVENIDA VICTOR UGARTE Y CALLE 1, ZONA SOPOCACHI DE LA CIUDAD DE LA PAZ",LA PAZ,LA PAZ,2418932,76716505,169396020
FARMACIA SERVIFAR,PATRICIA MONICA ZEBALLOS JIMENEZ,"AVENIDA 6 DE AGOSTO NO. 2455, ENTRE CALLES PEDRO SALAZAR BELISARIO SALINAS, ZONA SOPOCACHI DE LA CIUDAD DE LA PAZ",LA PAZ,LA PAZ,2443661,76292204,3396675013
FARMACIA SERVIFORT,JENNY MARCELA YEVARA ESPINOZA,CALLE CONSTANTINO DE MEDINA N° 1500 ENTRE CALLE 1 Y CALLE 2 ZONA VILLA DOLORES DE LA CIUDAD DE EL ALTO.,LA PAZ,EL ALTO,,79507621,4246041018
FARMACIA SERVISALUD,ANDREA FABIOLA HEREDIA LARUTA,"AVENIDA CAPITÁN RAVELO,  N° 2117, ZONA BAJO SOPOCACHI DE LA CIUDAD DE LA PAZ .",LA PAZ,EL ALTO,,78941917,8329219011
FARMACIAS LASSUS /SUCURSAL FRANCO VALLE,MARLENE DINNIA ZAMBRANA TORREZ,"AVENIDA ALFREDO FRANCO VALLE,, NO. 555, ESQUINA CALLE 6, ZONA 12 DE OCTUBRE DE LA CIUDAD DE EL ALTO",LA PAZ,EL ALTO,,72004748,608164029
FARMACIAS LEVENTH,MARIA ANGELA FERNANDEZ TORREZ,AVENIDA BUENOS AIRES BARRON TIRAQUE N° 4865 A UNA CUADRA Y MEDIA DE LA AVENIDA SIMON BOLIVAR Y CUATRO CUADRAS Y MEDIA DEL PUENTE SEKE ZONA URBANIZACIÓN BAUTISTA SAAVEDRA DE LA CIUDAD DE EL ALTO.,LA PAZ,EL ALTO,,65164082,4942512010
FARMACIAS LIBERTAD LA PAZ,LIBERTAD AYDEE ACERO PARI,"CALLE HERMANO EUSEBIO MORALES, NO. 1425, ZONA CIUDAD SATELITE DE LA CIUDAD DE EL ALTO",LA PAZ,EL ALTO,,77763685,6152551019
FARMACIAS NELLPLUS+,JACQUELINE SOLIZ LAZARTE,"CALLE 13 NO. 7811, EDIFICIO HOTEL LAS BRISAS, PISO P.B., LOCAL S/N, CASI ESQUINA AVENIDA FUERZA NAVAL, ZONA CALACOTO DE LA CIUDAD DE LA POAZ",LA PAZ,LA PAZ,,75810956,3430479016
FARMACIA SOLE,,"CALLE BATALLON DE INGENIEROS NO. S/N, ZONA CENTRAL DEL MUNICIPIO DE CARANAVI DEL DEPARTAMENTO DE LA PAZ",LA PAZ,CARANAVI,,68161983,6121081015
FARMACIAS PALLI,JEMINA CESIA PALLI CALLE,"AV. BOLIVIA NO. 422, ENTRE CALLE F Y CALLE G ZONA VILLA CALUYO, DE LA CIUDAD DE EL ALTO - LA PAZ",LA PAZ,EL ALTO,,76508102,9185467011
FARMACIAS PAULINA P&S,PATRICIA STEPHANY QUESADA MARTINO,AVENIDA SORATA FRENTE A TRANS CARANAVI ZONA GUANAY DEL MUNICIPIO DE GUANAY DEL DEPARTAMENTO DE LA PAZ.,LA PAZ,GUANAY,,7899071,6963480011
FARMACIAS PRIVILEGIO,NANCY TELERA RAMOS,"AVENIDA CONCRETEC, N° 205, ESQUINA AVENIDA ILLIMANI - EVO MORALES, ZONA PUCHUCOLLO ALTO DEL MUNICIPIO DE LAJA",LA PAZ,EL ALTO,,68481479,4688972016
FARMACIA S & R,PAMELA SIÑANI PONCE,"CALLE FINAL  NACIONES UNIDAS  N° 290, PISO PLANTA BAJA OFICINA 1 FRENTE AL MUNTINACIONAL DE EL ALTO, SUBIENDO A MEDIA CUADRA , ZONA ALTO TEJAR DE LA CIUDAD DE LA PAZ",LA PAZ,EL ALTO,,71253424,6011127016
FARMACIA'S ROSCOSMOS,ROSMERY ISABEL CHIPANA VILLACORTA,"AV. JULIO CESAR VALDEZ, NO. 48 ZONA COSMOS 77, ENTRE CALLE C. FRENTE A LA ZONA AMIG CHACO DE LA CIUDAD DE EL ALTO",LA PAZ,EL ALTO,,60644906,3417143011
FARMACIAS TERCER CIELO I,ROSEMARY GANDARILLAS PARRA,"AVENIDA BUENOS AIRES, N° 5125, ESQUINA AVENIDA DANIEL SALAMANCA, ZONA URBANIZACION BAUTISTA SAAVEDRA DE LA CIUDAD DE ELE ALTO",LA PAZ,EL ALTO,,70613193,7023556015
FARMACIAS TERCER CIELO V,ROYER ARIEL SALINAS MAMANI,AV. BUENOS ARIES Nº5394 ZONA FRANS TAMAYO DE LA CIUDAD DE EL ALTO,LA PAZ,EL ALTO,,7023556,7023556015
FARMACIA STONE,KAREN CHOQUE MAMANI,"CALLE RETAMAS NO. 1104, ZONA SEÑORITA ISABEL, ENTRE AV. ARGELIA Y CALLE SEÑORITA ISABEL DIAGONAL FRENTE AL COLEGIO LAS DELICIAS, DE LA CIUDAD DE EL ALTO",LA PAZ,EL ALTO,,77522786,10093845013
"FARMACIA  ""TATIANA""",ROSA BERTHA BLANCO CHEJO,"CALLE MAX PAREDES NO. 577, ESQUINA PASAJE GRANEROS Y ORTEGA, ZONA 14 DE SEPTIEMBRE DE LA CIUDAD DE LA PAZ",LA PAZ,LA PAZ,,79018084 - 68117011,3491050012
FARMACIA TAURUS,ARMIN ARTURO HUAMAN TUNQUI,"AVENIDA 1, N° 2024, PB EXTERIOR, ENTRE CALLE 5 Y CALLE 6, ZONA SANTIAGO I DE LA CIUDAD DE EL ALTO.",LA PAZ,EL ALTO,,78929120,8319552017
FARMACIA TUTYCAR,RUTH NASHELY TORRES MENDOZA,"AVENIDA 25 DE JULIO, NRO. 2569, ZONA 25 DE JULIO DE LA CIUDAD DE EL ALTO.",LA PAZ,EL ALTO,,73096770,7022147013
FARMACIA UNI+BIO SUCURSAL 3,MARIELA ESTHER CHAVEZ URURI,"AVENIDA MARISCAL SANTA CRUZ, NO. 938, ENTRE CALLE SAGARNAGA Y COCHABAMBA DE LA CIUDAD DE LA PAZ",LA PAZ,LA PAZ,,68108092-79018084,3491050012
FARMACIA UNICRUZ III,DILIAM LINARES TRINO,CALLE CHOROLQUE NO. 746-A ZONA 14 DE SEPTIEMBRE DE LA CIUDAD DE LA PAZ,LA PAZ,LA PAZ,2457699,,8441663019
FARMACIA VAJESEDH,,"AVENIDA BOLIVIA , NRO 911, ESQUINA CALLE 9, ZONA BOLÍVAR MUNICIPAL DE LA CIUDAD DE EL ALTO",LA PAZ,EL ALTO,,61147628,6723651012
FARMACIA VALEFARMA,PAOLA PATRICIA VALERIANO QUISPE,"AV. SANTA FE, NO. 1155, ZONA SAN JOSE DE YUNGUYO, ESQUINA CALLE PICHINCHA DE LA CIUDAD DE EL ALTO",LA PAZ,EL ALTO,,68110694,12958515012
FARMACIA VALTRAX,,"AVENIDA KOLLASUYO NO 1526, ZONA CALLAPAMPA  DE LA CIUDAD DE LA PAZ",LA PAZ,LA PAZ,,,672089034
FARMACIA VALTRAX,,"AVENIDA KOLLASUYO NO 1526, ZONA CALLAPAMPA  DE LA CIUDAD DE LA PAZ",LA PAZ,LA PAZ,,,672089034
FARMACIA VALTRAX,,"AVENIDA KOLLASUYO NO 1526, ZONA CALLAPAMPA  DE LA CIUDAD DE LA PAZ",LA PAZ,LA PAZ,,,672089034
FARMACIA VALTRAX,MARIBEL  INGRID UGARTE ALVARADO,"AVENIDA KOLLASUYO NO 1526, ZONA CALLAPAMPA  DE LA CIUDAD DE LA PAZ",LA PAZ,LA PAZ,,,672089034
FARMACIA VICTORIA,GRECIA BRAULIA GERONIMO FERNANDEZ,"CALLE PEDRO SALAZAR NO. 297, ZONA SOPOCACHI DE LA CIUDAD DE LA PAZ",LA PAZ,LA PAZ,2444491,67076877,3379043017
FARMACIA VIRGEN DEL ROSARIO COLQUIRI,HEIDY MAGALY TORREZ NINA,AVENIDA BARRIENTOS S/N A UNA CUADRA DE LA UNIDAD EDUCATIVA MARISCAL DE SEPITA ZONA VILLA VICTORIA DEL MUNICIPIO DE COLQUIRI,LA PAZ,COLQUIRI,,65422213 - 65440480,4074973018
FARMACIA VIRGEN DEL SOCAVON - R,,AVENIDA 6 DE MARZO N° 8266 ENTRE AVENIDA VERSALLES Y CALLE ILLIMANI ZONA 25 DE JULIO ZONA SENKATA DE LA CIUDAD DE EL ALTO.,LA PAZ,EL ALTO,,79533702,6038598010
FARMACIA VIVIR CON DIABETES ATENCION INTEGRAL,AMANDA FIDEL SANTOS,"AVENIDA 16 DE JULIO, S/N, PISO 1, OFICINA 1, NO.45, ENTRE ALVAREZ PLATA Y NISTHAUS, ZONA 16 DE JULIO DE LA CIUDAD DE EL ALTO",LA PAZ,EL ALTO,,73877228-6950009-70113620,4305572019
FARMACIA VIZCARRAMANA,LUZ CLARITA PEREZ IRAHOLA,"AVENIDA MARISCAL SANTA CRUZ, NRO.7760, ENTRE CALLE PUERTO COBIJA  Y AVENIDA ARUMA, ZONA MARISCAL SANTA CRUZ 5 N, DE LA CIUDAD DE EL ALTO",LA PAZ,EL ALTO,,69857130- 76067637,8298995012
FARMACIA VR,MARITZA JANCO ACARAPI,"AVENIDA JAPON NO. 3529, ESQUINA CALLE RAFAEL PABON PB., ZONA SANTISIMA TRINIDAD DE LA CIUDAD DE EL ALTO",LA PAZ,EL ALTO,,73088254,6144062015
FARMACIA YELAN W Y E,YESICA EVA QUISPE CORONEL,"AVENIDA FRANZ TAMAYO NO. 4374, ZONA BAUTISTA SAAVEDRA, DISTRITO 14 ENTRE CALLE ABUNA Y CALLE CARANAVI (PLANTA BAJA TIENDA EXTERIOR), DE LA CIUDAD DE EL ALTO",LA PAZ,EL ALTO,,67046515,9921236016
FARMACIA YULI,KAREN JHOSSET MENDOZA CALLISAYA,AVENIDA ANDRES CHOQUE N° 65 ESQUINA AVENIDA CARLOS QUINTANILLA ZONA LA PORTADA DE LA CIUDAD DE LA PAZ,LA PAZ,LA PAZ,,75849662 - 79550131,4372081018
FARMACIA YUMBREL,MELISA QUISPE LOZA,AVENIDA JUAN PABLO II ENTRE CALLE BELGRANO Y CALLE 7 ZONA VILLA ESPERANZA DE LA CIUDAD DE EL ALTO,LA PAZ,EL ALTO,,76537311,4786716010
FARMACLARES,JUSTINA CLARES MAMANI,"AVENIDA ALAMOS, NO. 2004, ZONA BOLIVAR MUNICIPAL, ENTRE AVENIDA BOLIVIA Y AVENIDA OLEODUCTO, PLENA ESQUINA, FRENTE A ROTONDA, DE LA CIUDAD DE EL ALTO",LA PAZ,EL ALTO,,67314046,4932022013
FARMACLINIC,KEVIN SALAZAR MARTINEZ,"CALLE 6 ENTRE CALLES ALTAMIRANO Y PABLO SANCHEZ NO. 6593, LOCALES 3 Y 4 ZONA IRPAVI DE LA CIUDAD DE LA PAZ",LA PAZ,LA PAZ,22730184,76743292,8460354010
FARMACLINIC,REINA KARINA MARTINEZ CRESPO,"AVENIDA DEL MAESTRO, NO. 1472, ESQUINA FEDERICO JOFRE, PB, LOCAL 4, ZONA ALTO OBRAJES, DE LA CIUDAD DE LA PAZ",LA PAZ,LA PAZ,,73723874,3348197017
FARMACLINIC SUCURSAL 1,,"CALLE ASUNTA BOZO DE BRISTOT NO 513, ZONA ALTO OBRAJES DE LA CIUDAD DE LA PAZ",LA PAZ,LA PAZ,,76743292,8460354010
FARMACLINIC SUCURSAL 1,MISHEL SELENA GUZMAN RAMOS,"CALLE ASUNTA BOZO DE BRISTOT, NRO 513, ZONA ALTO OBRAJES DE LA CIUDAD DE LA PAZ.",LA PAZ,LA PAZ,,76743292,8460354010
FARMACORP - ABAROA,CLAUDIA DELIA MORENO BOVARIN,"AVENIDA SANCHEZ LIMA, ESQ. PEDRO SALAZAR, NO. 497, ZONA SOPOCACHI DE LA CIUDAD DE LA PAZ.",LA PAZ,LA PAZ,,76779007 - 69008190,1015447026
FARMACORP - ACHUMANI I,KARINA PAULA CHOQUE LOPEZ,"AVENIDA GARCIA LANZA, N° S/N, EDIFICIO CENTRO COMERCIAL EL SUR, PISO P.B., ZONA ACHUMANI DE LA CIUDAD DE LA PAZ",LA PAZ,LA PAZ,,76779007 - 69008190,1015447026
FARMACORP - ACHUMANI II,ALEJANDRA VALDEZ AGRAMONT,"CALLE THE STRONGEST NO.197, URBANIZACION LA BARQUETA, BLOQUE A, EDIF. LA PEQUEÑA VILLA, ZONA ACHUMANI DE LA CIUDAD DE LA PAZ",LA PAZ,LA PAZ,,76779007-69008190,1015447026
FARMACORP - ACHUMANI III,JESSICA WENDY QUISPE RUIZ,"CALLE 16 NO. 416, ENTRE CALLES M. CHINCHILLA Y G. LANZA, LOCAL 7 Y 8 PB., ZONA ACHUMANI DE LA CIUDAD DE LA PAZ",LA PAZ,LA PAZ,,76779007-69008190,1015447026
FARMACORP - ARCE,PAOLA ANDREA CRUZ QUINO,"AVENIDA ARCE NO. 2809, ESQUINA CORDERO, EDIFICIO GUANABARA, ZONA SAN JORGE DE LA CIUDAD DE LA PAZ",LA PAZ,LA PAZ,,76779007-69008190,1015447026
"FARMACORP - AV. FRANCO VALLE Nº 1095, ZONA 12 DE OCTUBRE",ZURIEL SEID BUSTILLOS PAZ,"AVENIDA FRANCO VALLE Nº1095, ZONA 12 DE OCTUBRE DE LA CUIDAD DE EL ALTO",LA PAZ,EL ALTO,,76779007-69008190,1015447025
FARMACORP - AV. GARCIA LANZA Nº600 ESQ. CALLE 14 DE ACHUMANI,MADAI LUZ BLANCO MENDOZA,"AVENIDA GARCIA LANZA Nº600. ESQUINA CALLE 14, ZONA ACHUMANI DE LA CIUDAD DE LA PAZ",LA PAZ,LA PAZ,,76779007-69008190,1015447026
FARMACORP - AYACUCHO,VIVIAN GRECIA CANEDO LA TORRE,"CALLE AYACUCHO NO. 217, ZONA CENTRAL DE LA CIUDAD DE LA PAZ",LA PAZ,LA PAZ,,76779007-69008190,1015447026
FARMACORP BUSCH,FABIOLA ESPINOZA SUAREZ,"AV. GERMAN BUSCH, ESQ. PANAMA, NO 1508, ZONA MIRAFLORES DE LA CIUDAD DE LA PAZ",LA PAZ,LA PAZ,,76779007,1015447026
FARMACORP - CIELO MALL,ANGELA CHOQUERIBE HERRERA,"AV. SATELITE NO. 200 ENTRE LA AV. JORGE CARRASCO Y AV. FRANCO VALLE, ZONA 12 DE OCTUBRE DE LA CIUDAD DE EL ALTO",LA PAZ,EL ALTO,,69008190-76779007,1015447026
FARMACORP - COTA COTA,CARMEN ROSSIO MONZON QUISPE,"AVENIDA JUAN MUÑOZ REYES NO. 500 ESQUINA CALLE 28, ZONA COTA COTA DE LA CIUDAD DE LA PAZ",LA PAZ,LA PAZ,,76779007-69008190,1015447026
FARMACORP - FIGUEROA,MARIA EVELIN ADRIANA ROMERO MEJIA,"CALLE FIGUEROA, ESQUINA MARISCAL SANTA CRUZ, NO. 766, ZONA DEL ROSARIO DE LA CIUDAD DE LA PAZ",LA PAZ,LA PAZ,,76779007-69008190,1015447026
FARMACORP - FLOR DE LOTO,CRISTAL ESTHER PAREDES MAMANI,"AV. BALLIVIAN, NO. 514, EDIFICIO FLOR DE LOTO, PB, ZONA CALACOTO, DE LA CIUDAD DE LA PAZ",LA PAZ,LA PAZ,,76779007-69008190,1015447026
FARMACORP - LOS PINOS I,MARIA EUGENIA PORTANDA CABALLERO,"CALLE 21 ESQUINA PASAJE JOSE AGUIRRE,  NRO. 8510, DE LA ZONA CALACOTO DE LA CIUDAD DE LA PAZ.",LA PAZ,LA PAZ,,76779007-69008190,1015447026
FARMACORP - LOS PINOS II,ALEJANDRA CHURA CONDE,"AVENIDA JOSE AGUIRRE ACHA NO. 27, ZONA LOS PINOS DE LA CIUDAD DE LA PAZ",LA PAZ,LA PAZ,,76779007-69008190,1015447026
FARMACORP-OBRAJES,NINFA ALEXANDRA PAUCARA COILA,"AV. HERNANDO SILES NO. 5204, EDIF. TORRES PREMIUM, ZONA OBRAJES DE LA CIUDAD DE LA PAZ",LA PAZ,LA PAZ,,76779007-69008190,1015447026
FARMACORP - OBRAJES II,MAYRA INES ARDAYA AYAVIRI,"AV. HERNANDO SILES, NO. 6288, ZONA OBRAJES DE LA CIUDAD DE LA PAZ",LA PAZ,LA PAZ,,69008190-76779007,1015447026
FARMACORP - PLAZA ESPAÑA,MIRIAM QUINTANILLA FAJARRI,"CALLE VICTOR SANJINEZ NO. 2648, ZONA SOPOCACHI DE LA CIUDAD DE LA PAZ",LA PAZ,LA PAZ,,76779007-69008190,1015447026
FARMACORP - PLAZA VENEZUELA,ROCIO ISABEL DURAN CAMACHO,"AVENIDA 16 DE JULIO, ESQ. CALLE COLOMBIA NO. 1408 ZONA CENTRAL DE LA CIUDAD DE LA PAZ",LA PAZ,LA PAZ,,76779007-69008190,1015447026
FARMACORP - PRADO,KARINA LIZETT QUISBERT CRIALES,"AVENIDA 16 DE JULIO, NO. 1806 DE LA CIUDAD DE LA PAZ",LA PAZ,LA PAZ,,76779007-69008190,1015447026
FARMACORP RIO SECO - II,POLET MIKAELA YAPURA MIRANDA,"AVENIDA JUAN PABLO II, NO. 3023, D-5, PUERTO MEJILLONES AL FRENTE DEL MULTICINE, AL LADO DE LA PLANTA DE LECHE PIL, ZONA RIO SECO DE LA CIUDAD DE EL ALTO",LA PAZ,EL ALTO,,69008190-76779007,1015447026
FARMACORP - SAAVEDRA,WEINAR DANIEL SINUIRI CHAUA,"AVENIDA SAAVEDRA, NO. 625, ESQUINA VILLALOBOS, EDIFICIO GIRASOLES, ZONA MIRAFLORES DE LA CIUDAD DE LA PAZ",LA PAZ,LA PAZ,,76779007-69008190,1015447026
FARMACORP - SAN MIGUEL,NATALY UGARTE MORA,"CALLE 21 ESQUINA PATIÑO S/N, ZONA SAN MIGUEL DE LA CIUDAD DE LA PAZ",LA PAZ,LA PAZ,,76779007-69008190,1015447026
FARMACORP - SAN PEDRO,NOEMI GABY FLORES CHOQUE,"CALLE GENERAL GONZALES, ESQUINA COLOMBIA NO. 1384, ZONA SAN PEDRO DE LA CIUDAD DE LA PAZ",LA PAZ,LA PAZ,,76779007-69008190,1015447026
FARMACORP-SATELITE,IVAN DAVID MOROCO CAPO,"CALLE 17 A, NO. 864, PLAN 405, ZONA CIUDAD SATELITE DE LA CIUDAD DE EL ALTO",LA PAZ,EL ALTO,,76779007 - 69008190,1015447026
FARMACORP - SHOPING NORTE,NOEL BLANCO MAMANI,CALLE SOCABAYA NO. 1068 EDIF. SHOPPING NORTE ZONA CENTRAL DE LA CIUDAD DE LA PAZ,LA PAZ,LA PAZ,,76779007-69008190,1015447026
FARMACORP-TELEFERICO RIO SECO,EMMA FORTUNATA CHUQUIMIA FERNANDEZ,"LINEA AZUL MI TELEFERICO, ESTACION RIO SECO S/N, ZONA RIO SECO DE LA CIUDAD DE EL ALTO",LA PAZ,EL ALTO,,76779007,1015447026
FARMACORP - TORRES DEL POETA,LITZI MARIBEL SANTOS GAMBOA,"AVENIDA ARCE NO. 2519, EDIFICIO TORRES DEL POETA, PLAZA ISABEL LA CATOLICA, ZONA SAN JORGE DE LA CIUDAD DE LA PAZ",LA PAZ,LA PAZ,,76779007-69008190,1015447026
FARMACOSALUD A&F,,AV. LA BANDERA NO. 1438 ZONA VILLA PABON DE LA CIUDAD DE LA PAZ,LA PAZ,LA PAZ,2250021,68077256,5963447014
FARMACOSTO,,"AVENIDA JOSE MANUEL CHINCHILLA, N° 310, LOCAL 1, ESQUINA CALLE 12, ALTURA COLEGIO FRANCO BOLIVIANO, ZONA ACHUMANI DE LA CIUDAD DE LA PAZ.",LA PAZ,LA PAZ,,72034165,524266023
FARMACOSTO SUCURSAL 1,,"AVENIDA BUSCH, N° 1499, EDIFICIO MONACO , PLANTA BAJA, LOCAL 1, ESQUINA CALLE PANAMA, ZONA MIRAFLORES DE LA CIUDAD DE LA PAZ",LA PAZ,LA PAZ,,72034165,524266023
FARMACOSTO SUCURSAL 2,,"AVENIDA ARGENTINA, EDIFICIO SUIPACHA, PLANTA BAJA, OF. 5, N° 2075, ENTRE CALLES NICARAGUA Y VILLALOBOS, ZONA MIRAFLORES DE LA CIUDAD DE LA PAZ",LA PAZ,LA PAZ,,72034165,524266023
FARMACOS U-MED,KATIA QUISPE COCARICO,"AVENIDA JULIO CESAR VALDEZ NO. 62 ENTRE CALLES 20 DE OCTUBRE Y OVANDO, ZONA URB. PAZ ZAMORA DE LA CIUDAD DE EL ALTO",LA PAZ,EL ALTO,,61185659,6763440017
FARMACRIS,MARIA CRISTINA IBAÑEZ CHURA,"CALLE 21 NRO. 8424, ESQUINA IGNACIO CORDERO, ZONA CALACOTO DE LA CIUDAD DE LA PAZ",LA PAZ,LA PAZ,,76549553,8335255015
FARMACRUZ-SOL,MARINA MENDIETA,"AV. MARIO MERCADO NO. 20, ZONA BAJO LLOJETA DE LA CIUDAD DE LA PAZ",LA PAZ,LA PAZ,,71552823-71504844,3362785011
FARMACY LUAMAR,,"AV. COCHABAMBA NO. 2055, ZONA SAN LUIS PAMPA DE LA CIUDAD DE EL ALTO - LA PAZ",LA PAZ,EL ALTO,2834284,7067748-78817153,6831469010
FARMA-DIET,JUDITH OLINDA QUISBERT MARTINEZ,"AV. 16 DE JULIO NO. 205, ZONA BALLIVIAN PRIMERA SECCION DE LA CIUDAD DE EL ALTO",LA PAZ,EL ALTO,2847204,71988832,4962648010
FARMADIL,MAYRA GUTIERREZ CORDOVA,"CALLE 5, NO 37, ZONA VILLA EXALTACION, 2DA SECCION, ESQ. AVENIDA TORREZ, FRENTE A LA PLAZA TORREZ DE LA CIUDAD DE EL ALTO",LA PAZ,EL ALTO,,76511815,6050323016
FARMA-DOC,,"AV. FRANCO VALLE NO. 1100, ZONA 12 DE OCTUBRE DE LA CIUDAD DE EL ALTO - LA PAZ",LA PAZ,EL ALTO,,65538263,6819461018
FARMAECONOMICAS II,DIEGO ALEXANDER CHUQUIMIA ESCOBAR,"AV. ALFONSO UGARTE NO. 100 ENTRE CALLES VICTOR GUTIERREZ Y ARTURO VALLE, ZONA 16 DE JULIO DE LA CUDAD DE EL ALTO",LA PAZ,EL ALTO,,75246283,7098148019
FARMAELIAS S.R.L  CENTRO,BELLA CLAROS ALDANA,"CALLE POTOSI,EDIFICIO DE 2 PISOS FACJADA DE CONCRETO ZONA CENTRAL DE LA CIUDAD DE LA PAZ",LA PAZ,,,,246828025
FARMAELIAS S.R.L. - SAN MIGUEL,PAOLA MARCELA ZAMBRANA CASANOVA,"AVENIDA MONTENEGRO NO.1471, ENTRE CALLE 21 Y CALLE 18, ACERA NORTE  , CASA DE PISOS, ZONA SAN MIGUEL DE LA CIUDAD DE LA PAZ",LA PAZ,LA PAZ,,70716551-76971703,246828025
FARMAEXPRESS,STEFANIA ISABEL CHARCA CALLE,"AVENIDA KM 7, S/N, LOCAL NO. 12, HALL AEROPUERTO EL ALTO, ZONA VILLA BOLIVAR A DE LA CIUDAD DE EL ALTO",LA PAZ,EL ALTO,,78910263,4981896017
FARMAEXPRESS S.R.L.,TATIANA LYNN PIZARRO GUTIERREZ,"CALLE MURILLO, EDIFICIO SIN NOMBRE, PISO PB, LOCAL 3 NO. 842, ZONA EL ROSARIO DE LA CIUDAD DE LA PAZ",LA PAZ,LA PAZ,,71245750,436154020
FARMAEXPRESS SUCURSAL 4,MARCO ANTONIO CANDIA OBLITAS,"AVENIDA CIVICA, NO. 1000, ENTRE AVENIDA LA PAZ Y CALLE 19 DE LA ZONA VILLA TEJADA RECTANGULAR, DE LA CIUDAD DE EL ALTO",LA PAZ,EL ALTO,,78910263,4981896017
FARMAFLORES,CAROLINA ISIDRA FLORES LARREA,"CALLE JUAN BALSA, N° 223, ESQUINA CALLE 8, ZONA VILLA DOLORES DE LA CIUDAD DE EL ALTO.",LA PAZ,EL ALTO,,60614905,6191445017
FARMAFRAN,FRANCIA SHYRLEY ROMERO HUALLPA,"CALLE 7 ENTRE DEMETRIO MOSCOSO Y FRANCISCO CARVAJAL, NO. 50, ZONA VILLA DOLORES DE LA CIUDAD DE EL ALTO",LA PAZ,EL ALTO,,76253449,7089163013
FARMA-FRESH,,"CALLE RIGOBERTO PAREDES (4 DE MAYO ) NO. 1200, CALLE MANUEL HUISI FRENTE A LA PLAZA LIBANO, ZONA ALTO SAN PEDRO DE LA CIUDAD DE LA PAZ",LA PAZ,LA PAZ,,76230729-70516210,6746836017
FARMAFUENTES,DAVID FERNANDEZ YUJRA,"AVENIDA JULIO CESAR VALDEZ NO. 386, P.B., ZONA KISWARAS ENTRE AV. LAS RETAMAS Y AV. SIGLO XXI DE LA CIUDAD DE EL ALTO - LA PAZ",LA PAZ,EL ALTO,,75266941,6067965019
FARMAGALENO,REBECA CHAMBI QUISPE,"CALLE 7, NO. 2384, EDIFICIO CRISTINA PB., LOCAL F, ZONA 12 DE OCTUBRE DE LA CIUDAD DE EL ALTO",LA PAZ,EL ALTO,,73201977,6051256010
FARMAGISTRAL,FABIOLA MAGALI POSTO CUTI,"CALLE LANDAETA, NO. 420, ZONA SAN PEDRO ENTRE AVENIDA 20 DE OCTUBRE, FRENTE AL INSTITUTO AMERICANO, DE LA CIUDAD DE LA PAZ",LA PAZ,LA PAZ,,62493900-63146548,7001378011
FARMAGISTRAL S.R.L. SUCURSAL 1,YHOMEL HUANCA ENCINAS,"CALLE 5 NO. 80, PLANTA BAJA, ENTRE CALLES JORGE CARRASCO Y ALFREDO FRANCO VALLE, ZONA 12 DE OCTUBRE DE LA CIUDAD DE EL ALTO",LA PAZ,EL ALTO,,79521695,394929022
FARMAGO,MIGUEL ANGEL GARCIA OBLITAS,"AVENIDA GARCIA LANZA, NO 1000, ESQUINA CALLE 10 FRENTE A LA CLINICA SAGRADA FAMILIA, ZONA ACHUMANI, DE LA CIUDAD DE LA PAZ",LA PAZ,LA PAZ,,79585270,6822659001
FARMAGYN,GLADYS QUISPE QUISPE,"AV. MARCELO QUIROGA SANTA CRUZ NO. 192, A UNA CUADRA DEL COLEGIO LUIS ESPINAL, FRENTE A LAS GRADAS DE SUBIDA, ZONA PASANKERI DE LA CIUDAD DE LA PAZ",LA PAZ,LA PAZ,,78816699,6775081017
FARMA HEALTH,MARIA PAULINA NOVILLO MIRANDA,"CALLE 22 NO. 26, ESQUINA CALLE 22 Y CALLE A, ZONA ACHUMANI DE LA CIUDAD DE LA PAZ",LA PAZ,LA PAZ,,67077329,3459724010
FARMA-HOLGUIN,BEATRIZ CATERIN ALANOCA ALVARADO,"ZONA ROSAS PAMPA, AVENIDA PANORAMICA ENTRE CALLE PISAGUA Y CALLEJON 28 DE JUNIO NO. 4784 DE LA CIUDAD DE EL ALTO",LA PAZ,EL ALTO,,76525328,7084392019
FARMAHORIZONTE,SILVIA BEATRIZ QUISPE SALVATIERRA,"AVENIDA CHACALTAYA ESQ. PASAJE JUAN PATIÑO NO. 993, ZONA ACHACHICALA DE LA CIUDAD DE LA PAZ",LA PAZ,LA PAZ,,73567398,6763030014
FARMAHORRO I,MARIA ANTONIETA LAURA MAMANI,"AV. ALFONSO UGARTE NO. 543, ZONA VILLA BALLIVIAN DE LA CIUDAD DE EL ALTO",LA PAZ,EL ALTO,,,4259352011
FARMAHORRO II,CARLOS LEONARDO LAURA MAMANI,"AVENIDA CHACALTAYA NO. 30, ENTRE CALLE INGAVI Y AVENIDA PUCARANI, ZONA ALTO LIMA 1RA SECCION DE LA CIUDAD DE EL ALTO",LA PAZ,EL ALTO,,70119317,6063820013
FARMAINES,MABEL JURADO ULO,"AVENIDA JUAN PABLO II # 285, ESQUINA CALLE 7, VILLA ESPERANZA DE LA CIUDAD DE EL ALTO",LA PAZ,EL ALTO,,69717234,7044519010
FARMAISBEL,,"AVENIDA VICTOR GARCIA LANZA, NO. 300, ZONA ACHUMANI DE LA CIUDAD DE LA PAZ",LA PAZ,LA PAZ,2413051,,4744761012
FARMAISBEL,MARIA ISABEL VALDIVIA LEYVA,AVNIDA VICTOR GARCIA LANZA NO300 ZONA ACHUMANI DE LA CIUDAD DE LA PAZ,LA PAZ,LA PAZ,,72503698,4744761012
FARMAJECK,JANNET ERICK COARECONA KANTUTA,"AVENIDA BUENOS AIRES, NO. 582 ENTRE CALLE 9 Y AVENIDA CIRCUNVALACION, ZONA VILLA YUNGUYO DE LA CIUDAD DE EL ALTO",LA PAZ,EL ALTO,,75219241-68241525,7050160013
FARMAKOS,WILLY SALAZAR MARTINEZ,"AVENIDA DEL MAESTRO NRO. 1 EDIFICIO SIN NOMBRE, PLANTA BAJA. OFICINA 1. FRENTE DE LA CALLE JOSE ZAMPA Y CALLE HUGO DAVILA ZONA OBRAJES ALTO DE LA CIUDAD DE LA PAZ",LA PAZ,LA PAZ,,6307167,8460353016
FARMALAB,LENNY AMALIA MURGUIA POMA,"CALLE 6, ESTEBAN ARCE NO 96, ENTRE AVENIDA HERNANI Y CALLE CARRASCO, ZONA VILLA TUNARI DE LA CIUDAD DE EL ALTO",LA PAZ,EL ALTO,,77780759,4369030011
FARMALAURA,,"AVENIDA ILLIMANI, NO. 1418, ZONA CHACALTAYA, ENTRE CALLE ACHACHICALA Y AVENIDA CHACALTAYA, DE LA CIUDAD DE EL ALTO",LA PAZ,EL ALTO,,77292265,12485206016
FARMALINE,JACQUELINE PATRICIA COPA CALLE,"AVENIDA KOLLASUYO N° 693, EDIFICIO CASA DE PISOS, PB, TIENDA 1 FARMACIA, CASI ESQUINA CALLE GUADALQUIVIR, ZONA DE BAJO MARISCAL SANTA CRUZ CIUDAD DE LA PAZ",LA PAZ,LA PAZ,,74262226-78944711,8402654015
FARMALIVIO,NICOLE MELANY PINTO CASTILLO,"CALLE PRESBITERO MEDINA, EDIFICIO TORRE DUO/S, PISO PLANTA BAJA, LOCAL 2, NO. 600, ESQUINA CALLE PEDRO SALAZAR-FRENTE AL SENASIR, ZONA SOPOCACHI DE LA CIUDAD DE LA PAZ",LA PAZ,LA PAZ,,67325066,5979452014
FARMA-MED,EFRAIN FERNANDEZ CONDORI,"AVENIDA ACHOCALLA NO. 12, P.B., ROTONDA CRUCE ACHOCALLA ENTRE AV. CIVICA, ZONA ROSAS PAMPA DE LA CIUDAD DE EL ALTO",LA PAZ,EL ALTO,,78782357-70540447,3343061010
FARMAMEDIC,BRITA ERICKA LOZA ARUQUIPA,"AVENIDA ENTRE RIOS, N° 1012, ESQUINA CALLE PEÑAS BLACAS, ZONA EL TEJAR DE LA CIUDAD DE LA PAZ",LA PAZ,LA PAZ,,70664456,5797795010
FARMAMIA,MIRIAM SONIA BLANCO RODRIGUEZ,"CALLE CONSTANTINO DE MEDINA NO. 170 ENTRE CALLE 4 Y CALLE 5, ZONA VILLA DOLORES DE LA CIUDAD DE EL ALTO",LA PAZ,EL ALTO,,79653196,3397957019
FARMAMICHELLE,GLADYS TICONA YUPANQUI,"AV. SANTA FE NO. 1444, ZONA 16 DE FEBRERO DE LA CIUDAD DE EL ALTO",LA PAZ,EL ALTO,,68097080,6040228017
FARMANDRUG,LIDIA DAMIANA MAMANI LARUTA,"AVENIDA MARISCAL SANTA CRUZ, NO. 202 EDIFICIO SAN FRANCISCO, PLANTA BAJA, TIENDA 2, ZONA CENTRAL DE LA CIUDAD DE LA PAZ",LA PAZ,LA PAZ,2407733,69741730,3488596019
FARMANDRUG SUC 2,SIGLINDE ROSARIO VOUZZ CRUZ,"CALLE 21 NO 8265 EDIFICIO TORRE GUADALUPE PISO PB,LOCAL 2 ESQUINA, ADRIAN PATIÑO A DOS CUADRAS  DE LA PARROQUIA  SAN MIGUEL ARCANGEL,ZONA  CALATOCO  DE LA CIUDAD DE LA PAZ",LA PAZ,LA PAZ,,,34885996019
FARMANDRUG SUCURSAL 1,ELIZABETH GLORIA MAMANI LARUTA,"CALLE POTOSI, NO. 990, EDIFICIO HOTEL PRESIDENTE, PISO P.B. (EXTERIOR) TIENDA 2, ZONA CENTRAL DE LA CIUDAD DE LA PAZ",LA PAZ,LA PAZ,2407250,78825753-78848339,3488596019
FARMANORTE,JUAN RODRIGO CHOQUE FERNANDEZ,"AV. JUAN PABLO II, NO. 977 ENTRE CALLE 6 Y CALLE CACERES FRENTE HOSPITAL DEL NORTE, ZONA RIO SECO BRAZIL DE LA CIUDAD DE EL ALTO",LA PAZ,EL ALTO,,79512147,6032783017
FARMAOBRERO,MAGDALENA ATORIA SANCHEZ,"CALLE 13 NO. 1499, ESQUINA CALLE SIN NOMBRE, ZONA SANTIAGO II DE LA CIUDAD DE EL ALTO",LA PAZ,EL ALTO,,73203624,3503321011
FARMAPARF,LIZETH EVA PARDO FORONDA,"CALLE RICARDO MUJIA N° 605, EDIFICIO CONDARCO , PISO :PLANTA BAJA, DEPARTAMENTO/LOCAL/ OFICINA SIN NÚMERO, ESQUINA CALE DE LA OLIVA, FRENTE AL HOSPITAL POLICIAL, ZONA SOPOCACHI",LA PAZ,VIACHA,,73076741,6752349011
FARMAPLUS,DELMY ROSARIO HUANCA SIÑANI,"AVENIDA CAQUINGORA , NO. 2065, ENTRE CALLE AJMURI Y AVENIDA CHALLA CENTRO, ZONA COSMOS 79, DE LA CIUDAD DE EL ALTO",LA PAZ,EL ALTO,2834587,77513136,6019150013
FARMAPROMO,NOEMI NATALY GARCIA MENDOZA,"AVENIDA ENTRE RIOS NO. 1070, ZONA EL TEJAR ALTO, ENTRE CALLE PIRAI Y AV. HEROES DEL PACIFICO DE LA CIUDAD DE LA PAZ",LA PAZ,LA PAZ,,76791984-77799500,6082250010
FARMAPROTEC,DAYSI YUCRA,"AVENIDA CAQUINGORA, EDIFICIO SIN NOMBRE, PISO P.B., NO. 1175, ZONA COSMOS 79 DE LA CIUDAD DE EL ALTO",LA PAZ,EL ALTO,,67309323,4776467015
FARMAQUEEN,,"AVENIDA TITO YUPANQUI NO. 1348, ENTRE CALLE RAFAEL BALLIVIAN Y JOSE VALDIVIA, ZONA VILLA COPACABANA DE LA CIUDAD DE LA PAZ",LA PAZ,LA PAZ,,76531151,6876652010
FAR-MARCOS U-MED,KATIA QUISPE COCARICO,"AV. JULIO CESAR VALDEZ, NO. 62 ENTRE CALLES 20 DE OCTUBRE Y OVANDO ZONA URBANIZACION PAZ ZAMORA DE LA CIUDAD DE EL ALTO",LA PAZ,EL ALTO,,61185659,6763440017
FAR-MARCOS U-MED SUCURSAL 1,CAROLINA BALTAZAR CASSAS,"AVENIDA 2, N°80 ENTRE CALLE 1 Y CALLE 2, ZONA VILLA SANTIAGO 1, DE LA CIUDAD DE EL ALTO",LA PAZ,LA PAZ,,61185659,6763440017
FARMAROUS,EVA RAMIREZ CANAZA,"AVENIDA GERMAN BUSCH NO. 2824, ESQUINA CALLE INGAVI, A DOS CUADRAS DE LA AVENIDA 6 DE MARZO ZONA URBANIZACION SANTISIMA TRINIDAD DE LA CIUDAD DE EL ALTO",LA PAZ,EL ALTO,,62492511,5730787012
FARMAROZA,ZARINA KARINA ZAPANA HUCHANI,"CALLE CHACA NO. 1035 ENTRE AV. CAQUINGORA Y AV. VICACHA, ZONA COSMOS 79, DE LA CIUDAD DE EL ALTO",LA PAZ,EL ALTO,,67141513,7037963016
FARMASEL,ALICIA BALANZA MEJIA,"AV. HEROES DEL PACIFICO, EDIFICIO S/N, NO. 1503, PB. LOCAL 2, ESQUINA CALLE SAN SALVADOR CERCA AL MONUMENTO BUSCH, ZONA MIRAFLORES DE LA CIUDAD DE LA PAZ",LA PAZ,LA PAZ,,78951155,6674564013
FARMASELLER,JONATHAN ANDRES AÑAGUAYA LAZZO,"AVENIDA 9 DE AGOSTO, NRO. 4454, ESQUINA CALLE RAFAEL PELAEZ, ZONA MERCEDARIO SECTOR 3 DE LA CIUDAD DE EL ALTO.",LA PAZ,EL ALTO,,79629196,9962641019
FARMASERVI,RONALD AYALA VALERIANO,"CALLE RICARDO BUSTAMANTE NO. 872, ESQUINA CALLE RODRIGUEZ P.B. ZONA GRAN PODER DE LA CIUDAD DE LA PAZ",LA PAZ,LA PAZ,,73204330,6732435010
FARMASHOP,MILAN BEYMAR CEREZO GARCIA,"AV. ALFONSO UGARTE NO. 1120, ZONA 16 DE JULIO DE LA CIUDAD DE EL ALTO",LA PAZ,EL ALTO,,71511022,6145977018
FARMASOL,AIMEE SOLANGE AGUILAR PASTOR,"CALLE EL CARMEN Y PUERTO ALONZO , NO. 10, ZONA RIO SECO, URBANIZACION BRASIL, DE LA CIUDAD DE EL ALTO",LA PAZ,EL ALTO,2863923,78977929,4992398010
FARMASOLT @ BOLIVIA,MARIVEL TOLA MAMANI,"CALLE MANUEL ASENCIO PADILLA, NO. 5154, ZONA 18 DE DICIEMBRE - SENKATA, ESQUINA CALLE 12 DE DICIEMBRE DE LA CIUDAD DE EL ALTO",LA PAZ,EL ALTO,,65482660,8386764015
FARMA SUR,JAYNE ARLEYDE CEREZO GOMEZ,"AV. CAQUINGORA, NO. 3137, ENTRE CALLES 13 Y 14, FRENTE AL HOSPITAL DEL SUR, ZONA COSMOS 79 DE LA CIUDAD DE EL ALTO",LA PAZ,EL ALTO,,69849935,4992068014
FARMATHUNUPA,PAMELA LUQUE CRUZ,"AVENIDA TRONCALES, N° 29, URBANIZACION TILATA ENTRE CALLE COLQUECHACA Y CALLE COROCORO, FRENTE A LA CANCHA DE FUTBOL DE LA CIUDAD DE EL ALTO.",LA PAZ,EL ALTO,,60341880,5978932011
FARMATODO,LAURA ZULEMA LIMACHI HUANCA,"AVENIDA 6 DE MARZO, NO. 200, ZONA 12 DE OCTUBRE, ENTRE CALLE 3 Y CALLE 4 DE LA CIUDAD DE EL ALTO - LA PAZ",LA PAZ,EL ALTO,,62339766-72559651-7622295,4744354011
FARMATODO II,ROSS SAMANTHA CESPEDES VALEROS,"CALLE 2 MARCELO QUIROGA SANTA CRUZ NO. 100, ZONA VILLA BOLIVAR A DE LA CIUDAD DE EL ALTO",LA PAZ,EL ALTO,,69710802,4744354011
FARMATODO III,PAOLA JOSEFINA PEÑALOZA VACAFLOR,AVENIDA BALLIVIAN OTERO N° 1292 ZONA CIUDAD SATELITE DE LA CIUDAD DE EL ALTO.,LA PAZ,EL ALTO,,697168020 - 76228345,4744354011
FARMATORREZ,CARLA TORREZ PACHECO,"CALLE NESTOR GALINDO NO. 500, ENTRE AV. VICENTE SEOANE Y AV ESTRUCTURANTE, ZONA LOS PINOS PUCARANI DE LA CIUDAD DE EL ALTO",LA PAZ,EL ALTO,,63438007,7018325011
FARMAUNO,RAQUEL JIMENEZA ARTEAGA SANCHEZ,"CALLE MONJE, EDIFICIO S/N, PLANTA BAJA, NO. 1289, FRENTE A LA PLAZA VILLARROEL, ZONA MIRAFLORES EL ALTO DE LA CIUDAD DE LA PAZ",LA PAZ,LA PAZ,,72015987,6032126015
FARMAVEA,,"AVENIDA BRASIL, N° 1687 ENTRE CALLE LUCAS JAIME Y AVENIDA PASOSKANKI A UNA CUADRA DEL HOSPITAL OBRERO, ZONA MIRAFLORES DE LA CIUDAD DE LA PAZ.",LA PAZ,LA PAZ,,76297079,6186435017
FARMA VECINA,VERONICA LARA MOLLO,"AVENIDA SEVERINO ZAPATA, NO. 5303, ESQUINA AV. HEROES DEL CHACO, ZONA URBANIZACION LAS NIEVES DE LA CIUDAD DE EL ALTO",LA PAZ,EL ALTO,,68355574,7292976017
FARMAVICTORIA,VELIA MARIA GOMEZ ROJAS,"AVENIDA CIUDAD DEL NIÑO, NO. 25, ESQUINA CALLE 4, ZONA PAMPAHASI DE LA CIUDAD DE LA PAZ",LA PAZ,LA PAZ,,76731258,1045783019
FARMAVICTORIA SUCURSAL 1,GABRIELA SONIA PORTILLO ROJAS,ZONA CHASQUIPANPA AV DEFENSORES DE CHACO NRO 34,LA PAZ,LA PAZ,,76731258,1045783019
FARMAVIDA FAMILIAR,,"AV. JOSE DE SUCRE NO. 54, ENTRE CALLE 14A Y 12SACABA, ZONA VILLA TUNARI DE LA CIUDAD DE EL ALTO",LA PAZ,EL ALTO,,64081651,7021440015
FARMAVINO,KELLY SHANON SARAVIA YUCRA,"CALLE SARGENTO CARRASCO , NRO 612 ENTRE CALLES ALVARES PLATA Y CALLE NISTAUS ZONA BALLIVIAN 1RA SECCIÓN DE LA CIUDAD DE EL ALTO",LA PAZ,EL ALTO,,77743782,2472931019
FARMAVITA,,"AVENIDA MANCO KAPAC, NO. 453, ZONA ROSARIO, DE LA CIUDAD DE LA PAZ",LA PAZ,LA PAZ,2128997,77702575,1020711029
FARMAX,MILBYA MELANIA ROQUE PEREZ,"AV. BOLIVIA ""A"" NO. 120, CASI ESQUINA AVENIDA BOLIVIA, COLEGIO PARTICULAR BOLIVIA, ZONA NUEVOS HORIZONTES DE LA CIUDAD DE EL ALTO",LA PAZ,EL ALTO,,67162683,7286714015
FARMAXPRESS ECON,FELIPE CHOQUE MEJIA,"CALLE BOROCO NO. 7234, ZONA VILLA INGENIO DE LA CIUDAD DE EL ALTO",LA PAZ,EL ALTO,,67101063,7020733010
FARMAZUL,,"AV. HERNANDO SILES, NO.2, ENTRE CALLE CHERVECHE Y CALLE MAMORE, PLAN 560, ZONA VILLA ADELA, DE LA CIUDAD DE EL ALTO",LA PAZ,EL ALTO,,79637159,3437602017
FARMCIA LORENA,,AVENIDA ACONCAGUA NO 8364 ENTRE CALLE COTACACHI Y HUANDOY ZOANA SENKATA 79,LA PAZ,EL ALTO,,73230875,6063026015
FARNACIA JHOANNPHARMA,,CALLE GUTIERREZGUTIERREZ. NRO. 1144-A ESQ. AV. PRUDENCIA ROMECIN ZONA SAN LUIS II CHARAPAQUI DE LA CIUDAD DE EL ALTO.,LA PAZ,EL ALTO,,69918212,9230832016
FARNAELIAS S.R.L.- ACHUMANI,SILVIA NOEMI VENTURA LAZARO,AVENIDA GARCIA LANZA CALLE 11 Nº 20 ZONA ACHUMANI DE LA CIUDAD DE LA PAZ,LA PAZ,LA PAZ,,79950036,246828025
FDMS,ELIZABETH JESSICA VALLEJO CHILE,"AVENIDA JOSE MARIA AGUIRRE ACHA NRO 502, ESQUINA CALLE 2 ZONA PINOS DE LA CIUDAD DE LA PAZ",LA PAZ,LA PAZ,,73717676 - 63125550,10089003015
FE,ESTELA OFELIA BAHOZ GUARACHI,"AVENIDA SANTA FE N° 442 ENTRE CALLE ORURO Y CALLE LUIS ESPINAL, ZONA 16 DE FEBRERO DE LA CIUDAD DE EL ALTO",LA PAZ,EL ALTO,,72553295,4337793017
FE 1,FREDDY CALLE VILLALBA,"AVENIDA 8, NO. 73, ZONA ESTRELLAS DE BELEN DE LA CIUDAD DE EL ALTO",LA PAZ,EL ALTO,,72553295,433779301
FERNANDEZ,,"AV. NACIONES UNIDAS NO. 20, ENTRE CALLE CALVARIO Y CALLE 31 DE JULIO, ZONA MUNAYPATA DE LA CIUDAD DE LA PAZ",LA PAZ,LA PAZ,,72563298,4923021017
FERTIFARMA,VANESSA MACHICAO MAMANI,"AV. TITO YUPANQUI, ESQUINA RAFAEL BALLIVIAN, NO 1307, ZONA VILLA COPACABANA, DE LA CIUDAD DE LA PAZ",LA PAZ,LA PAZ,,75861963,6877575016
FICON BEL,FILOMENA BALTAZAR MOYA,"AV. JORGE CARRASCO NO. 59, ZONA 12 DE OCTUBRE DE LA CIUDAD DE EL ALTO",LA PAZ,EL ALTO,,79559009,4287416013
FIDES,DIONICIA LOBO MAMANI,"AVENIDA RENE VARGAS, NO 3207, EDIFICIO CLINICA FIDES, PISO PB. ZONA BALLIVIAN DE LA CIUDAD DE EL ALTO",LA PAZ,EL ALTO,2846415-2840418,,1016589028
FINAL LOS ANDES,EDDY JAVIER PAZ LIMA,"AVENIDA JUAN PABLO II, NO. 3711, ESQ CALLE BALBOA, P.B., ZONA LOS ANDES DE LA CIUDAD DE EL ALTO",LA PAZ,EL ALTO,,71584728,2700065013
FIORI,GUIDO ESQUIVEL CABRITA,"AVENIDA FORTALEZA NO. 802 ENTRE AVENIDA JOSE BALLIVIAN  Y CALLES S/N, ZONA 1RO DE MAYO  DE LA CIUDAD DE EL ALTO",LA PAZ,EL ALTO,,69425555,4246575014
FIRENZE,ROSMERY MARQUEZ ESCOBAR,"CALLE 14, ENTRE CALLES A Y B, NO. 1421, ZONA SANTIAGO SEGUNDO II, DE LA CIUDAD DE EL ALTO",LA PAZ,EL ALTO,,76226261,2692040018
FISIOTERP SK,BLANCA CASILDA MENDEZ COPE,"AVENIDA TEJADA SORZANO NO.906, ZONA MIRAFLORES DE LA CIUDAD DE LA PAZ",LA PAZ,LA PAZ,,73073318,4261857012
F&L,LIA CRISPIN ARIAS,"AV. 6 DE MARZO NO. 600, ZONA 12 DE OCTUBRE ENTRE CALLE 4 Y 5 DE LA CIUDAD DE EL ALTO",LA PAZ,EL ALTO,,72511469,6042511014
FLORAL,,"AV. JUAN PABLO II, N°41, ENTRE LA AV. LUIS ESPINAL, ZONA MEJILLONES DE LA CIUDAD DE EL ALTO",LA PAZ,EL ALTO,,69759490,5979666011
FLOR DE DIOS,ELMIS ELIANA FELIPEZ GARNICA,"AV. PANORAMICA, CARRETERA COPACABANA NO. 3649, ZONA MARISCAL SUCRE DE LA CIUDAD DE EL ALTO",LA PAZ,EL ALTO,,,6025411013
FLOR DE DIOS I,MERY MORALES FLORES,"CARRETERA A COPACABANA NO. 1392, ESQ. AVENIDA SEÑOR DE LAGUNAS, ZONA LAGUNAS DE LA CIUDAD DE EL ALTO DEL DEPARTAMENTO DE LA PAZ",LA PAZ,EL ALTO,,79156605,6025411013
FLORECER,DORA ESTHER TORREZ MEDRANO,"AV. LUIS ESPINAL NO. 6055, ENTRE CALLE GUALBERTO VILLARROEL Y AVENIDA JUAN JOSE TORREZ, ZONA VILLA INGENIO DE LA CIUDAD DE EL ALTO",LA PAZ,EL ALTO,,65587074-62305695,4832846018
FLORES A.R.D.,EUFRONIA AYAVIRI FLORES,"AV.2 CALLE 7, NO. 169, ZONA SANTIAGO II DE LA CIUDAD DE EL ALTO",LA PAZ,EL ALTO,,62553611-76224658,3708775015
FLORES DE JESUS,GISELA SANDRA FLORES JESUS,"AV. CIVICA, ENTRE CALLE 16 Y AV. DEL POLICIA NO.900, ZONA VILLA TEJADA RECTANGULAR, DE LA CIUDAD DE EL ALTO",LA PAZ,EL ALTO,,65648070,4284621011
F-LOS GALENOS,AYLED ANABEL HUANCA COLQUE,"CALLE LOS CEDROS NO. 2495 ESQUINA AV. LOS CLAVELES, ZONA LAS DELICIAS DE LA CIUDAD DE EL ALTO",LA PAZ,EL ALTO,,69880779,6726667010
FOM AHORRO,MERY PAULINA HUANCA BLANCO,"AV. COCHABAMBA NO. 5884, ENTRE CALLE BATALLA DE AROMA Y CALLE CARANDAITA, ZONA LOS POCITOS DE LA CIUDAD DE EL ALTO",LA PAZ,EL ALTO,,71538874,3487853015
FORO LA PAZ,JHOVANNA SANTUSA CHOQUE FERNANDEZ,"AV. JUAN PABLO II ENTRE CALLES A Y B NO. 112, ZONA RIO SECO BRAZIL DE LA CIUDAD DE EL ALTO",LA PAZ,EL ALTO,,79512147,4959812013
FORO-LA PAZ II,MARLENY CHOQUETOPA CHOQUE,"CALLE CATACORA NO. 57 ESQ. PASAJE 20 DE DICIEMBRE, ZONA BALLIVIAN DE LA CIUDAD DE EL ALTO",LA PAZ,EL ALTO,,71516595,7422937010
FORTALEZA,CELIA TICONA CRUZ,"AV. JUNIN NO.9, ZONA VILLA ADELA DE LA CIUDAD DE EL ALTO",LA PAZ,EL ALTO,,77237185,4251645015
FRANCISCANA,JACQUELINE SOLIZ LAZARTE,"PLAZA SAN FRANCISCO NO. 502, EDIFICIO SAN FRANCISCO, PISO 1, OFICINA 502, A LADO DE LA IGLESIA SAN FRANCISCO, ZONA CENTRAL DE LA CIUDAD DE LA PAZ",LA PAZ,LA PAZ,,73030756,3430479016
FRAY MARTIN,SILVIA GALINDO VARGAS,"AV. ALFONSO UGARTE, NO. 123, ENTRE CALLES ARTURO VALLE Y GUTIERREZ, ZONA 16 DE JULIO DE LA CIUDAD DE EL ALTO",LA PAZ,EL ALTO,,71215324,2477680016
FROMAY,FROILAN JUAN BRAÑEZ VALDEZ,AVENIDA MARISCAL SANTA CRUZ S/N ZONA JARDIN BOTANICO DEL MUNICIPIO DE CARANAVI DEL DEPARTAMENTO DE LA PAZ,LA PAZ,CARANAVI,,71956181,2265186014
FUEN SANTA,VICTOR HUGO FERNANDEZ MINAYA,"AVENIDA RAMIRO CASTILLO, OFICINA 3, NO. 120, ZONA VILLA EL CARMEN DE LA CIUDAD DE LA PAZ",LA PAZ,LA PAZ,,68177931,3528327017
FUENTE DE BIENESTAR,,"AVENIDA RAMIRO CASTILLO , N° ESQUINA CALLE 4 ZONA VILLA EL CARMEN",LA PAZ,LA PAZ,,77771775,4741706016
FUENTE DE PROSPERIDAD,BRIGIDA GMENA CHALLCO PINTO,"AVENIDA UBINAS NRO. 1525, ZONA SAN PEDRO II SENKATA DE LA CIUDAD DE EL ALTO",LA PAZ,EL ALTO,,75499469,672490024
FUENTE DE SALUD,,"CALLE YUNGUYO N°3805, ENTRE CALLE 7 DE OCTUBRE Y AVENIDA BUENOS AIRES, ZONA URBANIZACION YUNGUYO",LA PAZ,EL ALTO,,67079409-64056850,6080940013
FUENTE DE VIDA,MONICA HELGUERO CANAZA,"AV. LA PAZ NO. 1034, URBANIZACION INTI, ESQ. CALLE RAUL OTERO DE LA CIUDAD DE EL ALTO - LA PAZ",LA PAZ,EL ALTO,,72056357,6002256018
FUENTE VITAL,HEIDY BRITTNEY GUTIERREZ QUISPE,AVENIDA J.J TORREZ N° 4085 ESQUINA AVENIDA LUIS ESPINAL ZONA VILLA INGENIO DE LA CIUDAD DE EL ALTO,LA PAZ,EL ALTO,,73004514,4325806018
FUTURO,JENNY ISABEL ANDRADE MONTECINOS,"AV. 16 DE JULIO NO. 55 P.B. , ZONA 16 DE JULIO DE LA CIUDAD DE EL ALTO",LA PAZ,EL ALTO,2844872,79138005,2710636014
GABRIEL,SILVIA EUGENIA APAZA RAMOS,"AVENIDA BOLIVIA, NO. 2014, ZONA VILLA CALUYO, ESQUINA CAMINO VIACHA DE LA CIUDAD DE EL ALTO",LA PAZ,EL ALTO,,61004999,477765701
GABRIELA,PATRICIA TORO PADILLA,"AVENIDA MARISCAL SANTA CRUZ ESQUINA KILOMETRO 7, ZONA CENTRAL DEL MUNICIPIO DE CARANAVI",LA PAZ,CARANAVI,,75245675,5489497017
GABRIEL II,YAMILKA JIMENEZ QUENTA,"AV. JULIO CESAR VALDEZ NO. 6215, ESQUINA CALLE CHOQUEÑA, URBANIZACION COSMOS 69 DE LA CIUDAD DE EL ALTO",LA PAZ,EL ALTO,,61004999,4777657011
GALENIC FARMA,DANIELA ALEJANDRA YAVE FERNANDEZ,AVENIDA  PASOSKANKI NO 1662 ZONA MIRAFLORES DE LA CIUDAD DE LA PAZ,LA PAZ,LA PAZ,,,676785034
GALICIA I,ROSA MARIA VILLARROEL RODRIGUEZ,"AV. BALTASAR SALAS NO. 930, ZONA VINO TINTO DE LA CIUDAD DE LA PAZ",LA PAZ,LA PAZ,,,3511050011
GALICIA II,CARLA ALEJANDRA MITA ZABALETA,"CALLE PROLONGACION ISAAC TAMAYO NO. 550 ESTRE CALLE TUMUSLA Y AV. MANCO KAPAC, ZONA SAN SEBASTIAN DE LA CIUDAD DE LA PAZ",LA PAZ,LA PAZ,,77234952,3511050011
GALICIA III,,"AV. GRAL. JUAN JOSE TORREZ NO. 120, ZONA PERIFERICA DE LA CIUDAD DE LA PAZ",LA PAZ,LA PAZ,,,3511050011
GALLARDIA,GLADYS GALLARDO CORANI,"AV. KANTUTA NO. 2885, ZONA SANTA ISABEL DE LA CIUDAD DE EL ALTO",LA PAZ,EL ALTO,,77239542,7071644019
GALVANI II,MIRIAM GABY ALARCON LAURA,"AVENIDA ALFONSO UGARTE, N° 95, ENTRE CALLE NANAGUA Y CALLE CHACON, DE LA CIUDAD DE EL ALTO",LA PAZ,EL ALTO,,73200094,4289292015
GAMALEX,GEOVANNA SORUCO USTARES,"CALLE CATACORA ESQ. PICHINCHA NO. 808, EDIF. OLGA PISO P.B., ZONA NORTE, DE LA CIUDAD DE LA PAZ",LA PAZ,LA PAZ,,,3143573015
GANESH,PRIMITIVA CHALCO COAQUIRA,"AVENIDA KOLLASUYO NO. 1466, ZONA CALLAMPAYA, DE LA CIUDAD DE LA PAZ",LA PAZ,LA PAZ,2380265,71942410,6084492015
GEMMA C. FARMA,MARCO ANTONIO CANDIA OBLITAS,"JOSEFA MUJIA, NO. 101, ZONA VILLA SAN ANTONIO ALTO, DE LA CIUDAD DE LA PAZ",LA PAZ,LA PAZ,,79532101,6897397014
GENARO SANJINEZ,MABEL NELLY REYNAGA MENDOZA,"CALLE GENARO SANJINEZ NO. 451, ZONA CENTRAL DE LA CIUDAD DE LA PAZ",LA PAZ,LA PAZ,,,1964161016
GENESIS,BEATRIZ PATTI MAIDANA,"AV. ILLAMPU, NO. 703, ZONA EL ROSARIO DE LA CIUDAD DE LA PAZ",LA PAZ,LA PAZ,2381731,70663263,6098498014
GENIAL,MARIA ISABEL VARGAS CALLA,ZONA PUERTO MEJILLONES AV. JUAN PABLO II Nº 125 EN LA CUIDAD DE EL ALTO,LA PAZ,EL ALTO,,68149080,2623124017
GIANCARLA,GIANCARLA MARIA CORDERO DIAZ,"AVENIDA SIMON BOLIVAR, NO. 1806 A, ZONA SANTA BARBARA DE LA CIUDAD DE LA PAZ",LA PAZ,LA PAZ,,73596484,5988127017
GIOVAFARMA,GIOVANA VALDEZ MARTINEZ,"PLAZA JOSE BALLIVIAN NO. 139, ZONA CENTRAL, ENTRE AVENIDA MURILLO Y AVENIDA PISAGUA, FRENTE A LA IGLESIA DEL MUNICIPIO DE VIACHA",LA PAZ,VIACHA,,67336224,8326655011
GLADYFARM,ROSSE MARY MACHICADO JUAREZ,"AV. 6 DE AGOSTO, NO. 2674, ZONA SOPOCACHI BAJO DE LA CIUDAD DE LA PAZ",LA PAZ,LA PAZ,,76292919-77500018,8326793013
GLOBAFAR SRL,WENDY PAMELA CLAVEL SORIA GALVARRO,"AV. BUENOS AIRES, NO. 1750, ENTRE AV. MARTIN LANDAETA Y JULIO TELLEZ, ZONA BAJO TACAGUA DE LA CIUDAD DE LA PAZ",LA PAZ,LA PAZ,,68162761,489100023
GLOBAL PHARMA,HUGO CONDE CAPI,"AV. REPUBLICA NO. 1356, ENTRE CALLE GENERAL ROSENDO ROJAS Y AV. QUINTANILLA ZUAZO, ZONA VILLA VICTORIA DE LA CIUDAD DE LA PAZ",LA PAZ,LA PAZ,,78802693,4284069013
GOODNES,GIOVANA ALBERTO MOLINA,"CALLE 5, ESQUINA DEMETRIO MOSCOSO NO. 555 ZONA VILLA DOLORES DE LA CIUDAD DE EL ALTO",LA PAZ,EL ALTO,,72079760,6153445017
GRACIA,,"AV. JUNA PABLO II, N° B3486, ZONA 16 DE JULIO",LA PAZ,EL ALTO,,75826720,7052126012
GRACIA DIVINA,FANNY VERONICA PATTI CHOQUE,"AV. PRIMAVERA, ESQUINA CALLE DALIA NO. 222, ZONA CAJA FERROVIARIA DE LA CIUDAD DE LA PAZ",LA PAZ,LA PAZ,,73097584,6821294015
GRAN CHACO,BLANCA VIANCA CHACON QUISPE,"AV. BOLIVIA NO. 2075, VILLA ADELA YUNGUYO, CIUDAD DE EL ALTO",LA PAZ,EL ALTO,2832158,74077126,4366327012
GREGORY - I,JULIA MAMANI HUANCA,"AV. JUAN PABLO SEGUNDO NO. 2455, ENTRE AVENIDA LUIS ESPINAL Y CALLE MARTIN LUTERO , ZONA EX TRANCA DE LA CIUDAD DE EL ALTO",LA PAZ,EL ALTO,,79627656,2602986018
GRUPO EMPRESARIAL PUERTO DEL ROSARIO,JANETH WILMA PATZI SILVESTRE,"ZONA NUEVOS HORIZONTES II, ESQUINA AVENIDA GUADALQUIVIR Y AVENIDA SAN GERONIMO, NO. 3064 DE LA CIUDAD DE EL ALTO",LA PAZ,EL ALTO,,69910577- 63234779,4836949011
GRUPO EMPRESARIAL PUERTO DEL ROSARIO SUCURSAL 1,ANA MARIA PATANA CHAGUA,AV. JUNIN NO. 45 ZONA VILLA ADELA ESQUINA AVENIDA CIRCUNVALACION DE LA CIUDAD DE EL ALTO,LA PAZ,EL ALTO,,69910577- 63234779,4836949011
GRUPO EMPRESARIAL PUERTO DEL ROSARIO SUCURSAL 2,ALICIA CACERES PAIRUMANI,"CALLE 9, NO. 23, A MEDIA CUADRA DEL MERCADO 25 DE JULIO, ZONA SANTIAGO II, DE LA CIUDAD DE EL ALTO",LA PAZ,EL ALTO,,69910577,4836949011
GUADALAJARA,YANINA NANCY HUANCA SUCOJAYO,"AVENIDA PUCARANI ESQUINA FOURNIER NO. 325, ZONA BALLIVIAN DE LA CIUDAD DE EL ALTO",LA PAZ,EL ALTO,,74004614-65645252,3335938012
GUADALUPE,GIOVANA ALEJANDRA TAPIA PEREIRA,"AVENIDA ANTOFAGASTA NO. 820, ZONA VILLA TEJADA RECTANGULAR, ENTRE CALLE JUAN MATENZO Y CALLE BRACAMONTE DE LA CIUDAD DE EL ALTO",LA PAZ,EL ALTO,,73030342,4983205014
GUAF-MEDIC,ROXANA PATTY MAMANI,"AVENIDA ARMENTIA, EDIFICIO S/N, OFICINA NO. 338, ENTRE CALLE BENI Y AVENIDA CHACALTAYA, ZONA CHALLAPAMPA, DE LA CIUDAD DE LA PAZ",LA PAZ,LA PAZ,,72512328,4956986016
GUAQUI,BEATRIZ TORRES QUISPE,"AV. HUAYNA POTOSI, NO. 40, ENTRE CALLE TUCUMAN Y CALLE ASUNCION, ZONA ALTO LIMA 2DA SECCION DE LA CIUDAD DE EL ALTO",LA PAZ,EL ALTO,,67025726,6159434012
GYOLI,JUAN WILSON SAMO CALLISAYA,"CALLE LANZA, NO. 550, EDIF., SIN NOMBRE, P.B., CASI ESQUINA CALLE PISAGUA, ZONA CENTRAL DE LA CIUDAD DE VIACHA",LA PAZ,VIACHA,,75269876-72529368,6074909017
HABANA,GIMRENA SIÑANI URAQUINI,"AV. ÑANCAHUAZU NO. 1004, ZONA VILLA INGENIO DE LA CIUDAD DE EL ALTO",LA PAZ,EL ALTO,,79685354,6763424015
HACIA EL MAR,EFRAIN FERNANDEZ CONDORI,"AVENIDA LADISLAO CABRERA, NO. 17, ZONA MERCEDES, DE LA CIUDAD DE EL ALTO",LA PAZ,EL ALTO,,62323300,7097476018
HA FARMACIAS,ALISSON WANDA ZEGARRA FLORES,"AVENIDA LOS SAUCES NO. 340, ENTRE CALLE 9 Y PASAJE LAS KANTUTAS, ZONA CALACOTO DE LA CIUDAD DE LA PAZ",LA PAZ,LA PAZ,,72003888,195300020
HALERQ,EULOGIA RAMOS QUESO,"CALLE 22, ESQUINA AVENIDA B NO. 227 ZONA EL KENKO DE LA CIUDAD DE EL ALTO",LA PAZ,EL ALTO,,65172515,4961998010
HAMASHIACH JHESUA S.R.L.,JOSE CARLOS MULLER LOPEZ,"AVENIDA COHONI, NO. 5146, URBANIZACION GERMAN BUSCH, DE LA CIUDAD DE EL ALTO",LA PAZ,EL ALTO,,67183534-67147448,580569028
HANIEL,MILAGROS IVANA FLORES JAIMES,"CALLE 21DE JUNIO NO. 50 CONDOMINIO DE LAS AMERICAS, ESQ. AV. JAVIER DEL GRANADO, ZONA LAS LOMAS DE ACHUMANI DE LA CIUDAD DE LA PAZ",LA PAZ,LA PAZ,,63252375,2699580017
HARLEN,HARLEN HELEN PRADO NUÑES,"AV. CIUDAD DEL NIÑO, CALLE 6 NO. 88, ZONA PAMPAHASI CENTRAL DE LA CIUDAD DE LA PAZ",LA PAZ,LA PAZ,2255087,73240204,3508516010
HASH,RESY ANGELICA HUANCA COLQUE,"AVENIDA SUCRE B, NO. 125, ESQUINA CALLE ORTIZ, ZONA VILLA ESPERANZA DE LA CIUDAD DE EL ALTO",LA PAZ,EL ALTO,,69243135,8930798012
HATIKVA,SARA CARMY FLORES HUAYRAÑA,"AVENIDA LAS RETAMAS NO. 1054 URBANIZACION SANTA ISABEL, ENTRE CALLE GIRASOLES Y AV. ARGELIA DE LA CIUDAD DE EL ALTO",LA PAZ,EL ALTO,,79101767,6039485012
HECTOR YAMIL,JHANET RAMOS CHARCO,"AVENIDA E, NO 25, FERIA KENKO, ZONA GRAN PODER DE LA CIUDAD DE EL ALTO",LA PAZ,EL ALTO,,74016623,6973823017
HEKA,LIZBETH HUANCA CHOQUEHUANCA,"AV. CALLE MOXOS NO. 2022, ZONA DE LAS NIEVES Y COTAHUMA DE LA CIUDAD DE LA PAZ",LA PAZ,LA PAZ,,62588988,9164860017
HEKA SUCURSAL 1,MABEL LIZ ESCOBAR QUISPE,"CALLE MURILLO N°1258, ENTRE BELZU Y ANTONIO PAREDES, ZONA SAN PEDRO DE LA CIUDAD DE LA PAZ",LA PAZ,LA PAZ,,62588988,9164860017
HEKA  SUCURSAL II,CRISTHIAN CONDORI CABRERA,"AVENIDA MECAPACA, N° 6541, ZONA OBRAJES DE LA CIUDAD DE LA PAZ",LA PAZ,LA PAZ,,62588988,9164860017
HENRY JOSUE,MARIA ELENA ROJAS CASTILLO,"CALLE 11, ESQUINA RAUL SALMON NO. 1000, ZONA 12 DE OCTUBRE DE LA CIUDAD DE EL ALTO",LA PAZ,EL ALTO,,70116882,5483891018
HENRY JOSUE 1,,"CALLE 11 Y CALLE FERNANDO VEZGA, NO. 50, ZONA VILLA DOLORES DE LA CIUDAD DE EL ALTO",LA PAZ,EL ALTO,,70116882,5483891018
HF MENDOZA I,GIOVANA FLORES MENDOZA,"AV. JOSE DE SUCRE NO. 3167, ZONA VILLA TUNARI DE LA CIUDAD DE EL ALTO",LA PAZ,EL ALTO,,74012241,6865735012
HIGH GARDEN,LUIS FERNANDO CHOQUE BORJES,"CALLE SUCRE, NO. 439, ZONA RIO SECO DE LA CIUDAD DE EL ALTO",LA PAZ,EL ALTO,,70628396,6945616012
HILARI,ARMINDA HILARI MAMANI,"AV. BUENOS AIRES NO. 3143, ENTRE CALLE YACUMA Y AVENIDA SALAMANCA, ZONA URB. BAUTISTA SAAVEDRA U.V.CH MANZANO 45DE LA CIUDAD DE EL ALTO",LA PAZ,EL ALTO,,75844621,8292299016
HIPERMAXI S.A. SUCURSAL 20 DE OCTUBRE - RENACER,JIMENA MAMANI VILLCA,"AVENIDA 20 DE OCTUBRE NRO. 2255 EDIFICIO RENACER, PLANTA BAJA, OFICINA 2 Y 3, ZONA SOPOCACHI DE LA CIUDAD DE LA PAZ",LA PAZ,LA PAZ,,77314658,1028627025
HIPERMAXI S.A. SUCURSAL 8 DE CALACOTO,VERA EMILIANA CHUNGARA VEGA,"CALLE LOS SAUCES 1, NO. 1, ZONA CALACOTO DE LA CIUDAD DE LA PAZ",LA PAZ,LA PAZ,,77314658,1028627025
HIPERMAXI S.A. SUCURSAL CALACOTO,ANGELA GUISBERT CALLEJAS,"AV. BALLIVIAN NO. 1185, ENTRE CALLES 18 Y 19, ZONA CALACOTO DE LA CIUDAD DE LA PAZ",LA PAZ,LA PAZ,,77314658,1028627025
HIPERMAXI SA. SUCURSAL CALACOTO,ANGELA GUISBERT CALLEJAS,AVENIDA BALLIVIAN N° 1185 ENTRE CALLES 18 Y 19 ZONA CALACOTO DE LA CIUDAD DE LA PAZ,LA PAZ,LA PAZ,,77314658,1028627025
HIPERMAXI S.A. SUCURSAL COTA COTA,RUTH JULIETA HERMOSA LIZARRAGA,"AV. MUÑOZ REYES NO. 78, ENTRE CALLE 35, Y CALLE 36, ZONA COTA COTA DE LA CIUDAD DE LA PAZ",LA PAZ,LA PAZ,,77314658,1028627025
HIPERMAXI S.A. SUCURSAL EL ALTO,NICOLAS ALFONSO PEREZ RAMOS,AV. ALFREDO  SANJINEZ N° 500 ZONA EA D1 TEJADA ALPACOMA EN EL CENTRO COMERCIAL  CINEBOL DE LA CIUDAD DE EL ALTO,LA PAZ,EL ALTO,,77314658,1028627052
HIPERMAXI S.A. SUCURSAL LOS PINOS,GLADIS ALBERTINA RONDO LOPEZ,"AV. COSTANERA NO. 85, ZONA CALACOTO LADO CIRCULO AERONAUTICO DE LA CIUDAD DE LA PAZ",LA PAZ,LA PAZ,,77314658,1028627025
HIPERMAXI S.A. SUCURSAL MEGA CENTER,,"AVENIDA  TENIENTE CORONEL RAFAEL PABON CUEVAS , EDIFICIO MEGACENTER NO S/N ZONA IRPAVI DE LA CIUDAD DE LA PAZ",LA PAZ,LA PAZ,,,1028627025
HIPERMAXI S.A. SUCURSAL MEGA CENTER,FRANZ GUSTAVO MIRANDA ZEGARRA,"AVENIDA  TENIENTE CORONEL RAFAEL PABON CUEVAS , EDIFICIO MEGACENTER NO S/N ZONA IRPAVI DE LA CIUDAD DE LA PAZ",LA PAZ,LA PAZ,,,1028627025
HIPERMAXI S.A. SUCURSAL MONTENEGRO,MICHELLE JOHVANET VARGAS SALINAS,"ZONA  SAN MIGUEL, AVENIDA MONTENEGRO Nº S/N",LA PAZ,LA PAZ,,75022369,1028627025
HIPERMAXI S.A. SUCURSAL OBRAJES,JIMENA KARINA HUANCA CANAZA,"AV. 14 DE SEPTIEMBRE ENTRE CALLE 14 Y 15, NO. 6020, ZONA OBRAJES DE LA CIUDAD DE LA PAZ",LA PAZ,LA PAZ,,77314658,1028627025
HIPERMAXI S.A. SUCURSAL SOPOCACHI,LIZETH VERONICA RAMIREZ ROCHA,"AV. 20 DE OCTUBRE, ENTRE CALLE FERNANDO GUACHALLA Y ASPIAZU ZONA DE SOPOCACHI PLANTA 1 (ZOCALO 1), DEL EDIFICIO ""MERCEDES CAMPOS - SINERGIA"" DE LA CIUDAD DE LA PAZ",LA PAZ,LA PAZ,,77314658,1028627025
H & M,ZENOBIA CALLISAYA CRUZ,"AVENIDA HACIA EL MAR, CARRETERA A VIACHA, URB. SAN CRISTOBAL NO. 1367 ENTRE CALLE 9 Y 10, AL FRENTE DEL CENTRO RECREATIVO VILLA JARDIN DEL MUNICIPIO DE VIACHA",LA PAZ,VIACHA,,73041122,8359139015
HOLANDA,,"AVENIDA HOLANDA NO. 1580, ENTRE AVENIDA AROMA Y CALLE 12, ZONA SANTA ROSA EL ALTO",LA PAZ,EL ALTO,,77572954,4839199010
HOLANDES,MIRIAM BAUTISTA MANCILLA,"AV. PUCARANI, NO. 900, ENTRE CALLE CATACORA Y ALVAREZ PLATA, ZONA BALLIVIAN DEL MUNICIPIO DE EL ALTO",LA PAZ,EL ALTO,,79592976,6992464018
HOREB,JUAN CARLOS SANGA TUCO,"AV. ARGELIA NO. 1704, ZONA LAS DELICIAS DE LA CIUDAD DE EL ALTO",LA PAZ,EL ALTO,,,3316977010
HOREB SUCURSAL 1,JUAN CARLOS SANGA TUCO,"CARRETERA A VIACHA NO. 9094, ZONA FRANJA VILLA ADELA DE LA CIUDAD DE EL ALTO - LA PAZ",LA PAZ,EL ALTO,,77581872,3316977010
HOSPITAL ARCO IRIS S.R.L.,ROSE MARY VARGAS CHUQUILLA,"AVENIDA 15 DE ABRIL NO. 40, ZONA VILLA FATIMA, BARRIO GRAFICO A LA ALTURA DE LA PLAZA VILLARROEL, DE LA CIUDAD DE LA PAZ",LA PAZ,LA PAZ,2216021,71512972-78887767,1017553028
HOSPITAL DE CLINICAS,ROSA DEL CARMEN ROSSELL SIMON,"AV. SAAVEDRA NO. 2245, EDIF. HOSPITAL DE CLINICAS, ZONA MIRAFLORES DE LA CIUDAD DE LA PAZ",LA PAZ,LA PAZ,2246275,,122129025
HOSPITAL GENERAL DE LOS YUNGAS,LOURDES CHARICO ATTO,CARRETERA CARMEN PAMPA N°S/N ZONA APANTO - COROICO DEL DEPARTAMENTO DE LA PAZ.,LA PAZ,COROICO,,78863944,124131022
HOSPITAL JUAN XXIII OBRA SOCIAL DE LA IGLESIA,ALEXANDRA FERNANDEZ CARDENAS,"AVENIDA NACIONES UNIDAS, ESQ. CALLE PAPA JUAN XXIII, S/N, P.B. (INTERIOR) ZONA MUNAYPATA DE LA CIUDAD DE LA PAZ",LA PAZ,LA PAZ,2397000-2396739,67127560-76739127,229058029
HOSPITAL LA PAZ,EFBERTO FIDEL TRUJILLO ACEBERO,ZONA 14 DE SEPTIEMBRE LA CIUDAD DE LA PAZ PROVINCIA MURILLO DEL DEPARTAMENTO DE LA PAZ,LA PAZ,LA PAZ,245433-2454421-2460327,78947279-2460327,1028241022
HOSPITAL MUNICIPAL COTAHUMA,ABEL VENEGAS CHAUCA,"AV. JAIMES FREYRE NO. S/N, EDIFICIO HOSPITAL MUNICIPAL COTAHUMA, P.B. INTERIOR, ZONA TEMBLADERANI DE LA CIUDAD DE LA PAZ",LA PAZ,LA PAZ,2420087-2417686,70644450,1029241022
HOSPITAL MUNICIPAL MODELO BOLIVIANO JAPONES,AMALIA GREGORIA CONDORI APAZA,"CALLE LLULLAYLLACU S/N, EDIF. HOSPITAL MUNICIPAL BOLIVIANOS JAPONES DE LA CIUDAD DE EL ALTO",LA PAZ,EL ALTO,891-2881867,,121811020
HOSPITAL PETROLERO DE OBRAJES,HELIANA SALOME BUSTILLOS ANTONIO,"CALLE 8 EDIF. HOSPITAL PETROLERO OBRAJES, PISO P.B. S/N. ESQ. AV. COSTANERITA, ZONA OBRAJES DE LA CIUDAD DE LA PAZ",LA PAZ,LA PAZ,2784389-2784410,,1016867023
HUATAJATA,LOLY CARLA GUTIERREZ PATZI,"PANAMERICANA NO. 2804, ENTRE AVENIDA ALEXANDER Y J.J. TORREZ, ZONA URBANIZACION 21 DE OCTUBRE DE LA CIUDAD DE EL ALTO",LA PAZ,EL ALTO,,67067569,8361459013
HUATAJATA SUCURSAL 1,EVELYN GUTIERREZ PATZI,"AVENIDA 16 DE JULIO NO. 57, ENTRE CALLES 6 Y 7, A UNA CUADRA DE LA TERMINAL INTERPROVINCIAL, ZONA VILLA ESPERANZA DE LA CIUDAD DE EL ALTO",LA PAZ,EL ALTO,,67067569,8361459013
IBUFARMA ROSA,JESUS ALBERTO CALLISAYA MOLLERICONA,"AVENIDA COCHABAMBA NO 1724 ENTRE CALLE 9 Y AVENIDA  COCHABAMBA ,ZONA CHIJINI DE  EL ALTO",LA PAZ,LA PAZ,,67334323,6793804017
INCA,EMIGDIO QUIRIJOTA CANCENO,AV. SATELITE NO. 171 ZONA SANTIAGO I DE LA CIUDAD DE EL ALTO,LA PAZ,EL ALTO,,73008875-67096197,4255348019
INDIGO,ZELENA CONDORY HUARAYO,"CALLE ALCIDES ARGUEDAS NO. 221, EDIF. S/N OFICINA 2 FINAL KOLLASUYO, ESQ. AVENIDA NACIONES UNIDAS CASI FRENTE AL SEMAFORO, ZONA LA PORTADA DE LA CIUDAD DE LA PAZ",LA PAZ,LA PAZ,,68575868,7970791018
INNOVA,ROCIO ELFY CALDERON ZAMBRANA,"CALLE F ROMERO NO. 555, ZONA VILLA DOLORES, ENTRE CALLES 9 Y 10 DE LA CIUDAD DE EL ALTO - LA PAZ",LA PAZ,EL ALTO,,67039584,4306721019
INNOVA I,FEDRA YOLANDA ESPINOZA GUTIERREZ,"AVENIDA CIVICA , NO. 55, ZONA VILLA TEJADA RECTANGULAR, ENTRE CALLE 2 Y 3 DE LA CIUDAD DE EL ALTO",LA PAZ,EL ALTO,,67039584,4306721019
INNOVA III,MARCO ANTONIO CAZA MAMANI,CALLE F ROMERO NRO 855 ZONA VILLA DOLORES ENTRE CALLE 6 Y CALLE 7 (PB ESTERIOR),LA PAZ,EL ALTO,,67039584,4306721019
INNOVAMAGISTRAL S.R.L.,WENDELIN KAREM SHIGLER SILES,"AVENIDA DEL POLICIA, EDIFICIO S/N, PISO 1, OFICINA 1, NO. 214, ZONA CIUDAD SATELITE ESQUINA BESTRES A UNA CUADRA Y MEDIA DEL CINEBOL DE LA CIUDAD DE EL ALTO",LA PAZ,EL ALTO,,69712400,415549020
"INSTITUCION CENTRO HOSPITAL SAN FRANCISCO DE ASIS, HERMANAS FRANCISCANAS HIJAS DE LA MISERICORDIA",SANDRA SOFIA FERNANDEZ NINAHUANCA,"CALLE COSTANERA Y CALLE 1, NO 54, ZONA VILLA EL CARMEN DE LA CIUDAD DE LA PAZ",LA PAZ,LA PAZ,2210772,78660683,1004791028
"INSTITUTO NACIONAL DE OFTALMOLOGIA ""DR. JAVIER PESCADOR SARGET""",SILVIA EUGENIA MAMANI ZARATE,"CALLE CLAUDIO SANJINEZ NO. 1836, EDIFICIO INO, PISO 1,ENTRE AVENIDA SAAVEDRA, FRENTE A LA CALLE FRANCISCO DE MIRANDA, ZONA MIRAFLORES DE LA CIUDAD DE LA PAZ",LA PAZ,LA PAZ,2222701-2242062,781112784,1002661025
INTEGRACION LA PAZ,LILY CARMEN ROJAS LEDESMA,"PLAN AUTOPISTA, CALLE ""C"", MANZANO LL-ACHACHICALA NO. 133",LA PAZ,LA PAZ,2160714,72083737,3459025016
INTELIGENTE,LIZETH VANIA VARGAS QUISBERT,"CALLE 4 NO. 402, EDIFICIO IC CRESPO SRL, PISO PB, OFICINA TIENDA EXTERIOR, ENTRE AVENIDA 6 DE MARZO Y CALLE JORGE CARRASCO, ZONA 12 DE OCTUBRE DE LA CIUDAD DE EL ALTO",LA PAZ,EL ALTO,,79610120,5956758011
INTERNA CLINICA LOS ANDES,IVETTE GUERRA CONDORI,"AVENIDA JOSE AGUIRRE ACHA NO. 200, ZONA LOS PINOS DE LA CIUDAD DE LA PAZ",LA PAZ,LA PAZ,2795701,72024013,142469027
INTERNA DE SOCIEDAD MEDICA ALEMANA S.R.L.,NATHALIE ALESSANDRA VEDIA PALENQUE,"AVENIDA 6 DE AGOSTO, NO. 2821, ZONA SAN JORGE DE LA CIUDAD DE LA PAZ",LA PAZ,LA PAZ,2433676-2432155-2440355,76228034,1007029021
INTIPHARMA,DAVID FERNANDEZ YUJRA,"AV. JORGE CARRASCO ENTRE CALLE 5 Y 6 NO. 100, ZONA 12 DE OCTUBRE DE LA CIUDAD DE EL ALTO",LA PAZ,EL ALTO,,64060614,4845610018
INTIPHARMA SUCURSAL 1,ELIZABETH MALDONADO MAMANI,"CALLE 9, NO. 603, ENTRE LA AVENIDA 6 DE MARZO Y AVENIDA JORGE CARRASCO, ZONA 12 DE OCTUBRE DE LA CIUDAD DE EL ALTO",LA PAZ,EL ALTO,,79584065,4845610018
INTI WARA,HERIBERTO ALI MAMANI,"ENTRE CALLES 11 Y 12, CARRETERA VIACHA NO. 1065, ZONA URBANIZACION INTI DE LA CIUDAD DE EL ALTO",LA PAZ,EL ALTO,,,4291676015
ISABELITA - VAS,WALDO OLIVER ALANOCA VASQUEZ,"CALLE 6, NO. 724, ZONA CIUDAD SATELITE, PLAN 405, ENTRE AVENIDA SATELITE Y CALLE 17 A, DE LA CIUDAD DE EL ALTO",LA PAZ,EL ALTO,,65588522,6904412012
ISLA DEL SOL,ROLO ALARCON POMACUSI,"CALLE CONSTANTINO DE MEDINA, NO. 20, ENTRE CALLE 4 Y 3, ZONA VILLA DOLORES, DE LA CIUDAD DE EL ALTO DEL DEPARTAMENTO DE LA PAZ",LA PAZ,EL ALTO,,65645656,6732387013
ISRAELITA,MARIELA ESTHER CHAVEZ URURI,"AVENIDA MARIASCAL SANTA CRUZ N1 938, ZONA CENTRAL DE LA CIUDAD DE LA PAZ",LA PAZ,LA PAZ,,79018084,676260038
ISSOL,SOLEDAD MERY TICONA MACHACA,AVENIDA BELGRANO ENTRE ARTURO VALLE N°3960 ZONA VILLA ESPERANZA DE LA CIUDAD DE EL ALTO.,LA PAZ,EL ALTO,,69734845,6037203012
ISSOL SUCURSAL 1,CINTHIA ROCETH GUTIERREZ CHOQUE,"AVENIDA COSTANERA, NO. 40, ZONA COMPLEMENTO MEJILLONES, ENTRE AVENIDA JUAN PABLO II Y AVENIDA TRINIDAD Y TOBAGO PLANTA BAJA EXTERIOR A-30 METROS DEL PUENTE RIO SECO DE LA CIUDAD DE EL ALTO",LA PAZ,EL ALTO,,69734845,6037203012
IVOFARMA,PETTY IVONE GUTIERREZ ALVARADO,"AV. ISMAEL VASQUEZ, EDIFICIO BEITA NO. 276 ZONA PURA PURA DE LA CIUDAD DE LA PAZ",LA PAZ,LA PAZ,2459626,72420421,3986915012
IVONNE,BERNARDINA QUISPE CHUQUIMIA,"AVENIDA CAQUINGORA NO. 1953, URBANIZACION COSMOS 79, ""D"", ENTRE CALLES 15 Y 16 DE LA CIUDAD DE EL ALTO",LA PAZ,EL ALTO,,65103185,4868213019
JADETC,ERICK ISSAMAR AUZA RODRIGUEZ,"AV. RADIAL NO. 8502, ENTRE CALLES LA PAZ Y FLOR DE MAYO, FRENTE AL COLEGIO SAN FELIPE DE SEKE, ZONA SAN FELIPE DE SEKE DE LA CIUDAD DE EL ALTO",LA PAZ,EL ALTO,,72515238,6721311012
JAEL,,"CALLE HEROES DEL PACIFICO, PASAJE PIRAI NO. 1675, ZONA EL TEJAR DE LA CIUDAD DE LA CIUDAD DE LA PAZ",LA PAZ,LA PAZ,,72097171,3447683010
JAIMITO FARMA,ROSMERY ANDREA CORREA HELGUERO,CALLE 50 N° 233 ENTRE CALLE GENERAL MARZANA OROZA Y AV. DEFENSORES DEL CHACO ZONA CHASQUIPAMPA DE LA CIUDAD DE LA PAZ,LA PAZ,LA PAZ,,60698524,4886266018
JAVEL,PAMELA JALDIN VELEZ,"AV. LOS SARGENTOS NO. 134, ZONA EL ROSARIO DE LA CIUDAD DE LA PAZ",LA PAZ,LA PAZ,,78730114,3993868010
JAZER,ROSARIO PAXI ALIAGA,"AVENIDA JULIO CESAR VALDEZ NO. 2415, ZONA CALAMA, ESQUINA CALLE TOMAS KATARI, A MEDIA CUADRA DE LA PLAZA DE LA CRUZ DE LA CIUDAD DE EL ALTO",LA PAZ,EL ALTO,,7054150,3476970010
JAZER I,ZONILDA SANCHEZ AGUILAR,"AVENIDA COCHABAMBA NO. 2094, ZONA VILLA ESTHER DE LA CIUDAD DE EL ALTO - LA PAZ",LA PAZ,EL ALTO,,70514150,3476970010
JAZMAN,,"AV. BUENOS AIRES, NO. 1335, ENTRE CALLE 4 DE MAYO Y LUCIANO ALCOREZA, ZONA SAN PEDRO ALTO, DE LA CIUDAD DE LA PAZ",LA PAZ,LA PAZ,,77733617,8354836014
JEHOVA MEYDEY,NELLY LIMACHI GUTIERREZ,"AVENIDA ESTEBAN ARCE NO. 1714, ZONA SAN ANTONIO DE LA CIUDAD DE LA PAZ",LA PAZ,LA PAZ,,,3355639014
JESUS OBRERO,MIJAIL PERCY PEÑAFIEL CONDORI,"CALLE 2 NO. 2002, ZONA SAN LUIS TASA, DISTRITO 3 DE LA CIUDAD DE EL ALTO",LA PAZ,EL ALTO,2833949,78813912,196496026
JESUS SALVADOR,,"CALLE MANUEL COSSIO NO. 825, ESQUINA ISSAC SORIA, ZONA LOS ANDES, DE LA CIUDAD DE LA PAZ",LA PAZ,LA PAZ,2244321,73727411,3344586016
JESUS SANA,SANDRA IRENE VARGAS SALAZAR,"CALLE CENTRAL NO. 23, ZONA VILLA EL CARMEN, FRENTE AL HOSPITAL SAN FRANCISCO DE ASIS DE LA CIUDAD DE LA PAZ",LA PAZ,LA PAZ,,,4298310018
JESUS TE SANA,MARISOL CONDORI ARENAS,"AVENIDA COCHABAMBA, N° 1, ZONA SAN LUIS 1RO DE MAYO ENTRE AVENIDA RAUL SALMON Y CALLE 1 DE LA CIUDAD DE EL ALTO.",LA PAZ,EL ALTO,2986381,79569391,2525993018
JHAMDY,GERMAN TICONA MARTINEZ,"AVENIDA JUNIN NO. 15, ZONA VILLA ADELA, PLAN 560, DE LA CIUDAD DE EL ALTO",LA PAZ,EL ALTO,,76383866-71997634,6722046011
JHANDY ABC,DANITZA YNGRITH CONDORI CONDORI,"AV. LITORAL NO. 113, ZONA SAN LUIS PAMPA DE LA CIUDAD DE EL ALTO",LA PAZ,EL ALTO,,77706898-73507573,6753921018
JHOMAR,,CALLE LAMBATE NO. 871 ZONA VILLA FATIMA DEL MUNICIPIO NUESTRA SEÑORA DE LA PAZ,LA PAZ,LA PAZ,,78759950,2473923018
J & I,VERONICA QUISPE MAMANI,"AVENIDA FLORIDA NO. 260, ENTRE CALLE ZONGO Y CALLE LIMA, ZONA MUNAYPATA DE LA CIUDAD DE LA PAZ",LA PAZ,LA PAZ,,79500689,6125776010
JIREH,ELSA SOCORRO CHUNGARA RECACOCHEA,"AV. BUSCH NO. 1156, EDIF. HAMBURGO, ZONA MIRAFLORES DE LA CIUDAD DE LA PAZ",LA PAZ,LA PAZ,2221491,,8343523018
JIREH A&B,EVELYN JIMENEZ ENCINAS,"CALLE RIGOBERTO PAREDES EDIFICIO ELIZABETH I, PISO PB., DEPARTAMENTO/LOCAL/OFICINA SN, NO. 789, ENTRE CALLE COLOMBIA Y ALMIRANTE GRAU, ZONA SAN PEDRO DE LA CIUDAD DE LA PAZ",LA PAZ,LA PAZ,,77282561,6757929017
J&J - 2,BETTY CHOQUE MOLLINEDO,"AVENIDA JORGE CARRASCO, ENTRE CALLES 3 Y 4 NO. 73, EDIFICIO DE 4 PISOS, PISO P/B, DPTO. OF 2 ZONA 12 DE OCTUBRE DE LA CIUDAD DE EL ALTO",LA PAZ,EL ALTO,2840311,73085767,3504017017
J&J - III,ROXANA LUZ MIRANDA GARCIA,"AVENIDA JUAN PABLO II, NO. 2560, EDIF. EL CEIBO, P.B. OF. A-3 ZONA ANEXO 16 DE JULIO DE LA CIUDAD DE EL ALTO DEL DEPARTAMENTO DE LA PAZ",LA PAZ,EL ALTO,,73085767,3555161010
J&J JV,ROCIO ELFY CALDERON ZAMBRANA,"AV. EVADIDOS DEL PARAGUAY, ESQUINA CALLE 4 NO. 25, ZONA VILLA BOLIVAR ""A"" DE LA CIUDAD DE EL ALTO",LA PAZ,EL ALTO,,73085767,3555161010
JM PHARMA,,"CALLE K NO.547, ESQUINA CALLEJON F, URBANIZACION SAID-ALTO VILLA VICTORIA DE LA CIUDAD DE EL ALTO",LA PAZ,EL ALTO,,70574697,6161096017
JOSUE JHAEL,ELIANA AGUILAR FLORES,"CALLE YANACOCHA NO. 780 ESQ. AV. SUCRE, P.B. ZONA CENTRAL DE LA CIUDAD DE LA PAZ",LA PAZ,LA PAZ,,77513285-76565370,6839797015
JOSUE J&M,JUANA MARIA BLANCO MAMANI,AV. SUCRE NO 1043 ESQUINA AVE NIDA CONCRETEC ZONA URBANIZACION FLOR MERY DE LA CIUDA DE EL ALTO,LA PAZ,EL ALTO,,76702851,6965739019
JOTA,OBED QUIRIJOTA ARUQUIPA,"AVENIDA JULIO CESAR VALDEZ, ESQ. AV. TOPATER, NO. 5185, P.B., ZONA JESUS OBRERO DE LA CIUDAD DE EL ALTO - LA PAZ",LA PAZ,EL ALTO,,79664712,7010630015
JOTA II,ANA MARIA QUISPE APAZA,"AVENIDA ANTOFAGASTA, NO. 1233, ESQUINA CALLE 9, ZONA VILLA DOLORES DE LA CIUDAD DE EL ALTO",LA PAZ,EL ALTO,,79664712,6941381011
JOVE,DANIELA LAURA JOVE SALVATIERRA,"AVENIDA ANTOFAGASTA , ESQUINA CALLE 5, NO. 1085,  ZONA VILLA DOLORES DE LA CIUDAD DE EL ALTO",LA PAZ,EL ALTO,,60545345,9970499016
JOYA SUD,JACQUELINE JHOVANA MAMANI GUTIERREZ,"AVENIDA FINAL INGAVI NO. 2250, ENTRE LA ESTACION FERROCARRIL Y CALLE S/N, ZONA FERROVIARIA DEL MUNICIPIO DE VIACHA - LA PAZ",LA PAZ,VIACHA,2800791,71958848,6724994014
J. P. J.,JOHNNY CHURATA TOLA,AV. JOSE BALLIVIAN NO. 4551 ZONA BAUTISTA SAAVEDRA DE LA CIUDAD DE EL ALTO,LA PAZ,EL ALTO,,71580431,4918616018
JUAN 3:16,,"AVENIDA BUENOS AIRES, NO. 1416, ENTRE CALLES 3 Y 4 DE MAYO, ZONA VILLA NUEVA POTOSI, DE LA CIUDAD DE LA PAZ",LA PAZ,LA PAZ,,70648099,4070853018
JUAN JOSE,JUAN CARLOS BITRE MENA,"AVENIDA LAS DELICIAS, EDIFICIO SIN NOMBRE, PISO PB, OFICINA LOCAL 1, NO. 1043, ZONA LAS DELICIAS, FRENTE AL MERCADO LAS DELICIAS DE LA CIUDAD DE LA PAZ",LA PAZ,LA PAZ,,70542111,4762911018
JUAN Y TEO,SHIRLEY MARISOL CONDORI CONDORI,"PLAZA DE LA CRUZ NRO. 300 ESQUINA AVENIDA BOLIVIA, ZONA V. CALAMA DE LA CIUDAD DE EL ALTO",LA PAZ,EL ALTO,,74060835,6025105019
JULIO CESAR,NATIVIDAD CALUSTRO SIACARA,"JULIO CESAR VALDEZ NO. 2124, ESQ. CALLE COBIJA, ZONA SAN PEDRO DE CHARAPAQUI DEL MUNICIPIO DE EL ALTO",LA PAZ,EL ALTO,,79108296,5994809011
JUNIOR,,"CALLE TITO YUPANQUI, ESQUINA RAFAEL BALLIVIAN, NO. 1307, ZONA VILLA COPACABANA DE LA CIUDAD DE LA PAZ",LA PAZ,LA PAZ,,---,6812623
JUPAPINA,SONIA RAFAEL CHOQUE,"CARRETERA PRINCIPAL RIO ABAJO NO.7 PB., (ENTRE CALLES 3 Y 4), ZONA JUPAPINA DE LA CIUDAD DE LA PAZ",LA PAZ,LA PAZ,,77736559,4961110015
JUST HEALTH,CARLOS ALBERTO ARCE CHUQUIMIA,"AV. HECTOR ORMACHEA NO. 4660, ZONA OBRAJES DE LA CIUDAD DE LA PAZ",LA PAZ,LA PAZ,,77255000,335648026
KAIRI,ROLANDO CALLE MIRANDA,"AVENIDA 6 DE MARZO , NRO. 500, ENTRE AVENIDA UVINAS Y CIRCUNVALACIÓN, ZONA SENKATA 79 DE LA CIUDAD DE EL ALTO.",LA PAZ,EL ALTO,,73540146,9140598012
KAIRI,ROLANDO CALLE MIRANDA,"AVENIDA 6 DE MARZO, N° 500, ENTRE AVENIDA UVINAS Y CIRCUNVALANCIÓN, ZONA SENKATA 79 DE LA CIUDAD DE EL ALTO",LA PAZ,EL ALTO,,73540146,9140598012
KAIRI,,"AVENIDA 6 DE MARZO, N° 500, ENTRE AVENIDA UVINAS Y CIRCUNVALANCIÓN, ZONA SENKATA 79 DE LA CIUDAD DE EL ALTO",LA PAZ,EL ALTO,,73540146,9140598012
KALIZ,KAREM LIZETH ARANCIBIA BARROSO,"ZONA ACHACHICALA, AVENIDA RAMOS GAVILAN NO. 1981, ENTRE LAS CALLES 7 Y 8 DE LA CIUDAD DE LA PAZ",LA PAZ,LA PAZ,2301361,,6724081014
KALOMFARMA,,"CALLE MAX PAREDES NO. 647, P.B., ZONA 14 DE SEPTIEMBRE DE LA CIUDAD DE LA PAZ",LA PAZ,LA PAZ,,75200828,3437165018
KALOMFARMA I,CARLOS ROBERTO CANEDO CHAVEZ,"CALLE MAX PAREDES NO. 847, PB. ZONA 14 DE SEPTIEMBRE  DE LA CIUDAD DE LA PAZ",LA PAZ,LA PAZ,,67141438,3437165018
KANTUTA,MONICA ROSARIO MAMANI KATUNTA,"AV. SATELITE NO. 112, ENTRE CALLE 4-B Y AV. ARICA, ZONA TEJADA TRIANGULAR DE LA CIUDAD DE EL ALTO",LA PAZ,EL ALTO,,,5482034018
KASSANDRA,ERIKA ZOILA MELGAREJO TAZOLA,"CALLE JUAN GUTIERREZ PANIAGUA, EDIFICIO PLANTA BAJA TIENDA 3, N° 787, ESQUINA CALLE PEÑA BLANCO, ZONA CHAMOCO CHICO DE LA CIUDAD DE LA PAZ",LA PAZ,LA PAZ,,77779076,4744811014
KATHERINE,,"AV. LAS AMERICAS NO. 1401, ESQ. C. VIRGEN DEL CARMEN, ZONA VILLA FATIMA DE LA CIUDAD DE LA PAZ",LA PAZ,LA PAZ,,73732520-76538772,3311677012
KATUNTA,MONICA ROSARIO MAMANI KATUNTA,"CALLE 9, NO. 5, ENTRE CALLE 48 Y CALLEJON C. ZONA VILLA TEJADA TRIANGULAR DE LA CIUDAD DE EL ALTO",LA PAZ,EL ALTO,,67094958,5482034018
KAZUKI,LINDAURA JUDITH QUISPE JORGE,"AVENIDA JUAN PABLO II NO. 3950, ZONA VILLA TUNARI DE LA CIUDAD DE EL ALTO",LA PAZ,EL ALTO,,70131278,9251867019
KENKO,SANDRA CARMINIA TAQUICHIRI,"AVENIDA KANTUTA NO. 152, ZONA EL KENKO DE LA CIUDAD DE EL ALTO",LA PAZ,EL ALTO,22852311,77273614,5472599010
KEREN,ROXANA PATTY MAMANI,"AV. JUAN PABLO II NO. 977, ZONA BRASIL DE LA CIUDAD DE EL ALTO",LA PAZ,EL ALTO,,72512328,4956986016
KEVIN-ALEX,VENANCIO CANAVIRI CANAVIRI,"AV. CAQUINGORA, ENTRE CALLE 10 Y CALLE 11, NO. 4115, ZONA COSMOS 79, DE LA CIUDAD DE EL ALTO",LA PAZ,EL ALTO,,73516194,6100173015
KIOTO,RIOBANA GLADYS DAVILA ROMERO,"CALLE GENERAL MANUEL ORTIZ, EDIFICIO S/N, OFICINA 1, NO. 894, CALLE 7 ENANOS CASI ESQUINA CALLE GENERAL MANUEL ORTIZ, ZONA VINO TINTO DE LA CIUDAD DE LA PAZ",LA PAZ,LA PAZ,2291617,74023724,1115731018
KOLLAFARMA,ADELAIDA BRASILISA QUISPE VILLANUEVA,"AV. JUAN PABLO II NO. 24, ZONA MEJILLONES, DE LA CIUDAD DE EL ALTO",LA PAZ,EL ALTO,,,5980743017
KOLLITA FARMA II,OSVALDO FRANCO AGUIRRE MERCADO,"AV. 9 DE AGOSTO, NO. 4665 URBANIZACION MERCEDARIO, ESQUINA EL BUEN SAMARITANO DE LA CIUDAD DE EL ALTO",LA PAZ,EL ALTO,,63187551,4931741017
KOLPING DE STAEL PEÑA,ZULEMA ALVARADO FLORES,"CALLE CONSTANTINO DE MEDINA EDIF. CENTRO DE ESPECIALIDADES PEDRO ADOLFO KOLPING, NO. 250, PISO PB, OFICINA 1, ZONA VILLA DOLORES DE LA CIUDAD DE EL ALTO.",LA PAZ,EL ALTO,,,2354435015
LA AMISTAD,JOEL FABIAN GUTIERREZ BRUNDY,"AV. 6 DE MARZO NO. 1465, ZONA 23 DE MARZO VENTILLA, ENTRE LA CALLE ILLIMANI Y AV. 23 DE MARZO DE LA CIUDAD DE EL ALTO",LA PAZ,EL ALTO,,65159994,9959575011
LABORATORIO DE FORMULAS MAGISTRALES Y HOMEOPATICAS PHARMARTE S.R.L.,LEIDY PATRICIA ANTEZANA TERCEROS,"AV. BALLIVIAN NO. 1578, EDIFICIO TORRE CESUR, P.B. OF, 1-A, ZONA CALACOTO DE LA CIUDAD DE LA PAZ",LA PAZ,LA PAZ,2792724,77530122,296752029
LABOREP,LILIANA QUISPE TICONA,"CALLE NANAWA NO. 10, ENTRE CALLE JOSE CHACON Y PLAZA BALLIVIAN, ZONA 16 DE JULIO DE LA CIUDAD DE EL ALTO",LA PAZ,EL ALTO,,60523217,6020511013
LA CUMBRE,PAULINA PETRONA CHOQUE POMA,"CALLE COSTA RICA, NO. 1324, ENTRE AV. ESTADOS UNIDOS Y AV. BUSCH, ZONA MIRAFLORES DE LA CIUDAD DE LA PAZ",LA PAZ,LA PAZ,,77287355,2477577013
LA DADIVA,MARIA CRISTINA FLORES ALIAGA,"CALLE COCHABAMBA NO. S/N, PISO P.B., ZONA CENTRAL DE LA CIUDAD DE LA PAZ",LA PAZ,LA PAZ,,76587040,6293788016
LA DOSIS,MARIA EUGENIA MACIAS VELASCO,"AVENIDA ALFONSO UGARTE, NO. 150, ZONA BALLIVIAN, ENTRE LA CALLE JOSE CHACON Y CALLE SARGENTO CARRASCO (PLANTA BAJA TIENDA EXTERIOR), DE LA CIUDAD DE EL ALTO",LA PAZ,EL ALTO,2841948,78750351,6892810012
LA ERA,BORIS MAYKO ESPINOZA CRUZ,"CALLE 5 NO. 101, ZONA VILLA DOLORES DE LA CIUDAD DE EL ALTO",LA PAZ,EL ALTO,,60660010,6727816019
LA FARMACIA DEL DOCTOR ALIVIO,,"AVENIDA BUSCH, NO. 1599 OFICINA, LOCAL 2, ZONA MIRAFLORES DE LA CIUDAD DE LA PAZ",LA PAZ,LA PAZ,,71542422,185228025
LA GLORIETA,EVA OPORTO BARRIGA,"CALLE OTERO DE LA VEGA NO. 435, ENTRE AV. 20 DE OCTUBRE Y CALLEJON FRANCISCO PIZARRO, ZONA SAN PEDRO DE LA CIUDAD DE LA PAZ",LA PAZ,LA PAZ,,78848883,2715928016
LA GUARDIA,YHANET MARIELA VARGAS QUISPE,"AVENIDA 9 DE AGOSTO, N| 3534, ENTRE CALLE PROLONGACION MIGUEL ANTELO Y CALLE PROLONGACION RAFAEL ULISES PELAEZ, ZONA MERCEDARIO SECTOR 3 DE LA CIUDAD DE EL ALTO",LA PAZ,EL ALTO,,73500766,2473683018
LA HOSPITALARIA EL CARMEN,,"AV. SUCRE NO. 802, ZONA LOTES Y SERVICIOS RIO SECO DE LA CIUDAD DE EL ALTO",LA PAZ,EL ALTO,2862185,71963533,4250532019
LA IDEAL,EVELYN MAGDA CONDORI CONDORI,PLAZA SIMON BOLIVAR ESQ. ROBORE NO.8 ZONA VILLA ADELA DE LA CIUDAD DE EL ALTO,LA PAZ,EL ALTO,,70110702,6823940011
LA LUZ DE SAN MARTIN,LUZ MARIA CRUZ COPA,"CALLE 7, N° 40, PLANTA BAJA, EXTERIOR LOCAL 1, ESQUINA CALLE E, ZONA SANTA ROSA DE LA CIUDAD DE EL ALTO.",LA PAZ,EL ALTO,,68043090,9930812012
LA MAS BARATA,MARIELA AGUIRRE USNAYO,"AV. BOLIVIA, NO. 40, ENTRE CALLE 7 Y 8, ZONA SAN LUIS TASA, DE LA CIUDAD DE EL ALTO",LA PAZ,EL ALTO,,77708992,6129988014
LA NUESTRA,,"AVENIDA SATELITE NO. 386, ENTRE CALLE HERMANOS MORALES Y CALLE JOSE CABALLERO, PLAN 175, ZONA CIUDAD SATELITE DE LA CIUDAD DE EL ALTO",LA PAZ,EL ALTO,,78936694,6020576012
LA PAZ I,KAREN NOEMI CHIPANA CHOQUE,AVENIDA LA PAZ NO. 3488 ESQUINA CALLE VICTOR GUTIERREZ ZONA 16 DE JULIO DE LA CIUDAD DE EL ALTO,LA PAZ,EL ALTO,,73039481,9105808011
LA PAZ PHARMA,ANA ROSARIO POCUACA PEREZ,"PLAZA VILLARROEL , ESQUINA LOPERA NO 492  ZONA MIRAFLORES DELA CIUDAD DE LA PAZ",LA PAZ,LA PAZ,,,61226089017
LARA,NINOSCA NATIVIDAD LARA ACSAL,"AV. ESCOBAR URIA ESQ. ROGELIO CARRILLO NO. 176, ZONA KUPINI DE LA CIUDAD DE LA PAZ",LA PAZ,LA PAZ,,71573509,2601772011
LARA-SOTO,ROSEMARY IGNACIA SOTO LLAPACO,"CALLE LIZARDO TABORGA , NO. 1523, ZONA EL TEJAR DE LA CIUDAD DE LA PAZ",LA PAZ,LA PAZ,2380301,78765212,2398679014
"LA SALUD ""CARANAVI""",,"AV. MARISCAL SANTA CRUZ, S/N. ZONA CENTRAL DEL MUNICIPIO DE CARANAVI, DE LA CIUDAD DE LA PAZ",LA PAZ,CARANAVI,,73524238,2258413018
LAS FLORES DEL SUR,NATALIA CHOQUE LUNA,"CALLE 5 NO. 140, ZONA IRPAVI II DE LA CIUDAD DE LA PAZ",LA PAZ,LA PAZ,2722330,76538280,4788142010
LAS GEMELAS,PAOLA CHURA ACHO,"CALLE JUAN XXIII NRO. 154  , ZONA VILLA ARMONIA DE LA CIUDAD DE LA PAZ",LA PAZ,LA PAZ,,77202892,6126323011
LAS ROSAS,NATALY SUSANT CHURATA GUTIERREZ,"AVENIDA BUENOS AIRES NRO. 5004, ESQUINA AVENIDA DAVID TORO  DE LA ZONA FRANZ TAMAYO A, DE LA CIUDAD DE EL ALTO",LA PAZ,EL ALTO,,74080656,4746132018
LASSUS,JOVANA SILVIA CASTRO CARDOZO,"AV. BUSCH ESQ. VILLALOBOS EDIF. TORRE C&C NO. 2005, ZONA MIRAFLORES DE LA CIUDAD DE LA PAZ",LA PAZ,LA PAZ,,72004748,608164029
LEBEN,DINA LIZ GUTIERREZ ARO,"CALLE NISTHAUS NO. 137, ENTRE AVENIDA JUAN PABLO II Y CALLE VICTOR GUTIERREZ, ZONA 16 DE JULIO DE LA CIUDAD DE EL ALTO",LA PAZ,EL ALTO,,67155802,6820631013
LEO L.A.,YOVANA CHOQUE CANAVIRI,"CALLE PUCARANI, NO. 2895, ZONA SENKATA DE LA CIUDAD DE EL ALTO",LA PAZ,EL ALTO,,77743350,9247190011
LEONMAR,SILVIA LOLA FERNANDEZ YUJRA,"AVENIDA ACHOCALLA, NO. 4690, ESQUINA CALLE COSTANERA, ZONA COMPLEMENTO ROSAS PAMPA, DE LA CIUDAD DE EL ALTO",LA PAZ,EL ALTO,,60643124-73095168,7015170013
LIDER,IRMA COPA LOPEZ,"AV. SAAVEDRA NO. 2213, LADO IGLESIA DE REMEDIOS, ZONA MIRAFLORES DE LA CIUDAD DE LA PAZ",LA PAZ,LA PAZ,,71963222,3693626011
LIFEMEDICAL,,"AV. GUEVARA ARCE, NO 72, URBANIZACION COSMOS 85, FRENTE A LA PLAZA 8 DE MAYO, ZONA VILLA SALOME DE LA CIUDAD DE LA PAZ",LA PAZ,LA PAZ,,72000218,3390587019
LILIANA - MANNY,FREDDY LOPEZ MACHICADO,"ZONA JANKO KALANI, CALLE SUDAN, ESQ. AVENIDA AFRICA NO. 1015 DE LA CIUDAD DE EL ALTO",LA PAZ,EL ALTO,,63209834,6004749014
LILYALE,,"AVENIDA RAMIRO  CASTILLO N° 234, EDIFICIO S/N PISO PB, OF. 1 , SOBRE LA AVENIDA RAMIRO CASTILLO FRENTE A LA CALLE 6 ZONA VILLA EL CARMEN DE LA CIUDAD DE LA PAZ",LA PAZ,LA PAZ,,78976928 - 62329999,12454943010
LILYS,LILIAM PATY GUTIERREZ TROCHE,"AV. NESTOR PORTOCARRERO NO. 1264, ZONA VILLA FRANZ TAMAYO DE LA CIUDAD DE EL ALTO",LA PAZ,EL ALTO,,71223068,4994930013
LIM-FAR,LIDIA ROSMERY LIMACHI SIRPA,"AVENIDA BUENOS AIRES NO. 5064,ZONA FRANZ TAMAYO ENTRE CALLE PALACIOS Y AVENIDA FRANZ TAMAYO CARRETERA A LAJA DE LA CIUDAD DE LA PAZ",LA PAZ,LA PAZ,,67046515,8308890017
LIM-FAR SUCURSAL 1,,"AVENIDA BUENOS AIRES, N° 1415, ESQUINA AVENIDA CAJAMARKA, ZONA SAN JOSE DE YUNGUYO DE LA CIUDAD DE EL ALTO",LA PAZ,EL ALTO,,67046515,8308890017
LIONEL,RUBI MARCIA MONICA ULO CONDO,"AVENIDA BOLIVIA Y CALLE RURRENABAQUE, NO. 20, ZONA AMIGCHACO DE LA CIUDAD DE EL ALTO",LA PAZ,EL ALTO,,79596796-60141813,4915605012
LIONEL II,ALVARO CARLOS MANCILLA MARCA,"AVENIDA CAMINO A VIACHA, NO. 222 ESQUINA 6 DE MARZO Y CALLE 123, CRUCE VIACHA, ZONA VILLA BOLIVAR B DE LA CIUDAD DE EL ALTO",LA PAZ,EL ALTO,,79596796,4915605012
LIRIOS DE AGUA DULCE,,"AV. PERIFERICA, NO. 3804, ESQ. CALLE CLIMACO CALDERON, ZONA VILLA COPERATIVA DE LA CIUDAD DE EL ALTO",LA PAZ,EL ALTO,,60580555,9959508012
LIZ,ELIZABETH MARIA VASQUEZ,"AV. LAS AMERICAS NO. 530, ZONA VILLA FATIMA DE LA CIUDAD DE LA PAZ",LA PAZ,LA PAZ,,72525173,1265992017
LIZ-ANDREA,SUSY RINELDA RADA GUAMAN,"AVENIDA CHACALTAYA NO. 1156, PB. ZONA ACHACHICALA FRENTE A LA PLAZA DON BOSCO DE LA CIUDAD DE LA PAZ",LA PAZ,LA PAZ,2308191,67162550,3413711019
LIZETH PT,LIZETH PINTO TOLA,"AVENIDA ESTRUCTURANTE NO. 1005, ZONA VILLA MERCEDES H, ESQUINA CALLE JULIO CESAR VALDEZ DE LA CIUDAD DE EL ALTO",LA PAZ,EL ALTO,,79666375,6985061014
LIZ SUCURSAL 1,,"CALLE NUÑEZ DEL PRADO, NO. 15, ZONA VILLA COPACABANA DE LA CIUDAD DE LA PAZ",LA PAZ,LA PAZ,2238563,72525173,1265992017
L & L,LIZZETH KARINA TORREZ CONDORI,"AVENIDA PANORAMICA NRO. 4034, AL FRENTE DE LA CALLE ESCALONA  Y AGÜERO, ZONA ALTO TACAGUA DE LA CIUDAD DE EL ALTO",LA PAZ,EL ALTO,,77248972,6980202012
LLUVIA DE ESPERANZA,GABRIELA CRUZ CALLE,AVENIDA 23 DE MARZO N° 1165 ENTRE CALLE ANTENA Y CALLE LITORAL ZONA 23 DE MARZO DE LA CIUDAD DE EL ALTO,LA PAZ,EL ALTO,,77231139,11544827017
LORREIN J&L,ELSA LIDIA HUANCHI MAURICIO,"AVENIDA COCHABAMBA, N° 2034, ESQUINA CALLE RAFAEL ULISES PELAEZ COLLAZOS, ZONA SAN LUIS II CHARAPAQUI DE LA CIUDAD DE EL ALTO",LA PAZ,EL ALTO,,73749589,9214544014
LOS ANDES,NIRSA WANDA SANCHEZ CUBA,"AVENIDA BUENOS AIRES NO. 787, ENTRE CALLES PEDRO DE LA GASCA Y SEBASTIAN SEGUROLA, ZONA GRAN PODER DE LA CIUDAD DE LA PAZ",LA PAZ,LA PAZ,,69999744,9875959012
"LOS ANGELES ""I &X""",XIMENA FATIMA ANDRADE QUISPE,"AV. RAMIRO CASTILLO, EDIF. S/N PISO PLANTA BAJA LOCAL NO. 75, ZONA CHUQUIAGUILLO, CERCA DE LA AVENIDA BICENTENARIO DE LA CIUDAD DE LA PAZ",LA PAZ,LA PAZ,,62460619,6924120012
LOS DEL NORTE,MARCO DANIEL MAMANI RAMOS,"AV. SUCRE, ZONA TUPAC KATARI, NO. 315, ENTRE CALLES 3 Y 4, FRENTE AL SURTIDOR SAN PABLO II DE LA CIUDAD DE EL ALTO",LA PAZ,EL ALTO,,71910124,4951403018
LOS OLIVOS,LAKSMIR FELICIDAD LLAVE YUGAR,"AV. RAMOS GAVILAN NO. 1930, ZONA ACHACHICALA DE LA CIUDAD DE LA PAZ",LA PAZ,LA PAZ,,72554562,3539076019
LOS OLIVOS SUCURSAL 1,,"CALLE PEDRO MARBAN, EDIF. LAKSMIR, PISO PB, NO. 13 DESVIO DE LA AVENIDA RAMOS GAVILAN, ESQ. DE LA CALLE GRADAS MANUEL ABASTO, ZONA ACHACHICALA, DE LA CIUDAD DE LA PAZ",LA PAZ,LA PAZ,,69877048,3539076019
LOS PINOS,NATALY SOLEDAD CASANA PANTOJA,"CALLE 25, NO. 126, ZONA COTA COTA DE LA CIUDAD DE LA PAZ",LA PAZ,LA PAZ,,71283836,6942677016
LOS REYES,SONIA PATRICIA COLMENAR CONDORI,"AVENIDA RAMOS CASTILLO NO. 200, ESQUINA CALLE SUAPI, PISO PB., TIENDA 1 ZONA CHUQUIAGUILLO DE LA CIUDAD DE LA PAZ",LA PAZ,LA PAZ,,64074620,6941168013
LOS TRES ANGELES,JIMENA BELTRAN TICONA,"AV. PANAMERICANA, NRO 2334, ZONA SAN ANTONIO ESQUINA AVENIDA ARGENTINA, ZONA  SAN ANTONIO DE LA CIUDAD DE EL ALTO",LA PAZ,EL ALTO,,67033850,11070858010
LOZA,ZULMA MIRIAM YUJRA MAYTA,"AV. 16 DE JULIO NO. 51, ENTRE AV. BELGRANO Y CALLE 7, FRENTE A LA TERMINAL INTERPROVINCIAL, ZONA VILLA ESPERANZA DE LA CIUDAD DE EL ALTO",LA PAZ,EL ALTO,,75877888,6034742016
LOZANIA,FABIANA DANIELA QUISBERT SALVATIERRA,"AV. TEJADA SORZANO NO. 741, ENTRE CALLES CANADA Y PUERTO RICO, EDIFICIO S/N, PISO P.B. OFICINA 2, ZONA MIRAFLORES DE LA CIUDAD DE LA PAZ",LA PAZ,LA PAZ,,68013132,7098838019
LR,DANITZA KAREM NAVA VELARDE,"AV. PERU, NO. 311, ZONA CHALLAPAMPA DE LA CIUDAD DE LA PAZ",LA PAZ,LA PAZ,,68049019,4624203015
LSV FARMACIA,LAURA SEVILLANO VILLARROEL,"CALLE 30 NO. 282, ENTRE AVENIDA ANDRES BELLO Y MUÑOZ REYES, ZONA COTA COTA DE LA CIUDAD DE LA PAZ",LA PAZ,LA PAZ,,60550719,6169541019
LUAN,STEFANIA LEONELA LIPACHO RODRIGUEZ,"CALLE ANTOFAGASTA NO. S/N, COMUNIDAD PALOS BLANCOS, LADO BANCO DIACONIA DEL DEPARTAMENTO DE LA PAZ",LA PAZ,PALOS BLANCOS,,72574119,6775873019
LUCY,,"AVENIDA BUENOS AIRES, NO. 1001, ZONA VILLA NUEVO POTOSI, DE LA CIUDAD DE LA PAZ",LA PAZ,LA PAZ,,77770318,2022642012
LUIS ESPINAL,HUGO MACHACA CALLISAYA,"AVENIDA TRINIDAD Y TOBAGO, NO. 393 ESQUINA AVENIDA LUIS ESPINAL, ZONA MEJILLONES DE LA CIUDAD DE EL ALTO",LA PAZ,EL ALTO,,73704892,6880799010
LUMIN,ANA LUZ CHUQUIMIA CHAMBILLA,"AV. HUGO ALTAMIRANO NRO. 20 ESQUINA AVENIDA VALLE DE LA LUNA, ESQUINA ROTONDA MALLASA, ZONA MALLASILLA DE LA CIUDAD DE LA PAZ",LA PAZ,LA PAZ,,61133390,8468856017
LUNA,KATERYN GLADYS QUISBERT BARRA,"AV. 1, N°2461, ESQ. CALLE D, FENTE FINAL PARROQUIA APOSTOL SANTIAGO A, UNA CUADRA DE LA PLAZA MINERO, ZONA SANTIAGO II DE LA CIUDAD DE EL ALTO.",LA PAZ,EL ALTO,,72094268,6157752018
LUNA FARMA,,"CALLE CARABUCO NO. 1045 B, ENTRE CALLES GUANAY Y MECAPACA, ZONA PRIMAVERA DE LA CIUDAD DE EL ALTO",LA PAZ,EL ALTO,,73785722,7888938011
LUNETH,NELIDA MAMANI GARCIA,"CALLE 6, NRO. 554, ENTRE CALLE F AVENIDA A, ZONA CALUYO, DEL MUNICIPIO DE EL ALTO",LA PAZ,LA PAZ,,,675043031
LURIBAY,LOURDES QUISPE POMA,"AVENIDA MANCO KAPAC Y AVENIDA TUMUSLA, CALLE ISAAC TAMAYO, PLANTA BAJA LADO DERECHO, NO 571, DE LA CIUDAD DE LA PAZ",LA PAZ,LA PAZ,,74903921,6129699013
LUSVANA,,"AVENIDA SUCRE A, N° 150, ENTRE PASAJE MECAPACA Y CALLE ELIODORO NERY, ZONA BALLIVIAN 2DA SECCION DE LA CIUDAD DE EL ALTO",LA PAZ,EL ALTO,,78844049,6849544013
LUZ,FABIOLA PAOLA LEON ESPINOZA,"CALLE GOYTIA NO. 141, ZONA SAN JORGE DE LA CIUDAD DE LA PAZ",LA PAZ,LA PAZ,,,2371838010
LUZ CAMILA,,"AV. JUAN PABLO II, NO. 31, P.B., INTERIOR VILLA TUNARI DE LA CIUDAD DE EL ALTO DEL DEPARTAMENTO DE LA PAZ",LA PAZ,EL ALTO,,73714513-77509207,4936422018
LUZ DE AMERICA,ADELA RUTH MENDOZA TACO,"AV. ADRIAN CASTILLO, NO. 1020, ZONA ALTO LIMA DE LA CIUDAD DE EL ALTO",LA PAZ,EL ALTO,,60544092,2760039015
LUZ DE COPACABANA,,"CALLE QUINTANILLA, ESQUINA PANORAMICA, N° 657, ZONA 16 DE JULIO",LA PAZ,EL ALTO,,67036856,4978493016
LUZ DE CRISTO,ROSALIA CASTILLO BEJARANO,"AVENIDA BOLIVIA NO. 78, ENTRE CALLE 8 Y 9, ZONA SAN LUIS TASA DE LA CIUDAD DE EL ALTO",LA PAZ,EL ALTO,,67029377,4889867015
LUZ DE LA VIDA,CARLA FABIOLA LLAVE YUGAR,AV. PERU N° 311 ZONA CHALAPAMPA ESQ. AV. ARMENTIA  DE LA CIUDAD DE LA PAZ,LA PAZ,EL ALTO,,71253127,2703671019
LUZ DEL TIEMPO,PAMELA BAUTISTA ALVAREZ,"AV. HACIA EL MAR NO. 2997 ESQ. CALLE 18, ZONA URKUPIÑA MUNICIPIO VIACHA DEL DEPARTAMENTO DE LA PAZ",LA PAZ,VIACHA,,73744914,9250904019
LUZ DE LUNA,HARLIN LUZ CALLISAYA RAMOS,"CALLE HEROES DEL PACIFICO, N° 1410, ENTRE CALLE SANTOS PRADA Y CALLE JOSE MARIA ASIN, ZONA TEJAR BAJO DE LA CUIDAD DE LA PAZ",LA PAZ,LA PAZ,,73249394,8358976014
LUZ ETERNA,MERY MAMANI AGUILAR,"AVENIDA BALDOMERO CASTELL, Nº 1035. 16 DE FEBRERO DE LA CIUDAD DE EL ALTO",LA PAZ,EL ALTO,,77289802,3498676019
LUZFARMA S.R.L.,NELLY LILIAN ROSIO BUITRAGO,"AV. ECUADOR EDIF. MAQUIZA CRUZ, NO. 2241 PLANTA BAJA LOCAL 2, ENTRE CALLES FERNANDO GUACHALLA Y ROSENDO GUTIERREZ, ZONA SOPOCACHI DE LA CIUDAD DE LA PAZ",LA PAZ,LA PAZ,,72003640-72015022,406110026
LUZ FE Y VIDA,,"AVENIDA LOS SARGENTOS, NO. 329, ZONA BAJO LLOJETA, URBANIZACION ILLIMANI, ENTRE CALLE 8 Y 12 DE LA CIUDAD DE LA PAZ",LA PAZ,LA PAZ,,73745428,3434627015
LUZ J&F,LUZ ERIKA TROCHE HUAÑAPACO,"AVENIDA JUAN PABLO II, ENTRE CALLE 27 QUILLACOLLO Y CALLE 29, NO 51, PLANTA BAJA, ZONA VILLA TUNARI DE LA CIUDAD DE EL ALTO",LA PAZ,EL ALTO,,79107539,5983248011
LUZ MARIANA,CLOTILDE OLGA CHUQUIMIA COLQUE,"CALLE RODRIGUEZ NO. 614, ZONA BELEN DE LA CIUDAD DE LA PAZ",LA PAZ,LA PAZ,,73716217-71206925,3461270019
LUZ MARIETTA,LOURDES ROSARIO TORRELIO ESPINOZA,"AV. SATELITE NO. 680, ZONA CIUDAD SATELITE DE LA CIUDAD DE EL ALTO",LA PAZ,EL ALTO,2816749,75265400,2299902
LYV FARMA MONTENEGRO,CLAUDIA LOZA VARGAS,"AVENIDA MONTENEGRO, N° 1022 A MEDIA CUADRA DE LA CALLE GABRIEL RENE MORENO, ZONA SAN MIGUEL DE LA CIUDAD DE LA PAZ",LA PAZ,LA PAZ,,65168898,410960024
MAC,JAYNE ARLEYDE CEREZO GOMEZ,"AV. DEL POLICIA, NO. 705, ESQU. CALLE 6 DIEGO DE PORTUGAL, ZONA CIUDAD SATELITE, DE LA CIUDAD DE EL ALTO",LA PAZ,EL ALTO,,69849935,4992068014
MADRE AUXILIADORA,,"CALLE LAS PALMERAS NO. 151, ZONA IRPAVI 2 DE LA CIUDAD DE LA PAZ",LA PAZ,LA PAZ,2766399,78872804,5973466010
MADRE DIVINA,JHENNY CLAUDIA VILLAN FERNANDEZ,"AVENIDA SEÑOR DE LAGUNAS, NO 1392, ENTRE AVENIDA HOLANDA Y CARRETERA COPACABANA, ZONA CRUZ DE LAGUNAS, DE LA CIUDAD DE EL ALTO",LA PAZ,EL ALTO,,70555416,4066073018
MAGDALENA,VIVIANA ANDREA MEJIA MEJIA,"AV. SIMON BOLIVAR NO. 1862, LOCAL A, ZONA MIRAFLORES DE LA CIUDAD DE LA PAZ",LA PAZ,LA PAZ,,68136307,6861272010
MAGISPHARMA S.R.L.,ROCIO JENNY CABRERA LARUTA,"CALLE CAPITAN RAVELO, EDIF. AMADEUS NO. 2197, PISO PB. OFICINA 2, ESQ. PASAJE RAVELO O PROLONGACION FERNANDO GUACHALLA , ZONA SAN JORGE DE LA CIUDAD DE LA PAZ",LA PAZ,LA PAZ,,78034843,374950021
MAGISTRAL,ANGELICA MARTINEZ COCA,"CALLE JUAN PATIÑO, NO. 1548, ZONA CALACOTO DE LA CIUDAD DE LA PAZ",LA PAZ,LA PAZ,,77563141-65188460,12990693018
MAGUA,MARCELA NELLY AGUILAR AGUILAR,"AVENIDA BALTAZAR DE SALAS NO.200, ZONA VINO TINTO DE LA CIUDAD DE LA PAZ",LA PAZ,LA PAZ,,70542512,6950740017
MAIDY,,"AVENIDA PERU, NO. 235, ZONA CHALLAPAMPA DE LA CIUDAD DE LA PAZ",LA PAZ,LA PAZ,,76254159,4895923011
MALODI,MERY NINA MAMANI,"CALLE 6 NO. 7, ENTRE AV. TIHUANACU Y AVENIDA MERCEDES CAMACHO, ZONA 12 DE OCTUBRE DE LA CIUDAD DE EL ALTO",LA PAZ,EL ALTO,,70141375,4361437016
MALTESA,WARA ISABEL CALLISAYA VALERIANO,"AV. HERNANDO SILES, NO. 5631, ENTRE CALLE 10 Y 11, ZONA OBRAJES DE LA CIUDAD DE LA PAZ",LA PAZ,LA PAZ,,65915652,6121541015
MANANTIAL M.R.,ANDREA ISABEL RODRIGUEZ TITICHOCA,"AVENIDA BOLIVIA, NO 1250, ESQUINA CALLE BORJA, ZONA VILLA ALEMANIA, DE LA CIUDAD DE EL ALTO",LA PAZ,EL ALTO,,65148319,9960366018
MANDIS,AMANDA ELIZABETH MARTINEZ PARDO,"CALLE BOQUERON, OFICINA 1, N° 1053, ENTRE CALLE RIOBAMBA Y CALLE LARA, PARALELO A LA ZOILO FLORES, ZONA SAN PEDRO DE LA CIUDAD DE LA PAZ.",LA PAZ,LA PAZ,,77547959,4270809014
MANET,DAVID DAMASO PARI MAMANI,"AV. BOLIVIA NO. 393, ZONA VILLA CALUYO DE LA CIUDAD DE EL ALTO",LA PAZ,EL ALTO,,65108098,4851329018
MANOS ABIERTAS,VANESSA ARACELLY OLIVERA ALANOCA,"CALLE LIBERTAD, NO. 45, ENTRE CALLE MEJILLONES Y CALLE CALAMARCA, ZONA CENTRAL DEL MUNICIPIO DE VIACHA DE LA CIUDAD DE LA PAZ",LA PAZ,VIACHA,22802242,70140616,8304530016
MANUS DEI,IRMA BERTHA CALLISAYA CALLEJAS,"AVENIDA LAS AMERICAS NO. 867, ZONA LA MERCED, DE LA CIUDAD DE LA PAZ",LA PAZ,LA PAZ,2217116,79513071,4311995017
MA PHARMA,ROSA ELENA CHOQUEHUANCA VARGAS,"AVENIDA ARMENTIA NRO 690, SOBRE LA AVENIDA ARMENTIA Y LA CALLE ALTO DE LA ALIANZA, ZONA NORTE DE LA CIUDAD DE LA PAZ",LA PAZ,LA PAZ,,72526328,6074120018
MARA,NATALIA CHOQUE LUNA,"CALLE 53 NO. 315, FRENTE AL COLEGIO CHASQUIPAMPA, ZONA CHASQUIPAMPA DE LA CIUDAD DE LA PAZ",LA PAZ,LA PAZ,,73582494,3362365014
MARFARBOL,MARGOT MARITZA QUISPE LIMA,"AV. JUAN PABLO II, NO. 62, ZONA URBANIZACION VILLA TUNARI DE LA CIUDAD DE EL ALTO",LA PAZ,EL ALTO,,73088524,6061951010
MARFFELI,FELIX MARIO ESPINOZA MAMANI,"CALLE 2 Y JORGE CARRASCO, NO. 50, ZONA 12 DE OCTUBRE DE LA CIUDAD DE EL ALTO",LA PAZ,EL ALTO,,,6080940013
MARIA LAURA,MARIA ELENA QUISPE VILLARROEL,AVENIDA CIVICA NO. 82 ENTRE CALLE 7 Y 8 ZONA SANTA ROSA DE LA CIUDAD DE EL ALTO,LA PAZ,EL ALTO,,70558827,4774459014
MARIA REINA,,"AV. HERNANDO SILES NO. 6192, ESQ. CALLE 16 DE LA ZONA DE OBRAJES DE LA CIUDAD DE LA PAZ",LA PAZ,LA PAZ,2785015,75246403,4837643018
MARIA TERESA,JORGE LUIS CESPEDES ESPEJO,"AV. NIEVES LINARES NO. 29, ZONA VILLA ARMONIA DE LA CIUDAD DE LA PAZ",LA PAZ,LA PAZ,2251730-2253146,78755678,6729525011
MARIFARMA,MARIELA CARLO TANCARA,AVENIDA RETAMA N° 1115 ESQUINA AVENIDA EUCALIPTO ZONA ROMERO PAMPA DE LA CIUDAD DE EL ALTO,LA PAZ,EL ALTO,,78756101,8351991019
MARYEL-H,NOEMI SARA HUANCA MOLINA,"URBANIZACION MARISCAL SANTA CRUZ , AV. MARISCAL SANTA CRUZ NO. 5370, P.B., ESQ. CALLE GUTIERREZ DEL MUNICIPIO DE VIACHA - LA PAZ",LA PAZ,VIACHA,,72359031,7267618012
MASSALUD,LENY ROXANA MONTOYA FALCON,"CALLE YUNGAS NO. 968, ESQ. CASIMIRO CORRALES Y SAAVEDRA ZONA MIRAFLORES DE LA CIUDAD DE LA PAZ",LA PAZ,LA PAZ,,72593243,5561386016
MAS SALUD Y VIDA,,"AVENIDA MONTES NO. 43, ENTRE CALLE 8 DE SEPTIEMBRE Y CALLE PISAGUA, ZONA CENTRAL MUNICIPIO DE VIACHA",LA PAZ,VIACHA,,73240351,8283132012
MASSUR,ANA LIJIA PEREZ,"CALLE BATALLON DE INGENIEROS S/N ESQ. CALLE CALAMA, ZONA CENTRAL MUNICIPIO DE CARANAVI",LA PAZ,CARANAVI,,77715854,6187206019
MATELY,,"CALLE NICOLAS ACOSTA, NO. 932, FRENTE A LA PLAZA EMILIO MEDINA A MEDIA CUADRA DE LA CALLE JOSE PALMA, ZONA SAN PEDRO ALTO DE LA CIUDAD DE LA PAZ",LA PAZ,LA PAZ,,79640694,4843100013
MATIEL,,"CALLE SEBASTIAN SEGUROLA, EDIFICIO CASA 1, PISO SUBSUELO NO. 600, ENTRE CALLES VICENTE OCHOA Y ELOY SALMON, ZONA 14 DE SEPTIEMBRE DE LA CIUDAD DE LA PAZ",LA PAZ,LA PAZ,,69872741,8340075019
MAUGE,RUTH JULIA AMARU CONDORI,"AVENIDA SANTA FE NO. 3164, ZONA 25 DE JULIO DE LA CIUDAD DE EL ALTO",LA PAZ,EL ALTO,2860125,77265522,5984652010
MAX  FARMACIAS,,"AVENIDA SATELITE, N° 1323, ESQUINA CALLE GEORGE SQUIER, ZONA VILLA TEJADA RECTANGULAR DE LA CIUDAD DE EL ALTO",LA PAZ,EL ALTO,,79608173- 69993237,9915427010
MAX  FARMACIAS,SANDRA EVELIN DAVALOS SALAZAR,"AVENIDA SATELITE, N° 1323, ESQUINA CALLE GEORGE SQUIER, ZONA VILLA TEJADA RECTANGULAR DE LA CIUDAD DE EL ALTO",LA PAZ,EL ALTO,,79608173- 69993237,9915427010
MAYTAFARMA,,"CALLE D3, NO 724, ESQ. AV LOS ANDES, ZONA NUEVOS HORIZONTES I DE LA CIUDAD DE EL ALTO",LA PAZ,EL ALTO,,,2297087010
MAYTE,ERIKA OMONTE MAMANI,"CALLE MIZQUE NO. 225, ZONA VILLA TUNARI DE LA CIUDAD DE EL ALTO",LA PAZ,EL ALTO,,60629746,6019722019
MBM,MERY BARRETOS MAMANI,"AV. JUAN PABLO II, NO.1045, ZONA FERROPETROL DE LA CIUDAD DE EL ALTO",LA PAZ,EL ALTO,,65656535-79633700,4980460017
MEDICAL FARMA,JUDITH YOSELYN SULLCA MENDOZA,"AV DEL POLICIA, NO. 305, ZONA CIUDAD SATELITE - PLAN 175, ESQUINA CALLE JOSE CABALLERO DE LA CIUDAD DE EL ALTO",LA PAZ,EL ALTO,,70580542,682031032
MEDIC BIOSALUD A Y B,CELIA GUTIERREZ MAMANI,"CALLE LOS PINOS NRO. 2691, ENTRE AVENIDA CANTUTANI Y AVENIDA ILLIMANI ZONA URBANIZACIÓN PLAYA VERDE DE LA CIUDAD DE EL ALTO",LA PAZ,EL ALTO,,73523113,6837122019
MEDICFARMA,,"CALLE 53, NO. 303, ESQ. CALLE GRAL. MARZANA OROZA Y DEFENSORES DEL CHACO , AL FRENTE DE LA UNIDAD EDUCATIVA CHASQUIPAMPA, ZONA CHASQUIPAMPA DE LA CIUDAD DE LA PAZ",LA PAZ,LA PAZ,,71592406,3498679014
MEDIEXPRESS,RUTH MARIA ZAMBRANA KAPA,"AV. SAN JERONIMO NO. 1585, URBANIZACION CORAZON DE JESUS, DE LA CIUDAD DE EL ALTO",LA PAZ,EL ALTO,,61162811,4974107013
MEDI-JEN,JENNY JULIAN TITO,"CALLE 4, NO. 73, ESQUINA AVENIDA FRANCO VALLE, ZONA 12 DE OCTUBRE DE LA CIUDAD DE EL ALTO",LA PAZ,EL ALTO,,77583832,6720803017
MEDI LUCY,SARAH CRISTHEL SALAZAR PEREZ,"AVENIDA CIUDAD DEL NIÑO, NO. 121, P.B., ZONA PAMPAHASI DE LA CIUDAD DE LA PAZ",LA PAZ,LA PAZ,,69771818,12764469019
MEDIN-ESENCIA,GRISELDA LINARES LARUTA,"CALLE ALTO BENI, NRO 1582, ENTRE CALLE LOPERA Y AVENIDA 15 DE ABRIL, ZONA VILLA FATIMA DE LA CIUDAD DE LA PAZ",LA PAZ,LA PAZ,,65551085,9209235016
MEDINSUMOS,MARCELO CASTEL ROJAS,"CALLE F, EDIFICIO SN, PISO PB, OFICINA 2, N° 11, ZONA PAMPAHASI CASI ESQUINA T A MEDIA CUADRA DEL MERCADO NUESTRA SEÑORA DE LA PAZ.",LA PAZ,LA PAZ,,78804426,6111766018
MEDIPLUS,,"AVENIDA JAIMES FREYRE, NO. 2035, ENTRE CALLE MOXOS Y CALLE JAIME ZUDAÑEZ, ZONA TEMBLADERANI DE LA CIUDAD DE LA PAZ",LA PAZ,LA PAZ,,70108669,8325762019
MEDIREYES,LENNY MARTHA REYES RIVAS,"AVENIDA 31 DE OCTUBRE, PLANTA BAJA, NO 1748, ZONA VILLA SAN ANTONIO BAJO DE LA CIUDAD DE LA PAZ",LA PAZ,LA PAZ,,76558879,3433279018
MEDISALUD,SANDRA MODESTA YUJRA MAIDANA,"CALLE ANDRES CHOQUE NO. 20, ZONA LA PORTADA DE LA CIUDAD DE LA PAZ",LA PAZ,LA PAZ,,70557891,2696935010
MEDISALUD-1,,"AV. ADRIAN CASTILLO NO. 103, PB., ZONA ALTO LIMA DE LA CIUDAD DE EL ALTO",LA PAZ,EL ALTO,,65597026,2696935010
MEDI SALUD II,,"CALLE MAX PAREDES, NO. 701, ESQUINA PEDRO DE LA GASCA, PB., LOCAL 1, ZONA GRAN PODER, DE LA CIUDAD DE LA PAZ",LA PAZ,LA PAZ,,70557891,2696935010
MEGAFAR,CINTIA LIZETH CALZADA VILLA,"AV. SATELITE, NO. 160, ESQUINA AV. ARICA, ZONA SANTIAGO I DE LA CIUDAD DE EL ALTO",LA PAZ,EL ALTO,,65155528,8402540015
MEGAFARMACIA,LOURDES RAMOS CHAVEZ,"AVENIDA PANDO NO. 169, ENTRE CALLES ILLIMANI Y MORALES, ZONA CENTRAL VIACHA DEL MUNICIPIO DE VIACHA DEL DEPARTAMENTO DE LA PAZ",LA PAZ,VIACHA,,74063634,4742506015
MEGAMACK,JENNY MARIANA CORDERO ADUVIRI,"AV. BOLIVIA N° 4008, ESQUINA CALLE 4, ZONA SAN LUIS TASA DE LA CIUDDA DE EL ALTO",LA PAZ,EL ALTO,,69799595,6760312013
MENITA,,"AV. PERIFERICA NO. 1452, EDIF. S/N PISO 1, DEPTO. 1, ZONA LA MERCED DE LA CIUDAD DE LA PAZ",LA PAZ,LA PAZ,,76267034,8413689019
MERIALBI,ELVIRA ROSARIO ALIPATI JUANIQUINA,"AVENIDA JAIME ZUDAÑEZ NO. 1123, ZONA SOPOCACHI ALTO DE LA CIUDAD DE LA PAZ",LA PAZ,LA PAZ,2257210,73039890,3394323012
MERYFAR-BOL,MERY LIDIA CHOQUE MEJIA,"AV. JUNIN NO. 1754, ENTRE AV. 6 DE JUNIO Y LA AV. LITORAL, ZONA URBANIZACION BARTOLINA SISA DE LA CIUDAD DE EL ALTO",LA PAZ,EL ALTO,,78878895,6090050010
METODISTA,MELISSA VIRGINIA CHAVEZ MAMANI,"AVENIDA 14 DE SEPTIEMBRE NO. 5809, ESQUINA CALLE 12, ZONA OBRAJES DE LA CIUDAD DE LA PAZ",LA PAZ,LA PAZ,2783509,69851004,1020165021
METROFARMA J Y J,JAKELIN MAMANI CHOQUEHUANCA,"CALLE 125 NO. 40, ESQ. AV.HACIA EL PACIFICO, ZONA VILLA BOLIVAR C DE LA CIUDAD DE EL ALTO",LA PAZ,EL ALTO,,60173027,7002898011
MIAN,KERLY VICTORIA ACARAPI ARIZAYA,"CALLE 3, NO 91, ENTRE CALLE J, DE LA CRUZ MONJE, AL FRENTE DE LA ESCUELA SANTA ROSA GRANDE, ZONA SANTA ROSA GRANDE/ALTO MIRAFLORES DE LA CIUDAD DE LA PAZ",LA PAZ,LA PAZ,,64083228-76572788,3430612014
MICAL J&G,SILVIA EUGENIA MARCA MISTO,"AVENIDA LADISLAO CABRERA, ENTRE AVENIDA BOLIVIA Y AVENIDA OLEODUCTO , NO.17, ZONA VILLA BOLIVAR MUNICIPAL, DE LA CIUDAD DE EL ALTO",LA PAZ,EL ALTO,,73079679,6857944017
MI CIELO,EMILIANO ALEJANDRO GUTIERREZ MAMANI,"AVENIDA SATELITE ENTRE CALLEJON 15 Y CALLE JORGE SQUIER, NO. 20, ZONA VILLA TEJADA RECTANGULAR, DE LA CIUDAD DE EL ALTO",LA PAZ,EL ALTO,,72502925,2606674017
MI CLON I,MARIA TERESA TICONA ARRATIA,"CALLE QUILLACOLLO, ESQ. AVENIDA 6 DE AGOSTO, NO. 457, ZONA VILLA TUNARI DE LA CIUDAD DE EL ALTO",LA PAZ,EL ALTO,,77270122-76071520,9247594010
MI FAMILIA SUC. 1,ALEIDA GUTIERREZ MACHACA,"CALLE YANACACHI NO. 1387, ESQUINA OCOBAYA, ZONA VILLA FATIMA DE LA CIUDAD DE LA PAZ",LA PAZ,LA PAZ,,7722485,6136906017
MI FARMA AYALA,,"AVENIDA MARIO MERCADO, NO. 195 A, ZONA LLOJETA BAJO, DE LA CIUDAD DE LA PAZ",LA PAZ,LA PAZ,,71956181,345056027
MI FARMACIA,DIANA KAREN CANEDO RAMOS,"AVENIDA BUENOS AIRES NO. 628, ZONA 14 DE SEPTIEMBRE DE LA CIUDAD DE LA PAZ",LA PAZ,LA PAZ,2461262,68235400,10903403013
MI FARMA SUCURSAL 14,,"CALLE 10 N° 411 ESQUINA AVENIDA BALLIVIAN, FRENTE HOTEL CAMINO REAL, ZONA CALACOTO",LA PAZ,LA PAZ,,77663428,172758021
MI FARMA SUCURSAL 30,,"CALLE FIGUEROA N° 766 ESQUINA CALLE SANTA CRUZ EDIFICIO GONZALES, PLANTA BJAA ZONA EL ROSARIO",LA PAZ,LA PAZ,,77663428,172758021
MI FARMA SUCURSAL 32,,"CALLE SOCABAYA N° 384, ENTRE POTOSI Y CALLE MERCADO, ZONA CENTRAL",LA PAZ,LA PAZ,,77663428,172758021
MI FARMA SUCURSAL 35,,"AVENIDA SAAVEDRA NO. 1760, EDIFICIO IBITA P.B., LOCAL 5, ZONA MIRAFLORES DE LA CIUDAD DE LA PAZ",LA PAZ,LA PAZ,,77663428,172758021
MI GRACIA,ROCIO HELEN MITA MAMANI,"AVENIDA SUCRE, Nº 7, ENTRE CALLE ESTEBAN ARCE CALLE 8 PUNATA, ZONA VILLA TUNARI DEL MUNICIPIO DEL EL ALTO",LA PAZ,EL ALTO,,74841149,7077833017
MILAGRO DE DIOS,MAXIMA LOMA ALVAREZ,"CALLE CARACATO, NO. 3050, ESQUINA AVENIDA ESTRUCTURANTE, ZONA NUEVA ESPERANZA, DE LA CIUDAD DE EL ALTO",LA PAZ,EL ALTO,,78810821,7012306015
MILAGROSO DE SAN BARTOLME,ROGER CARLOS CONDO BACAREZA,"AVENIDA EUCALIPTO, NO. 2044, ZONA ROMERO PAMPA, ENTRE  AVENIDA RETAMAS Y  CALLE WILA LAYU CHACHACOMA DE LA CIUDAD DE EL ALTO",LA PAZ,EL ALTO,,60681692,4984063019
MILAGROS VIDA,SANDRA MABEL CUENTAS MAMANI,"AVENIDA ESCOBAR URIA NO. 148, ZONA KUPINI DE LA CIUDAD DE LA PAZ",LA PAZ,LA PAZ,,73216945,6764859019
MILLAN,ELISA BENITO LOPEZ,"AVENIDA KOLLASUYO, N° 80, FRENTE A LA CALLE NEMECIO ITURRI, ZONA LA PORTADA DE LA CIUDAD DE LA PAZ",LA PAZ,LA PAZ,,2395148 - 73281258,6849349016
MI LUZ MARELY,,AVENIDA ALFONSO UGARTE N° 205 ZONA BALLIVIAN ENTRE CALLE JOSE CHACON Y CALLE SARGENTO CARRASCO A 3 CUADRAS DE LA PLAZA BALLIVIAN DE LA CIUDAD DE EL ALTO,LA PAZ,EL ALTO,,61144789,6945219012
MI MESIAS,AIDA LARICO CALISAYA,"AVENIDA IDELFONSO DE LAS MUÑECAS N°302 A, CASA DE UN PISO, PISO PB, TIENDA 1, FRENTE PLAZA KENEDY, ZONA DE SAN SEBASTIAN DE LA CIUDAD DE LA PAZ",LA PAZ,,,69872741 - 70652386,5995393017
MIPHARMA,LUIGI AMILKAR GUZMAN LEDEZMA,"AVENIDA LUIS DE FUENTES NO.537, ZONA RIO SECO DE LA CIUDAD DE EL ALTO",LA PAZ,EL ALTO,,72075274,6827122014
MIRANDA,MARIA EUGENIA APAZA VENTURA,"CALLE LUCAS JAIMES NO. 1977, EDIF. LUNA PB., LOCAL (FRENTE AL HOSPITAL MATERNO INFANTIL) DE LA CIUDAD DE LA PAZ",LA PAZ,LA PAZ,,77238091-62571474,4790497010
MIRIAM VITAE,HERLAND LUCIO APAZA CALLE,"CALLE FINAL YANACOCHA N° 33, ESQUINA AVENIDA JUAN JOSE TORREZ, ALTURA TELEFERICO NARANJA, ZONA AGUA DE LA VIDA DE LA CIUDAD DE LA PAZ",LA PAZ,LA PAZ,,76267646,8318520013
MIRIBE,,"AVENIDA THE STRONGEST NO.1500, ZONA ACHUMANI DE LA CIUDAD DE LA PAZ",LA PAZ,LA PAZ,,76593816,4295198018
MIS 4 BENDICIONES,MARISELA ESCARZA FERNANDEZ,"AVENIDA PANAMERICANA, NO. 2935, ZONA 21 DE OCTUBRE, ENTRE AVENIDA BOLIVIA Y CALLE J.J. TORREZ DE LA CIUDAD DE EL ALTO",LA PAZ,EL ALTO,,61108572,7036403017
MISABELLA VIDA Y SALUD,,"AVENIDA DEL POLICIA, N° 1175, ZONA VILLA TEJADA RECTANGULAR ENTRE AVENIDA CIVICA Y CALLE GEORGE SQUIER PB. AL FRENTE DEL HOSTAL DEL SUR DE LA CIUDAD DE EL ALTO",LA PAZ,EL ALTO,,68107377,6876358016
MI SALUD,NELLY CECILIA GIRONDA,"CALLE CUBA, NO. 1924 ENTRE DIAZ ROMERO Y VILLALOBOS ZONA MIRAFLORES DE LA CIUDAD DE LA PAZ",LA PAZ,LA PAZ,,67157400-70587042,4823461010
MI SALUD ES VIDA,SANDRA JUANA TICONA QUELCA,"AV. LUIS DE VELASCO Y AV. BOLIVIA NO. 3004, ZONA VILLA ALEMANIA, DE LA CIUDAD DE LA PAZ - EL ALTO",LA PAZ,EL ALTO,,71284522,4805238017
MI SOL,ASUNTA MAMANI FLORES,"AVENIDA REPUBLICA DOMINICANA, NO 1688, ESQUINA AVENIDA VILLA LOBOS, ZONA MIRAFLORES DE LA CIUDAD DE LA PAZ",LA PAZ,LA PAZ,,73217798,6759080010
MI SOL AMIGA,MARLENE ALISON MENDEZ VALENCIA,"AV. JUNIN NO.8, ENTRE CALLE F Y AV. MONTERO, ZONA VILLA ADELA DE LA CIUDAD DE EL ALTO",LA PAZ,EL ALTO,,76734826,6797917017
MISTERIO DE LUZ,ELOISA NATALIA CATARI QUISPE,"AVENIDA 16 DE JULIO Y CALLE 7, NO.1, ZONA VILLA ESPERANZA DE LA CIUDAD DE EL ALTO",LA PAZ,EL ALTO,,71921133,4842868013
MI VIRGEN DEL CARMEN,LIZETH ERIKA ALARCON ESPINOZA,"AV. LANDAETA NO. 1040, ENTRE CALLES WARNES Y VALENTIN ABECIA A DOS CUADRAS DEL STADIUM BOLIVAR, ZONA TEMBLADERANI DE LA CIUDAD DE LA PAZ",LA PAZ,LA PAZ,,79528028,9874459013
MI VIRGEN DEL CARMEN SUCURSAL 2,PAOLA SELENE GUTIÉRREZ RAMOS,"AVENIDA REPUBLICA, NRO 1542, EDIFICIO LOCAL CRISTALI, PISO:PLANTA BAJA, LOCAL EXTERIOR, ENTRE CALLE MURGIA Y CALLE ASUNCION, ZONA DE VILLA VICTORIA, DE LA CIUDAD DE LA PAZ",LA PAZ,LA PAZ,,79528028,9874459013
MJ SANTIAGO,MOISES HUANCA FERNANDEZ,"AVENIDA BOLIVIA, NRO. 1 ESQUINA HERNAN CORTEZ, ZONA VILLA ADELA DE LA CIUDAD DE EL ALTO",LA PAZ,EL ALTO,,73540146,9928061017
M&M,ADRIAN MARCELO MANTILLA URIA,"AV. BRASIL, EDIF. BETZABE, PISO PB, LOCAL 1, NO 1449, ZONA MIRAFLORES, ENTRE CALLE CUBA Y PARAGUAY DE LA CIUDAD DE LA PAZ",LA PAZ,LA PAZ,,60550719,2701808016
MOCEDADES,MONICA DEL ROCIO MENDEZ PEÑALOZA,"CALLE RODRIGUEZ NO. 335, ZONA BELEN DE LA CIUDAD DE LA PAZ",LA PAZ,LA PAZ,,70533423,3441779010
MODERNA,MILENKA TATIANA VARGAS LARA,"AV. A3, NO 3134, ZONA VILLA ADELA/PARAISO, ENTRE AV. LITORAL Y CALLE 17 DE MAYO, DE LA CIUDAD DE EL ALTO",LA PAZ,EL ALTO,,71524428,8345542017
MOISES 2,LUZ EDITH CORTEZ DE ABASTOFLOR,"AVENIDA MANCO KAPAC NRO 494, EDIFICIO MALL VIA PISO 1, LOCAL 11, A MEDIA CUADRA DE NUDO VITA, ZONA  SAN SEBASTIAN DE LA CIUDAD DE LA PAZ",LA PAZ,LA PAZ,,70629191,2216385013
MONRROY,JHANNET MONRROY QUISPE,"CALLE EUSEBIO MORALES NO. 1425 ZONA CIUDAD SATELITE, ESQUINA CALLE 21 C, DE LA CIUDAD DE EL ALTO",LA PAZ,EL ALTO,,67307406,6905206010
MONTEBELLO,,"CALLE REPUBLICA DOMINICANA NO. 1843 ENTRE CALLE J GUTIERREZ GUERRA Y CALLE DIAZ ROMERO, ZONA MIRAFLORES DE LA CIUDAD DE LA PAZ",LA PAZ,LA PAZ,,69816221,60938060
MONTE CRISTO,RUFINA APAZA PILLCO,"CALLE TIQUINA, NO.2515, ESQUINA AVENIDA BOLIVIA Y AVENIDA PANAMERICANA, FRENTE A LA SUBALCALDIA DISTRITO 7, URBANIZACION REY DE REYES DE LA CIUDAD DE EL ALTO",LA PAZ,EL ALTO,,60608090,6132689010
MONTESSORY,MARCELA ARCE GOROSTIAGA,"AV. 23 DE MARZO, CALLE MEJILLONES - LITORAL NO. 1125, ZONA VENTILLA DE LA CIUDAD DE EL ALTO DEL DEPARTAMENTO DE LA PAZ",LA PAZ,EL ALTO,,77589102,8340844010
MONTEVILLA,TERESA MONTEVILLA SAAVEDRA,"AVENIDA ARGELIA NO. 2974 ENTRE CALLE RIO MAURI Y CALLE RIO CHAPARE, ZONA CUPILUPACA DE LA CIUDAD DE EL ALTO",LA PAZ,EL ALTO,,74087002,9121716012
MULTIFARMA TILATA I,DANEYBA LUORDES VILLANUEVA MONZON,"AVENIDA HACIA EL MAR NRO. 1105, ZONA FRANJA URKUPIÑA II, MUNICIPIO VIACHA DEL DEPARTAMENTO DE LA [AZ",LA PAZ,LA PAZ,,76722932,6767465016
MULTIPHARMA,,"AVENIDA 16 DE JULIO N° 1315, ZONA LOS ANDES ENTRE CALLE BALBOA Y HERNANL",LA PAZ,EL ALTO,,79505693,4759388013
MUNAYTIKA,SENDY MARIEL APAZA LIMACHI,"AV. PUCARANI NO. 42, ZONA BALLIVIAN DE LA CIUDAD DE EL ALTO",LA PAZ,EL ALTO,,73744820,9104559011
MUNDIAL,MARIA RENE PANOZO REQUENA,AVENIDA PABLO SANCHEZ ESQ. CALLE 12 NO. 6230 ZONA IRPAVI BAJO DE LA CIUDAD DE LA PAZ,LA PAZ,LA PAZ,,,3556211018
MUNDOFAR,,"CALLE 12 N° 2017, ZONA BELLA VISTA",LA PAZ,LA PAZ,,,4876295019
MUNDOFAR,RIGOBERTO COLQUE PAREDES,"CALLE FRANCISCO DE MIRANDA ESQ. CALLE 20 NO. 2017, ZONA BELLA VISTA DE LA CIUDAD DE LA PAZ",LA PAZ,LA PAZ,2916777,,4817164011
MUNDOMAGISTRAL SRL.,SALETTE CAROLINA SOLOGUREN MACHICADO,"CALLE 21 DE CALACOTO, EDF. BASAURE NO. 8514 ENTRE LA CALLE COSTANERA Y JOSE AGUIRRE, ZONA CALACOTO DE LA CIUDAD DE LA PAZ",LA PAZ,LA PAZ,22779991,71030041,382220026
MUNDO ONLINE,PATRICIA MAMANI URIONA,"AVENIDA BOLIVIA, NO.450 ZONA PACAJES CALUYO, ENTRE AVENIDA COCHABAMBA Y CALLE J, DE LA CIUDAD DE EL ALTO",LA PAZ,EL ALTO,,78920115,7892343018
MUNDO SANO,YAMILCA ZUZETH MAMANI ARIAS,"AV. BOLIVIA NO 8, CERCA DE LA CALLE 2, A UNA CUADRA DEL PUENTE BOLIVIA, ZONA MUNICIPAL RIO SECO ILLIMANI, DE LA CIUDAD DE EL ALTO",LA PAZ,EL ALTO,,78878895,6090050010
M Y A,NANCY ZULETA CHIARA,"CALLE JOSE MARIA SERRANO, N° 2806, ZONA BAUTISTA SAAVEDRA U.V.F., ENTRE AVENIDA BAUTISTA SAAVEDRA Y CALLE JOSE MIGUEL DE VELASCO DE LA CIUDAD DE EL ALTO.",LA PAZ,EL ALTO,,67134647,9991368016
MY DAD,,"AVENIDA CIVICA, N° 517, ESQUINA AVENIDA ANTOFAGASTA, FRENTE A LA PLAZA OBELISCO, ZONA VILLA TEJADA DE LA CIUDAD DE EL ALTO",LA PAZ,EL ALTO,,67055100,4252372017
M Y R,RACINE MAYRA VERASTEGUI COARITE,"CALLE POTOSI NO. 1110, ENTRE LAS CALLES AYACUCHO Y SOCABAYA, ZONA CENTRAL DE LA CIUDAD DE LA PAZ",LA PAZ,LA PAZ,,79155760,6887314016
NAHUMA,YOLANDA GAMBOA CARRILLO,"AVENIDA MARCELO QUIROGA SANTA CRUZ ESQ. KM. 7 NO. 151, ZONA PASANKERI DE LA CIUDAD DE LA PAZ",LA PAZ,LA PAZ,,71936777,4777300011
NATALIA I,BEATRIZ TORRES QUISPE,"AV. HUAYNA POTOSI, N°12 ENTRE AV. SAN CRISTOBAL Y CALLE 38 ZONA ALTO LIMA DE LA CIUDAD DE EL ALTO",LA PAZ,EL ALTO,,67025726,6159434012
NATALIA SUCURSAL II,GIOVANA LESLY TICONA ALVAREZ,"AVENIDA RAMIRO CASTILLO Nº 30 EDIFICIO S/N PISO PB OF1 ENTRE CALLE 4Y 5, ZONA VILLA EL CARMEN DE LA CIUDAD DE LA PAZ",LA PAZ,LA PAZ,,67025726,6159434012
NATALY,MERCEDES LAIME VALLEJOS,AVENIDA JUAN PABLO II N°580 ENTRE AVENIDA LUIS ESPINAL Y CALLE MARTIN LUTERO ZONA MEJILLONES DE LA CIUDAD DE EL ALTO,LA PAZ,EL ALTO,,78811019,2687374017
NATALY,MERCEDES LAIME VALLEJOS,"AVENIDA JUAN PABLO II, NO 580, ENTRE AVENIDA LUIS ESPINAL Y CALLE MARTIN LUTERO, ZONA MEJILLONES DE LA CIUDAD DE EL ALTO",LA PAZ,EL ALTO,,78811019,2687374017
NATALY I,GLADYS CACERES DE LA CRUZ,"AVENIDA JUAN PABLO II NO. 2334, ENTRE AVENIDA LUIS ESPINAL Y BUENOS AIRES (CARRETERA LAJA), ZONA BRASIL DE LA CIUDAD DE EL ALTO",LA PAZ,EL ALTO,,78811019,2687374017
NATURFAR,JACOBA CONDORI VELASCO,"AVENIDA FERNANDO RAMIREZ NO. 4644 ENTRE AVENIDA 9 DE AGOSTO Y CALLE ENRIQUE RAMIREZ, ZONA MERCEDARIO 3 DE LA CIUDAD DE EL ALTO",LA PAZ,EL ALTO,,74855658,3435467018
NAVA,DANITZA KAREM NAVA VELARDE,"CALLE JOSE MARIA ASIN NO.488, ENTRE AVENIDA APUMALLA Y CALLE PEÑAS, ZONA VILLA VICTORIA DE LA CIUDAD DE LA PAZ",LA PAZ,LA PAZ,,73517014,6910707013
NEBAI I,BEATRIZ DELINA LARREA VASQUEZ,"AV. 7 DE OCTUBRE, NO. 3415, ENTRE AV. LUIS ESPINAL Y CALLE 8, ZONA VILLA YUNGUYO, DE LA CIUDAD DE EL ALTO",LA PAZ,EL ALTO,,78752679,6902570011
NEFERTITI LA ROSSE,JULIETA MARCIA NACHO ZAPATA,"PASAJE 18 DE NOVIEMBRE NO. 780, FRENTE A LA PLAZA SUCRE, ZONA BALLIVIAN DE LA CIUDAD DE EL ALTO",LA PAZ,EL ALTO,,65676002-71901335,4810311017
NEFI,JEANNINE CLAUDIA ESPEJO QUENTA,"ZONA CUPILUPACA, AVENIDA PERIFERICA ENTRE CALLES 3 Y CALLEJON, NO. 50 DE LA CIUDAD DE LA PAZ",LA PAZ,LA PAZ,,63121878,8324387017
NEFTHALY,RAMIRO TITO ACHACOLLO,"AVENIDA VERSALLES, N° 1284, ZONA LOS PINOS ESQUINA AVENIDA ALONZO R. GAVILAN AL FRENTE DEL COLEGIO 18 DE DICIEMBRE , ALTURA EXTRANCA DE SENKATA, ENTRANDO DE LA CIUDAD DE EL ALTO.",LA PAZ,EL ALTO,,73824140,7279434013
NELUMBO-H,,AVENIDA SIMON BOLIVAR N° 4710 ZONA BAUTISTA SAAVEDRA,LA PAZ,EL ALTO,,77248288,9971615014
NEOPHARMA,ISRAEL JOB AGUILAR VILA,"AVENIDA 14 DE SEPTIEMBRE NRO 509, PLANTA BAJA, LADO PUETE A DOS CUADRAS DE PARADA DEL MINIBUS 538, ZONA OVEJUYO",LA PAZ,LA PAZ,,70123901,6808341010
NEUROPHARMA,JACQUELINE HUANCA CAMPOS,"CALLE GUERRILLEROS LANZA, NO 1372, EDIFICIO MARUJITA, ENTRE AV. HEROES DEL PACIFICO Y SAN SALVADOR, ZONA MIRAFLORES DE LA CIUDAD DE LA PAZ",LA PAZ,LA PAZ,,76205013,4760715013
NEXUS PHARMA,,"CALLE PISSIS NO. 2047 ENTRE CALLES TUCURPURI Y ACONCAGUA, ZONA SENKATA 79, DE LA CIUDAD DE EL ALTO",LA PAZ,EL ALTO,,76517330,4040085012
´NICBEL,,"AVENIDA  MARISCAL SANTA CRUZ NO 1623, ENTRE CALLE 21 DE SEPTIEMBRE Y CALLE 16 DE OCTUBRE ZONA ALTO CHIJINI DE LA CIUDAD DE  EL ALTO",LA PAZ,,,,7022252014
NICOFARMA,PAMELA PAOLA MIRANDA CALLE,"AVENIDA PRIMAVERA N°137 ESQUINA CALLE VIOLETA PASANDO UNA CUADRA DEL COLEGIO BOLIVIA, ZONA PURA PURA, URBANIZACIÓN CAJA FERROVIARIA DE LA CIUDAD DE LA PAZ",LA PAZ,LA PAZ,,73250450,6727559015
NICOL MAITE,GUADALUPE LAURA RAMOS CHARCO,"AV. HACIA EL MAR NO. 1298 ENTRE CALLES 13 Y 14, ZONA URKUPIÑA FRANJA II, MUNICIPIO VIACHA DEL DEPARTAMENTO DE LA PAZ",LA PAZ,VIACHA,,61012463,9078655014
NILVEL,GRECIA YADIRA VELA CHAMBI,"AV. PUCARANI NO. 6795, ZONA BALLIVIAN DE LA CIUDAD DE EL ALTO",LA PAZ,EL ALTO,,65693311-68077716,9878865012
NIÑO DE SIKIMIRA,NADIA ALLISON FLORES HIDALGO,CALLE MATIAS TERRAZAS NO. 7 ZONA MIRAFLORES DE LA CIUDAD DE LA PAZ,LA PAZ,LA PAZ,,71546047,6122626011
NIÑO JESUS NAZARENO,PATTY IRENE ARUQUIPA LUNA,"AVENIDA ISMAEL MONTES, EDIFICIO, S/N, OFICINA 1, N° 787, ESQUINA PEREZ VELASCO CASI ESQUINA CALLE PICHINCHA, ZONA CENTRAL DE LA CIUDAD DE LA PAZ.",LA PAZ,LA PAZ,,78832346 - 78911018,6730602018
NIÑO JESUS NAZARENO SUCURSAL 1,MATILDE SERRANO VALLEJOS,"AV. BUSCH, EDIFICIO ""NIÑO JESUS"" PLANTA BAJA, OFICINA 1, NO. 1135, ZONA MIRAFLORES, ENTRE GUATEMALA Y HAITI DE LA CIUDAD DE LA PAZ",LA PAZ,LA PAZ,2241992,75220266,1254152010
NIÑO PASCUALITO,YHOVANA DALIA ACARAPI MACHICADO,"AVENIDA PROLONGACIONFEDERICO ZUAZO, EDIFICIO JEHOVA JIREH, PISO SUB SUELO, DEPART./LOCAL/OFICINA SN NO. 2103, ESQUINA CALLE SORIA FRENTE A LA CANCHA ZAPATA DE LA ZONA SOPOCACHI DE LA CIUDAD DE LA PAZ",LA PAZ,LA PAZ,,77762184,6952875015
NIÑO SAN JUAN BAUTISTA,KARINA FELIZA NINA CRUZ,"AV. ECUADOR NO. 2139, ZONA SOPOCACHI BAJO DE LA CIUDAD DE LA PAZ",LA PAZ,LA PAZ,,70699018,3962609019
NIÑO SAN SALVADOR I,MIGUEL ROLANDO VILLAGOMEZ CISNEROS,"UBICADO EN LA AVENIDA JUAN PABLO II, NO. 977 (FRENTE AL HOSPITAL DEL NORTE), ZONA RIO SECO BRASIL, ENTRE CALLE 6 Y CALLE 8 DE LA CIUDAD DE EL ALTO - LA PAZ",LA PAZ,EL ALTO,,68455579,816729018
NOEFARMA,WILMA JUSTO QUISPE,"AV. JUAN PABLO II, ZONA FERRO PETROL, NO. 8 ESQUINA CALLE  11 DE JUNIO DE LA CIUDAD DE EL ALTO",LA PAZ,EL ALTO,,70540342 - 7038672,6009337013
NOEFARMA SUCURSAL 1,,"AVENIDA BOLIVIA, N ° 1125, ENTRE AVENIDA COSTANERA Y CALLE CHARAÑA, ZONA VILLA ADELA YUNGUYO DE LA CIUDAD DE EL ALTO",LA PAZ,EL ALTO,,70540342,6009337013
NOEMI,SENOBIA SUSY AQUIZE TARQUI,"AV. MARIO BAUTISTA NO. 1047, ZONA 14 DE SEPTIEMBRE DE LA CIUDAD DE LA PAZ",LA PAZ,LA PAZ,2915375,76227257,4798530013
NOVAFAR,JHANETT GUTIERREZ GOMEZ,"AV. RAUL SALMON NO. 136, ENTRE CALLES 6 Y 7, ZONA 12 DE OCTUBRE DE LA CIUDAD DE EL ALTO",LA PAZ,EL ALTO,,73536616,8264491012
NOVAIRE S.R.L.,MARIA ESTHER AQUINO,"CALLE PARIGUAYA NO. 277, FRENTE A LA PLAZA ARANDIA, ZONA LA MERCED, DE LA CIUDAD DE LA PAZ",LA PAZ,LA PAZ,2261320,69850070,328302021
NOVAIRE S.R.L. 1,MARIA ESTHER AQUINO,"CALLE SAN JOSE NO. 1040, ESQUINA AV. BALTAZAR DE SALAS, ZONA VINO TINTO DE LA CIUDAD DE LA PAZ",LA PAZ,LA PAZ,,69850070,328302021
NOVELLA,PAOLA LINDA QUENTA TANGARA,"AVENIDA PUNATA, NRO 1995, PLENA ESQUINA  CALLE INDEPENDIENTE, FRENTE PLAZA LUIS ESPINAL, ZONA LUIS ESPINAL DE LA CIUDAD DEL ALTO",LA PAZ,EL ALTO,,60621058,4907882019
N & R,NOELIA RAMOS CHOQUE,"AVENIDA B, NO. 1422, URBANIACION GRAN PODER, ZONA KENKO, DE LA CIUDAD DE EL ALTO",LA PAZ,EL ALTO,,76586101,7062841013
NSR,LIZETH ANDREINA HUANCA PINTO,"CALLE 6 Y DEMETRIO MOSCOSO, NO. 650 ZONA VILLA DOLORES DE LA CIUDAD DE EL ALTO",LA PAZ,EL ALTO,,79150196,8402347018
NUESTRA FARMACIA,,CALLE BELISARIO SALINAS NO. 350 EDIF. BELISARIO SALINAS PISO P.B. LOCAL 1 ZONA SOPOCACHI DE LA CIUDAD DE LA PAZ,LA PAZ,LA PAZ,2444123,,3384766017
NUESTRA FARMACIA SUCURSAL NO. 1,,"AV. JOSE MARIA AGUIRRE ACHA NO. 710, EDIF OSCAR, PLANTA SUBSUELO 1, ZONA LOS PINOS DE LA CIUDAD DE LA PAZ",LA PAZ,LA PAZ,2444123,,3384766017
NUESTRA SEÑORA DE COPACABANA,ANA NEVENKA BACARREZA FLORES,"CALLE 9 NO. 1410 ESQ. AV. PRINCIPAL , URBANIZACION 23 DE MARZO, MESETA DE ACHUMANI DE LA CIUDAD DE LA PAZ",LA PAZ,LA PAZ,,,390544014
NUESTRA SEÑORA DE LA ASUNTA,DAYSI GLADYS VACA JARAMILLO,"CALLE 20 PROLONGACION NO. 281,ZONA BELLA VISTA DE LA CIUDAD DE LA PAZ",LA PAZ,LA PAZ,2782538,79149364,1867023010
NUESTRA SEÑORA DE LA PAZ,TERESA LEZBY RAMIREZ MENA,"CALLE 16, NO. 3010, ZONA BAJO LLOJETA DE LA CIUDAD DE LA PAZ",LA PAZ,LA PAZ,2500871-2500708,75210516,1007019025
NUESTRA SEÑORA DE REMEDIOS,MARCELA XIMENA DEL CASTILLO MARIN,"CALLE 25 B NO. 337, ZONA CIUDAD SATELITE PLAN 148 DE LA CIUDAD DE EL ALTO",LA PAZ,EL ALTO,,79150196,4742627018
NUEVA CAROLINA,EVA QUISPE RAMIREZ,"CALLE RAUL SALMON NO. 60 ESQ. CALLE 1, ZONA 12 DE OCTUBRE DE LA CIUDAD DE EL ALTO",LA PAZ,EL ALTO,,71283791,3354499010
NUEVA CENTRAL,,"AVENIDA ILLAMPU, EDIFICIO SENDER, NO 754, ESQUINA CALLE SANTA CRUZ ENTRE PASAJE AROMA, ZONA EL ROSARIO DE LA CIUDAD DE LA PAZ",LA PAZ,LA PAZ,,69830558,2305125015
NUEVA ESPERANZA,,"AV. ILLAMPU, EDIF. S/N P.B. OF. 1 NO. 1090, ENTRE CALLES TARIJA Y CALDERON, ZONA BELEN DE LA CIUDAD DE LA PAZ",LA PAZ,LA PAZ,,77266846,4820642017
NUEVALIANZA,PATRICIA SOLIZ ROMERO,"CALLE FERNANDO GUACHALLA NO. 646, ENTRE AVENIDA ECUADOR, ZONA SOPOCACHI BAJO DE LA CIUDAD DE LA PAZ",LA PAZ,LA PAZ,,70151940,2603805013
NUEVALIANZA,,"CALLE FERNANDO GUACHALLA # 646, ENTRE AVENIDA ECUADOR, ZONA SOPOCACHI BAJO",LA PAZ,LA PAZ,,70151940,2603805013
NUEVALIANZA SUCURSAL 1,YURITZA JOBLIN AMATLLER LLANOS,"AVENIDA 20 DE OCTUBRE NO. 1839, ZONA SAN PEDRO BAJO DE LA CIUDAD DE LA PAZ",LA PAZ,LA PAZ,,70151940,2603805013
NUEVO HORIZONTE,MISHELL LORENA LIMA MONTEVILLA,"AVENIDA GUADALQUIVIR, ENTRE CALLE CATAVI Y CALLE TELAMAYO, NO 2025, ZONA NUEVOS HORIZONTES II DE LA CIUDAD DE EL ALTO",LA PAZ,EL ALTO,2850217,74864437,7051018016
NUTRIFARMA J&M,ANGELA VARGAS PEREZ,"CALLE ACHACHICALA, ENTRE CALLE ILLIMANI Y CALLE SUCRE, NO. 1105, ZONA ALTO LIMA 1RA. SECCION DE LA CIUDAD DE EL ALTO",LA PAZ,EL ALTO,2845009,70597161,6076530019
NUTRI-SALUD,GABRIELA GENESIS OROZCO CASTRO,"AVENIDA LA PAZ NO. 85 ESQ. CALLE ARTURO VALLE, ZONA 16 DE JULIO DE LA CIUDAD DE EL ALTO",LA PAZ,EL ALTO,,71216038,4813114015
OASIS DE VIDA,CLAUDIA LIMACHI CONDORI,"AV. 16 DE JULIO, NO. 3070, ZONA BALLIVIAN DE LA CIUDAD DE EL ALTO",LA PAZ,EL ALTO,,69949546,7054914017
OCHOA,ANA MARIA OCHOA ARUQUIPA,"AV. CHACALTAYA NO. 170, ENTRE AV. PUCARANI Y CALLE COPACABANA ZONA ALTO LIMA DE LA CIUDAD DE EL ALTO",LA PAZ,EL ALTO,,67018838,7044965015
OHANNAMED,,"CALLE EDGAR IBARRA, NRO. 1714, ESQUINA AVENIDA MARISCAL SANTA CRUZ , ZONA VILLA INGENIO U.V.II DE LA CIUDAD DE EL ALTO",LA PAZ,EL ALTO,,60585495,7032598016
OJEDA,KARINA OJEDA SACA,"AVENIDA CIVICA NO. 11, ENTRE AVENIDAS SATELITE Y DEL POLICIA, ZONA VILLA TEJADA DE LA CIUDAD DE EL ALTO - LA PAZ",LA PAZ,EL ALTO,,74233651,6597617018
OJITOS,MARIA DEL PILAR GUTIERREZ DURAN,"AVENIDA ENTRE RIOS NO. 2036, ZONA EL TEJAR DE LA CIUDAD DE LA PAZ",LA PAZ,LA PAZ,2237716,61138452,6126089017
OJO DE GATO,FANNY VIVIANA SEJAS COLQUE,"AV. INGAVI NO. 101, ZONA ANEXO BARRIO LINDO, CIUDAD VIACHA EL ALTO",LA PAZ,VIACHA,,79742577,3756708016
OLAK,MARGARITA MAMANI MAMANI,"CALLE LLULLAILLACU, NRO. 1024, ENTRE CALLES PISSIS CALE CHACHANI, ZONA SENKATA 79DE LA CIUDAD DE EL ALTO",LA PAZ,EL ALTO,,73252748,8360546011
OLIMPO,MARIBEL ANGELA PUCHO QUISPE,"CALLE FLORIDA, NO.114, ENTRE AV. CHACALTAYA Y CALLE TARAPACA, ZONA ALTO LA PORTADA DE LA CIUDAD DE EL ALTO",LA PAZ,EL ALTO,,73087504,6019864011
OLISEB,ANA ROSA VILLALOBOS BALTAZAR,"AV. RAMIRO CASTILLO NO.25, ZONA VILLA EL CARMEN DE LA CIUDAD DE LA PAZ",LA PAZ,LA PAZ,,,5960333012
OL PHARMA,OLGA SIMONA CORDOVA ORIHUELA,"AV. DEFENSORES DEL CHACO NO. 97 ENTRE CALLE 52 Y 53, ZONA CHASQUIPAMPA DE LA CIUDAD DE LA PAZ",LA PAZ,LA PAZ,,76728775,2446060019
O'NEIL,TERESA ELIZABETH CRESPO ULLOA,"AVENIDA TEJADA SORZANO NO. 1174-B, ZONA ALTO MIRAFLORES DE LA CIUDAD DE LA PAZ",LA PAZ,LA PAZ,2223394,,2526569011
ORLY SUCURSAL 1,CARLA VANESSA ANGULO BERAZAIN,"AV. STTRONGEST EDF. LOS GERANEOS NO. 200 ENTRE CALLES 31 Y 32, ZONA ACHUMANI DE LA CIUDAD DE LA PAZ",LA PAZ,LA PAZ,,76780477,4331293011
ORTOPEDIA,DORA LINDAURA CRUZ CALLEJAS,"CALLE JAIME ZUDAÑEZ NO. 1459, ZONA ALTO SOPOCACHI DE LA CIUDAD DE LA PAZ",LA PAZ,LA PAZ,2482064,79534385,2692328014
OSCO,ALVARO TORREZ GUTIERREZ,"AVENIDA 16 DE JULIO, NO. 270, ESQUINA CALLE CATACORA, ZONA 16 DE JULIO DE LA CIUDAD DE EL ALTO",LA PAZ,EL ALTO,,70536884,5998724019
OSCO-SALUD,ADELAIDA BRASILISA QUISPE VILLANUEVA,"CALLE INGAVI NO. 1980, ESQUINA CALLE ACHACHICALA, ZONA ALTO LIMA 1RA SECCION DE LA CIUDAD DE EL ALTO",LA PAZ,EL ALTO,,76298045,6951727019
OSKAR,VERONICA EUGENIA GARISTO VALENCIA,"CALLE JOSE CHACON, NO.300, ENTRE AV. LA PAZ Y CALLE HERNANI, ZONA BALLIVIAN, DE LA CIUDAD DE EL ALTO",LA PAZ,EL ALTO,,71464370-72097436,4365458016
OUR PHARMACY,,"CALLE REPUBLICA DOMINICANA, EDIFICIO S/N, OFICINA T 1, N° 1851, ENTRE CALLE DIAZ ROMERO Y GUTIERREZ, ZONA MIRAFLORES DE LA CIUDAD DE LA PAZ",LA PAZ,LA PAZ,,76503495,6183844015
PAISE EL ALTO CAJA NACIONAL DE SALUD,VICTORIA FLORES ATAHUICHI,"CALLE EVADIDOS DEL PARAGUAY NO. 25, ZONA BOLIVAR A DEL MUNICIPIO DE EL ALTO DEL DEPARTAMENTO DE LA PAZ",LA PAZ,EL ALTO,2822754,,120125027
PALOMA,REYNA JAVIER QUISPE,"CALLE JOSE INGENIEROS NO. 3604, CASI ESQUINA CARRETERA A COPACABANA , ZONA MARISCAL SUCRE DE LA CIUDAD DE EL ALTO",LA PAZ,EL ALTO,,72089525,7005967017
PALOMA,REYNA JAVIER QUISPE,CALLE JOSE INGENIEROS N° 3604 CASI ESQUINAS CARRETERA A COPACABANA ZONA MARISCAL SUCRE DE LA CIUDAD DE EL ALTO.,LA PAZ,EL ALTO,,72089525,7005967017
PAPA FRANCISCO,AHELIN CAROLINA NAVARRO SALINAS,AVENIDA FRANCO VALLE NRO. 28 ENTRE CALLE 1 Y CALLE 2 ZONA 12 DE OCTUBRE DE LA CIUDAD DE EL ALTO.,LA PAZ,EL ALTO,,,5484323013
PATRICIA,ROSARIO NUÑEZ TORRICO,"AVENIDA CIUDAD DEL NIÑO , NO. 356, ZONA PAMPAHASI DE LA CIUDAD DE LA PAZ",LA PAZ,LA PAZ,2255380,76259460,2314158011
PATRICK,PATRICIA FARFAN OCHOA,"CALLE NISTAHUS NO. 3182, ESQ. RENE VARGAS ZONA BALLIVIAN DE LA CIUDAD DE EL ALTO",LA PAZ,EL ALTO,,60557924,1019699026
PATRON DE GUAQUI,,"CALLE 5 NO. 80, ENTRE AVENIDA FRANCO VALLE Y AVENIDA JORGE CARRASCO, ZONA 12 DE OCTUBRE DE LA CIUDAD DE EL ALTO",LA PAZ,EL ALTO,,67334022,2525394019
PAULA TM,PAULA TICONA MAMANI,"AV. SANTA ROSA DE LIMA NO. 1765, ESQU. AV. ARGELIA, ZONA SANTA ISABEL, DE LA CIUDAD DE EL ALTO",LA PAZ,EL ALTO,,75208955,8386332013
PAULA TM - I,,"AV. LADISLAO CABRERA, NO. 1208, ENTRE AV. ESTRUCTURANTE Y CALLEJON SIN NOMBRE, ZONA COMPLEMENTO 6 DE JUNIO DE LA CIUDAD DE EL ALTO",LA PAZ,EL ALTO,,75208955,8386332013
PAULINA'S,,"CALLE SARGENTO CARRASCO NO. 42, EDIF. LAURA, PB., (CASI ESQ. AV. ALFONSO UGARTE Y CALLE FOUNIER), ZONA BALLIVIAN DE LA CIUDAD DE EL ALTO",LA PAZ,EL ALTO,,68177972,7007445011
PAULITA,PAULA IRENE MAMANI QUISPE,"AVENIDA LA PAZ NO. 108 ENTRE CALLE PRESENCIA FRENTE AL COLEGIO LIBERTADORES DE AMERICA, ZONA VILLA EXALTACION 2DA SECCION DE LA CIUDAD DE EL ALTO",LA PAZ,EL ALTO,2817440,70650513,4912411013
PAULO VI B.A.,MARIA DEL CARMEN VARGAS VEGA,"AV. BUENOS AIRES, NO. 1450, A UNA CUADRA DE LA CALLE TACAGUA, ZOMA VIVIENDA OBRERA DE LA CIUDAD DE LA PAZ",LA PAZ,LA PAZ,,72091076-63038073,2282669017
PAZ Y SALUD CON DIOS,MAGALY AGUILAR HUANCA,"AVENIDA JOSE DE SUCRE NO. 44 CALLE 10 Y 12 DE LA ZONA VILLA TUNARI, EL ALTO",LA PAZ,EL ALTO,,75852600,8362497011
PEREGRINO,ROXANA LUZ MIRANDA GARCIA,"AV. SANTIAGO DE MACHACA ENTRE CALLES PUCUNI Y HUAYLLA ROCA, NO. 1014, ZONA COSMOS 79, DE LA CIUDAD DE EL ALTO",LA PAZ,EL ALTO,,79677097,4839951014
PEREZ SANCHEZ S.R.L.,MARIO ADOLFO CHAVEZ RAMOS,"SIMON BOLIVAR NO. 1962, ZONA MIRAFLORES DE LA CIUDAD DE LA PAZ",LA PAZ,LA PAZ,,70661877,177138024
PERIFERICA,PATRICIA OPORTO BARRIGA,"AVENIDA PERIFERICA NO. 70, ENTRE CALLE GASTON VELASCO Y LA CALLE FINAL CHIRCA, ZONA ROSSASANI DE LA CIUDAD DE LA PAZ",LA PAZ,LA PAZ,,73703196,4839149011
PETRA,DIANA MAXY MAMANI VINO,"AV. DEFENSORES DEL CHACO NO. 103, ENTRE CALLES 53 Y 54 DE LA ZONA CHASQUIPAMPA DE LA CIUDAD DE LA PAZ",LA PAZ,LA PAZ,,79657285,4745472012
PHARMA CENTER,IRENE GLORIA YAÑIQUEZ MAGNE,"AVENIDA SAN JOSE NO. 2057, ZONA MUNAYPATA DE LA CIUDAD DE LA PAZ",LA PAZ,LA PAZ,2397593,,2698356014
PHARMACIA PARIS A&D,DANNY IRINEO QUISPE CANAVIRI,"AVENIDA CAQUINGORA, NO. 2140, ENTRE CALLE AYDA PARUYO Y CALLE LAYUMA LABRA, ZONA COSMOS 79, DE LA CIUDAD DE EL ALTO",LA PAZ,EL ALTO,,73213574,8314715016
PHARMACY- AMAZONAS,ZULMA JANCO AUCA,"AVENIDA COPACABANA NRO.1645 URBANIZACION EL PROGRESOA 2 CASAS DE LA CALLE ESTADOS UNIDO, (CASA DE 2 PISOS DE LADRILLO, PUERTA COLOR PLOMO) CIUDAD LA PAZ EL ALTO.",LA PAZ,EL ALTO,,75818522,8380688016
PHARMAFLOR,NEYZA FLORES MORALES,"AV. JACHA THUPO, NO. 1405, ZONA MERCEDES U.V.D PB. EXTERIOR, ESQ. AVENIDA PANDO DE LA CIUDAD DE EL ALTO",LA PAZ,EL ALTO,,73258169,9953179015
PHARMA J4-MED 1,LOURDES JACQUELINE GALARZA NOLASCO,"AV. BALLIVIAN NO. 1063 EDIFICIO HORIZONTES PLANTA BAJA OFICINA 1, ZONA CALACOTO DE LA CIUDAD DE LA PAZ",LA PAZ,LA PAZ,2720766,,1842053017
PHARMAKON,VANIA PAMELA URQUIETA RAMOS,"CALLE 5 GEORGE SKUIEE Y ESCALONA Y AGUERO, PB, EXTERIOR LOCAL 1. Nº1050 ZONA VILLA TEJADA RECTANGULAR DE LA CIUDAD DE EL ALTO",LA PAZ,EL ALTO,,72657828-70148596,8144102011
PHARMALIFE,JHANETH YESSICA KAPA TICONA,CALLE OBISPO CARDENAS NRO 1475 ENTRE CALLE LOAYZA Y CALLE BUENO FRENTE A LA FACULTAD DE DERECHO ZONA CENTRAL DE LA CIUDAD DE LA PAZ,LA PAZ,LA PAZ,,68124369,9952413010
PHARMALIS,GLADYS CALLE CAYO,"CALLE 5 NO. 98 B, ENTRE RAUL SALMON Y AV. TIAHUANACO, ZONA 12 DE OCTUBRE DE LA CIUDAD DE EL ALTO",LA PAZ,EL ALTO,2824583,71853067,4038166013
PHARMALIVE,REINA CAROLINA CORI MARTINEZ,"AVENIDA COCHABAMBA, NO. 2028 PB. ZONA ILLAMPU DE LA CIUDAD DE EL ALTO",LA PAZ,EL ALTO,,65669823,8335819019
PHARMANILO,ROSARIO VICTORIA MELGAREJO BARRON,"AV. TITO YUPANQUI, NO. 1348 CERCA AL RETEN POLICIAL Y LA CALLE JOSE MARIA VALDIVIA, A UNA CUADRA Y MEDIA DEL CRUCE DE VILLAS, ZONA VILLA COPACABANA DE LA CIUDAD DE LA PAZ",LA PAZ,LA PAZ,,76502016-75849935,4811237010
PHARMANILO SUCURSAL 1,NELLY MARIA QUISBERT GUARACHI,CALLE  COLON NO 1323 EDIFICIO S/N PISO PB  EXTERIOR TIENDA 610 ESQUINA CALLE BALLIVIAN  ZONA CENTRAL DE LA CIUDAD DE LA PAZ,LA PAZ,LA PAZ,,,4811237010
PHARMANOVA,JUDITH LUCIA SILVA MONRROY,"AVENIDA HERNANDO SILES, EDIFICIO BRITANNIA, PISO 1, OFICINA 1, NO. 406, ESQUINA CALLE 15, ZONA DE OBRAJES, DE LA CIUDAD DE LA PAZ",LA PAZ,LA PAZ,,79661843,3491101016
PHARMAREADY,CARMEN LOZA GUTIERREZ,"AV. 16 DE AGOSTO NO. 4834, URB. 21 DE OCTUBRE DE LA CIUDAD DE EL ALTO",LA PAZ,EL ALTO,,70137507,7001485014
PHARMARETRO,BEATRIZ ARIAS QUISPE,"AVENIDA GRAL. GERMAN BUSCH NO. 1258 PISO PB., ESQUINA CALLE A, A MEDIA CUADRA DE LA UNIDAD EDUCATIVA VILLA EL CARMEN, ZONA SANTIAGO II DE LA CIUDAD DE EL ALTO",LA PAZ,EL ALTO,,73296852,9228040017
PHARMA ROCIO,ROCIO DORA HUAYHUA CHAMACO,"AVENIDA CAQUINGORA, NO. 2004, EDIFICIO PERLA NEGRA, ZONA COLLPANI COSMOS 79, DE LA CIUDAD DE EL ALTO",LA PAZ,EL ALTO,,67062670,8448453014
PHARMASUCRE,ALVARO CHIPANA RAMOS,AVENIDA SUCRE EDIFICIO YENNY N° 876 ZONA AGUA DE LA VIDA ESQUINA CALLE BOLIVAR DE LA CIUDAD DE LA PAZ,LA PAZ,LA PAZ,,62500644,12862456018
PHARMA TITILE,JHOVANA WITO FLORES,"AV. COCHABAMBA N°2205, ESQUINA AV. VICENTE  BALLIVIAN, ZONA COSMOS 79 SENKATA, DELA CIUDADDE EL ALTO",LA PAZ,LA PAZ,,75284891,8383114013
PHARMAYAPACANI,ANA MEJIA VERDUGUEZ,AV. SANTA FE NO. 2025 ENTRE CALLE TONGARAGUA Y AV. BOYACA DE LA CIUDAD DE EL ALTO,LA PAZ,EL ALTO,,67237133,5414344016
PHARMAYHOR,VARINIA YHORJELIS MOLINA ARCE,CALLE SAN JUAN NO. 155 ZONA VILLA ARMONIA DE LA CIUDAD DE LA PAZ,LA PAZ,LA PAZ,,69738941,9993454016
PHARMAZUL,GABRIELA ISABEL CONTRERAS BELTRAN,"AV. SAAVEDRA , EDIFICIO TORRE REAL, PISO P.B., OFICINA 2, NO. 2055, ENTRE CALLES F, PRUDENCIO Y NICARAGUA FRENTE ESTADIO OBRERO DE LA CIUDAD DE LA PAZ",LA PAZ,LA PAZ,,72065107-73030182,3554735012
PIZARRO,TATIANA LYNN PIZARRO GUTIERREZ,"AVENIDA SIMON BOLIVAR N° 1944, A UNOS 80 METROS DEL ESTADIUM HERNANDO SILES, ZONA MIRAFLORES DE LA CIUDAD DE LA PAZ",LA PAZ,LA PAZ,,73556795,9126737015
PLUSFARMA,CORINA BLANCA CHOQUEHUANCA ALARCON,"AVENIDA COCHABAMBA, NO. 440, URBANIZACION CALUYO, ENTRE AVENIDA BOLIVIA Y AVENIDA COCHABAMBA DE LA CIUDAD DE EL ALTO",LA PAZ,EL ALTO,,70573761,4792536013
PODER DE DIOS,JULIE ANELIZ JIMENEZ CALISAYA,"AVENIDA QUINTANILLA SUAZO, NO. 597, ZONA PURA PURA, DE LA CIUDAD DE LA PAZ",LA PAZ,LA PAZ,,75294355,5966209011
PODER DE DIOS,,AVENIDA QUINTANILLA SUAZO N° 597 FRENTE FABRICA SAID Y LA GRUTA DE SAGRADOS CORAZONES ZONA PURA DE LA CIUDAD DE LA PAZ,LA PAZ,LA PAZ,,79592698,4795367017
POR SALUD,SONIA MENDOZA MAMANI,CALLE GASPAR JURADO NO. 342 DE LA ZONA IRPAVI DE LA CIUDAD DE LA PAZ,LA PAZ,LA PAZ,2720182,,4777975010
POR SALUD 1,,"AV. THE STRONGEST NO. 2000, ENTRE AV. LAS MADRES Y LA ULTIMA PARADA DEL PUMA KATARI, ZONA ACHUMANI DE LA CIUDAD DE LA PAZ",LA PAZ,LA PAZ,2711372,68071966,4777975010
POR TI,,"CALLE CACERES NO. 10 ESQ. AVENIDA JUAN PABLO II, ZONA RIO SECO, DE LA CIUDAD DE EL ALTO",LA PAZ,EL ALTO,,76512673,6800537011
POR TI SUCURSAL 1,,"AV. LITORAL NO. 1015, ZONA COSMOS 79 DE LA CIUDAD DE EL ALTO",LA PAZ,EL ALTO,,76512673,6800537011
POR TI SUCURSAL 3,,"PLAZA SIMON BOLIVAR, EDIF. S/N, PISO PLANTA BAJA, OFICINA TIENDA 3, NO.7, ENTRE CALLES ROBORE Y BUSTAMANTE, ZONA VILLA ADELA DE LA CIUDAD DE EL ALTO",LA PAZ,EL ALTO,,72538145,6800537011
PRADOS DE VENTILLA,DELINA AURORA CORO QUISPE,"AV. 23 DE MARZO, NO. 5495, ESQUINA CALLE CALAMA, ZONA 23 DE MARZO, CRUCE VENTILLA DE LA CIUDAD DE EL ALTO",LA PAZ,EL ALTO,,79533702,6038598010
PRECIO JUSTO,CECILIA CRIALES VILLCA,"AVENIDA BUENOS AIRES, NO. 884, ZONA LOS ANDES, DE LA CIUDAD DE LA PAZ",LA PAZ,LA PAZ,,79018084,4750026014
PREMIER,MARCO ANTONIO MARTINEZ CONDORI,"CALLE 29 N° 777, EDIFICIO TITAN, PISO PB, OOFICINA 103, FRENTE  A LA CALLE 1, ZONA ACHUMANI DE LA CIUDAD DE LA PAZ",LA PAZ,LA PAZ,,73001714,9865961016
PREMIUM,JEOVANA JACHO SARZURI,"AVENIDA 25 DE JULIO, NRO. 4184, ESQUINA CALLE CHILLAYA A UNA CUADRA DE LA PLAZA MUNICIPAL EL ALTO, ZONA 25 DE JULIO DE LA CIUDAD DE EL ALTO",LA PAZ,EL ALTO,,74916703,9208257017
PREMIUM,JEOVANA JACHO SARZURI,AVENIDA 25  DE JULIO NRO 4184 ESQUINA CALLE CHILILAYA  A UNA CUADRA DE LA PLAZA MUNICIPAL  EL ALTO ZONA 25 DE JULIO DE LA CIUDAD DE EL ALTO,LA PAZ,EL ALTO,,74916703,9208257017
PRIBIAN,WARA HELGA CAZORLA CANAVIRI,"CALLE RICARDO BUSTAMANTE, NO. 619, ZONA GRAN PODER DE LA CIUDAD DE LA PAZ",LA PAZ,LA PAZ,,77745960-67027928,12423640019
PRIMAVERA,MARIELA PANDO CALDERON,"AV. PANDO, NO. 287, ZONA SAN SEBASTIAN, DE LA CIUDAD DE LA PAZ",LA PAZ,LA PAZ,,73545887 - 79018084,4811540014
PRIMAVERA SUCURSAL II,RUTH ALINA CHOQUE MAMANI,"CALLE SEBASTIAN SEGUROLA NRO. 670 EDIFICIO CENTRO COMERCIAL, PISO PLANTA BAJA, TIENDA 2 ENTRE CALLE VICENTE OCHOA Y CALLE  ELOY SALMON, ZONA GRAN PODER DE LA CIUDAD DE LA PAZ",LA PAZ,LA PAZ,,73545887,4811540014
PRISVAL,GENARA AYDEE ESCOBAR RIVEROS,CALLE MURURATA N° 1253 ZONA LA MERCED - VILLA FATIMA DE LA CIUDAD DE LA PAZ,LA PAZ,LA PAZ,22211878,67015473,250972018
PROGRESO,JENNY EVIS FLORES TORO,"CALLE 30, N° 31 ESQUINA CALLE LUIS ESPINAL,  ZONA COTA COTA DE LA CIUDAD DE LA PAZ",LA PAZ,LA PAZ,2223157,70660017,1300622017
PROMEDFAR S.R.L,SHEYLA GISELLE QUIROGA CASTILLO,"AVENIDA BUENOS AIRES NRO. 76 A UNA CUADRA DE LA PLAZA RAMIRO CASTILO A MEDIA CUADRA DE LA CALLE 1, ZONA INCA LLOJETA TIWIÑA DE LA CIUDAD DE LA PAZ",LA PAZ,LA PAZ,,77551799,351776027
PROSALUD CLINICA 16 DE JULIO,NAHOMI ELENA CORNEJO VASQUEZ,"AVENIDA JUAN PABLO II NO. 2875, ZONA FERROPETROL (BORIS BANZER) DE LA CIUDAD DE EL ALTO",LA PAZ,EL ALTO,,71558852,1028231025
PROSALUD CLINICA LA PAZ,ENCARNACION GLORIA MARCONI ARUQUIPA,"CALLEJON PASOSKANKI NO. 16, EDIFICIO PROSALUD PLANTA BAJA, ZONA MIRAFLORES DE LA CIUDAD DE LA PAZ",LA PAZ,LA PAZ,,71558852,1028231025
PROSALUD SUCURSAL ACHUMANI,OFELIA PANAMA NINA,"CALLE 10, M GOYA, NO. 15, ZONA ACHUMANI DE LA CIUDAD DE LA PAZ",LA PAZ,LA PAZ,,71558852,1028231025
PROSALUD VILLA BOLIVAR,ENCARNACION GLORIA MARCONI ARUQUIPA,"AVENIDA TIAHUANACO- URU URU, NO. 207, ENTRE CALLES 131 Y 132, AL FRENTE DEL MERCADO NUEVA ALIANZA, ZONA VILLA BOLIVAR D DE LA CIUDAD DE EL ALTO",LA PAZ,EL ALTO,,71558852,1028231025
PRO - VIDA,MARIBEL YOVANA LULLEMAN GUTIERREZ,"CALLE 4 NO. 75, ESQ. AV. CIVICA, ZONA VILLA TEJADA TRIANGULAR DE LA CIUDAD DE EL ALTO",LA PAZ,EL ALTO,,73500325,3351729019
PROVIDENCIA,ELIZABET ROXANA LAURA POMA,"CALLE COMERCIO EDIFICIO GALERIA ELANCE, PISO 1 DEPARTAMENTO/OFICINA/LOCAL  NRO:854 ZONA SAN SEBASTIAN ENTRE CALLE PICHINCHA Y GERARDO SAN JINEZ",LA PAZ,LA PAZ,,76581230,4314329010
PROVIMED,,"AVENIDA JULIO CESAR VALDEZ NO. 304, ESQUINA MANZANO D, A UNA CUADRA DEL RETEN POLICIAL, ZONA KISWARAS DE LA CIUDAD DE EL ALTO",LA PAZ,EL ALTO,,70110543,6078704014
PUNTO DE SALUD ANNET,WILMA CHIPANA NINA,"AVENIDA 16 DE JULIO, NO.367, ENTRE CALLE FOURNIER Y PLAZA LIBERTAD, ZONA 16 DE JULIO DE LA CIUDAD DE EL ALTO",LA PAZ,EL ALTO,,73030656,4998848010
QHENISSA,FAUSTINA JOVITA MAYTA QUISPE,"AVENIDA JULIO CESAR VALDEZ NO. 2114, ZONA SAN PEDRO DE CHARAPAQUI DE LA CIUDAD DE EL ALTO",LA PAZ,EL ALTO,,78920535,4811228010
QUELALI G Y V,VIVIANA QUELALI QUISPE,AVENIDA 2 DE FEBRERO NO. 87 DE LA ZONA YUNGUYO DE LA CIUDAD DE EL ALTO,LA PAZ,EL ALTO,,71543739,7011020019
QUERUBIN,,"CALLE NICOLAS ACOSTA NO. 442, ZONA SAN PEDRO DE LA CIUDAD DE LA PAZ",LA PAZ,LA PAZ,,70597446,6793662017
QUIFARM,BLANCA ELVIRA QUISPE CONDORI,"CALLE LITORAL NO. 18, ENTRE CALLEJON TUPAK KATARI, ZONA ALTO MARISCAL SANTA CRUZ DE LA CIUDAD DE LA PAZ",LA PAZ,LA PAZ,,72590827,3445300016
QUIMIOFAR,XIMENA GLADYS GARCIA GARCIA,"AVENIDA SATELITE, NO. 1058, ENTRE CALLE 2 Y AVENIDA 2, FRENTE A LA PLAZA TRIANGULAR, ZONA SANTIAGO 1, DE LA CIUDAD DE EL ALTO",LA PAZ,EL ALTO,,69742945,10022024015
QUINOFAR,DINELSA DAYMIRA QUINO TARQUINO,"AVENIDA PRIMAVERA NO. 110, DIAGONAL A LA CANCHA FERROVIARIA, ZONA CIUDADELA FERROVIARIA, DE LA CIUDAD DE LA PAZ",LA PAZ,LA PAZ,,60666046,6763553017
RADA SUAREZ,PATRICIA MARIA MONTAÑO CUENTAS,"AVENIDA LANDAETA NO. 432, EDIFICIO ROSELSA, PISO P.B., OFICINA 2, ZONA SAN PEDRO DE LA CIUDAD DE LA PAZ",LA PAZ,LA PAZ,2480728,,3458472016
RAFAELA,,"AV. RAMIRO CASTILLO NO. 1002, ZONA VILLA EL CARMEN DE LA CIUDAD DE LA PAZ",LA PAZ,LA PAZ,,72092395,4804767014
RAMHEL URIA,HELEN NIEVES RAMOS MARCA,"CALLE 6, NO. 10, ESQ. AVENIDA CIRCUNVALACION ENTRE CALLE 5 Y CALLE 7 DE LA ZONA VILLA COPACABANA DE LA CIUDAD DE LA PAZ",LA PAZ,LA PAZ,,77259191,5971710019
RAMOS R&Y SUCURSAL 1,SOLEDAD MAURA BELTRAN TICONA,"AV. PANDO NO. 34 ENTRE CALLE ILLIMANI Y AV. INGAVI, ZONA CENTRAL DEL MUNICIPIO DE VIACHA DEL DEPARTAMENTO DE LA PAZ",LA PAZ,EL ALTO,,73205191,8300523016
RANGO,,"CALLE VERSALLES NO. 8324, ESQUINA CALLE ALEJANDRIA, ZONA 25 DE JULIO SENKATA DE LA CIUDAD DE EL ALTO",LA PAZ,EL ALTO,2854247,78914197,9258227015
RAPHAEL,FRIDDA AMANDA TERCEROS GUTIERREZ,"CALLE CLAUDIO SANJINES NO. 1590, ZONA MIRAFLORES BAJO DE LA CIUDAD DE LA PAZ",LA PAZ,LA PAZ,2242227,61208230,2726416010
RAPHAELOS-CORP.,GRISELDA SARMIENTO HUASCO,"CUIDAD EL ALTO ZONA/VILLA ESPERANZ, CALLE:7 Nº 18",LA PAZ,EL ALTO,,77242539,9173518018
RAPHA I,,"AVENIDA RIOS YATA NO. 1175, ENTRE CALLES VILLAMONTES Y ALIHUATA, ZONA EXCOMBATIENTES DE LA CIUDAD DE LA PAZ",LA PAZ,LA PAZ,,75819400-78915146,6978006011
RAQUEL,JULIO CESAR GUTIERREZ CONDORI,"AV. RAMIRO CASTILLO NO. 1026, DISTRITO 13, ZONA KALAJAHUIRA, DE LA CIUDAD DE LA PAZ",LA PAZ,LA PAZ,,71839063,4927464
RASIEL,RASIELA MILENCA JUCHANI GUTIERREZ,"AVENIDA ARTURO BALLIVIAN OTERO, PLAN 45, Nº 1449, ZONA CIUDAD SATELITE DE LA CIUDAD DE EL ALTO",LA PAZ,EL ALTO,,67090900,3397926019
R&B,HALYSON OLIVIA SANTOS MENGOA,"AV. BOLIVIA NO. 2024, P.B., ZONA BOLIVAR MUNICIPAL DE LA CIUDAD DE EL ALTO-LA PAZ",LA PAZ,EL ALTO,,67088069,6157679014
REALFARMA,CECILIA GARCIA AGREDA CAMACHO,"AVENIDA VERSALLES NO. 6884, ENTRE AVENIDA FINAL COCHABAMBA Y LA BATALLA DE LA TABLADA, ZONA URBANIZACION LOS POCITOS DE LA CIUDAD DE EL ALTO",LA PAZ,EL ALTO,,63100602,7030916016
R-EBENEZER,CLAUDIA VERONICA TIÑINI MAMANI,"AV. BOLIVIA, ESQ. CALLE BLASCO NUÑEZ, NO. 3504, ZONA VILLA ALEMANIA DE LA CIUDAD DE EL ALTO",LA PAZ,EL ALTO,,74059256,6989707011
RED PHARMA EXPRESS,,"CALLE LUIS CRESPO NO. 960, ZONA SOPOCACHI FRENTE A LA PLAZA ANDREU DE LA CIUDAD DE LA PAZ",LA PAZ,LA PAZ,,70625395,6905830019
RED SALUD,ROXANA YULY YAPU PATON,ZONA CUIDAD SATELITE  AVENIDA ESCALONA Y AGUERO NRO 1492,LA PAZ,LA PAZ,,,4756111018
RENE SANA SANA,ABIGAIL TAMBO MAMANI,"CALLE 8 NO. 100 ENTRE CALLE DANIEL BRACAMONTE Y CALLE JUAN MATIENZO, ZONA VILLA TEJADA RECTANGULAR DE LA CIUDAD DE EL ALTO",LA PAZ,EL ALTO,22816612,69710070,6025568012
REPÚBLICA,CESAR AUGUSTO LEDEZMA ALARCON,"CALLE ALFREDO SANJINÉS , EDIFICIO ARCE, PISO PB, N°1387, ENTRE LA AVENIDA SATELITE  Y CALLE FELIPE BESTRES, ZONA CIUDAD SATELITE PLAN 175 DE LA CIUDAD DE EL ALTO",LA PAZ,EL ALTO,,76534245,9251873018
RHO+,RAUL OSWALDO MAMANI ORTIZ,"AVENIDA GUADALQUIVIR, N° 3034, ESQUINA AVENIDA GUADALQUIVIR Y CALLE RIO PILCOMAYO, ZONA CUPILUPACA DE LA CIUDA DE EL ALTO.",LA PAZ,EL ALTO,,73218564,6033007016
RITSFARMA,FABIOLA CARMEN VILLARROEL VALLEJOS,"AV. PANAMERICANA S/N, ZONA CENTRAL PATACAMAYA DEL MUNICIPIO DE PATACAMAYA DEL DEPARTAMENTO DE LA PAZ",LA PAZ,PATACAMAYA,,79789885,7285259015
ROASI,SILVIA MAMANI SANCHEZ,"AV. CIVICA NO. 8, CALLE 34, ZONA ROSAS PAMPA DE LA CIUDAD DE EL ALTO",LA PAZ,EL ALTO,,77233401,6066501013
ROCA DE AYUDA,TATIANA REBECA TERRAZAS ALARCON,"AV. 6 DE MARZO NO. 2204 , ZONA 27 DE MAYO SENKATA DE LA CIUDAD DE EL ALTO",LA PAZ,EL ALTO,,75864801,2476041016
ROCHER FRAMA,XIMENA JUDITH QUISPE ROCHA,"CALLE RURENABAQUE NRO, 1535, TIENDA 3 ESQUINA CALLE CASIMIRO APARICIO ZONA VILLA FATIMA DE LA CIUDAD DE LA PAZ",LA PAZ,LA PAZ,,71510303,6837669011
ROCIO MADELEN,MADELEN ROCIO AGUILAR PRIETO,"CALLE MAXIMILIANO PAREDES NO. 915, EDIFICIO TAMBO ORURO, PISO P.B., OFICINA 1, ZONA BELEN DE LA CIUDAD DE LA PAZ",LA PAZ,LA PAZ,,,4869001010
RODANIA,TANIA SANTANDER MARQUEZ,"AV. JORGE CARRASCO NO. 66, ENTRE CALLES 3 Y 4, ZONA 12 DE OCTUBRE DE LA CIUDAD DE EL ALTO",LA PAZ,EL ALTO,,72522481-70667906,6818109016
ROGELIO,MARIBEL HEIDY MAIDANA CHAVEZ,"AV. DESAGUADERO NO. 1792, ZONA MUNAYPATA, DE LA CIUDAD DE LA PAZ",LA PAZ,LA PAZ,,70658176,4293783014
ROMA,ROXANA SALAZAR VARGAS,"AV. LAJA NO. 56, ESQ. CALLE 8, ZONA BRASIL RIO SECO EX TRANCA DE LA CIUDAD DE EL ALTO",LA PAZ,EL ALTO,,77524114,4922230010
ROMER,WENDY FABIOLA ICHUTA CHOQUE,"AVENIDA LITORAL, NO. 7745, ENTRE AVENIDA LADISLAO CABRERA Y CALLE G. ARMANDO GUTIERREZ , AL FRENTE DE LA CLINICA LITORAL, ZONA ASUNCION SAN PEDRO DE LA CIUDAD DE EL ALTO",LA PAZ,EL ALTO,,61177238,6814315016
ROSA DE JERICO,BORIS FERNANDO SILES GUZMAN,"AVENIDA CIVICA NO. 517, P.B., ESQUINA PLAZA OBELISCO Y AVENIDA CIVICA, ZONA VILLA TEJADA RECTANGULAR DE LA CIUDAD DE EL ALTO",LA PAZ,EL ALTO,2818139,67198120,7007561011
ROSALES,MONICA HUANCA ENCINAS,"AV. G. NO. 28, P.B., (LADO COLEGIO DALTON), ZONA COSMOS 78 DE LA CIUDAD DE EL ALTO",LA PAZ,EL ALTO,,73538241,6751117017
ROSALINDA,VERONICA DEIMY AGUILAR PHILCO,"CALLE 7 NO. 66, ZONA VILLA DOLORES DE LA CIUDAD DE EL ALTO",LA PAZ,EL ALTO,,72534601,3301535010
ROSA MARIA,,"AVENIDA JUAN MISAEL SARACHO NO. 11106, ZONA RIO SECO DE LA CIUDAD DE EL ALTO",LA PAZ,EL ALTO,,73012074,6060993017
ROSA MARIA I,EVELIN ALI NINAJA,"AV. JUAN PABLO II NO. 3680, ENNTRE CALLES HERNANI Y CALLE BALBOA ZONA FINAL LOS ANDES DE LA CIUDAD DE EL ALTO",LA PAZ,EL ALTO,,65140509,4994287011
ROSANA S.B.,ROSANA SARAVIA BAUTISTA,"AVENIDA LADISLAO CABRERA NO. 50, ENTRE CALLE 126 Y 127, ZONA VILLA BOLIVAR C DE LA CIUDAD DE EL ALTO",LA PAZ,EL ALTO,,76274177,5473828010
ROSARIO,ADELAIDA MISHEL QUINQAQUINQA LIMACHI,"AVENIDA ILLAMPU, NO. 868 ZONA ROSARIO, DE LA CIUDAD DE LA PAZ",LA PAZ,LA PAZ,,78751881,3396823018
ROSAS PAMPA,IVAN BORIS ALVARADO MONTES,"AV. 4, NO. 9, ESQUINA CALLE 16, ZONA ROSAS PAMPA, DE LA CIUDAD DE EL ALTO",LA PAZ,EL ALTO,,63114979,4858740016
ROSSLAND,MARIELA LIZET LOAYZA MACHICADO,"AV. 16 DE JULIO, NO. 500, ZONA VILLA ESPERANZA, DE LA CIUDAD DE EL ALTO",LA PAZ,EL ALTO,,76208286,5978537011
ROUSE VAN,,"AVENIDA CAQUINGORA NO. 2195, ZONA COSMOS 79 DE LA CIUDAD DE EL ALTO",LA PAZ,EL ALTO,,63185658,9874824018
ROUSSE VAN,ANA MARIA ANIBARRO CUAQUIRA,"AV. CAQUINGORA, NO. 2004, ZONA COSMOS 79 UV ""B"" DE LA CIUDAD DE EL ALTO",LA PAZ,EL ALTO,22577508,,9874824018
ROUSSE VAN 1,MARCELO FELIX COLQUE CANAVIRI,"AV. CAQUINGORA NO. 1125 ZONA COSMOS 79 U.V. ""A""ENTRE CALLE WILLAQUI Y CALLE LLIPARI DE LA CIUDAD DE EL ALTO",LA PAZ,EL ALTO,,77513996,9874824018
ROUSSNICOL,BETTY CALLE CRUZ,"AV. DIEGO QUISPE, NO. 6345 ESQUINA CALLE FELICIANO WILLCA, ZONA VILLA MERCEDES DE LA CIUDAD DE EL ALTO",LA PAZ,EL ALTO,,76256122,7006821012
R&R,,"CALLE GENARO SANJINES NO. 451, ENTRE CALLE COMERCIO Y CALLE POTOSI, ZONA CENTRAL DE LA CIUDAD DE LA PAZ",LA PAZ,LA PAZ,,75270161,6176022013
RUSSFARMA,,"CALLE AFRICA NO. 1015, ENTRE CALLE NIGERIA Y CALLE TUNES DE LA URBANIZACION JANKO KALANI DE LA CIUDAD DE EL ALTO",LA PAZ,EL ALTO,,76546438,4954284011
R&W GOMEZ,WILMA MERY QUISPE CHOQUE,"AV. ADRIAN CASTILLO NO. 102, ZONA ALTO LIMA, TERCERA SECCION, ENTRE AV. 6 Y CALLE ECUADOR DE LA CIUDAD DE EL ALTO",LA PAZ,EL ALTO,,,5968112013
RW TORREZ,RENE GOMEZ BLANCO,CALLE ILLIMANI NO. 8955 ZONA ALTO LIMA 1RA SECCION ENTRE AVENIDA EDUARDO AVAROA Y CALLE 5 DE AGOSTO DE LA CIUDAD DE EL ALTO,LA PAZ,EL ALTO,2846327,76283766,6082968015
RYANA,ANA MARIA VILLALOBOS QUIÑONES,"AV. PERIFERICA NO. 215, ZONA VILLA DE LA CRUZ DE LA CIUDAD DE LA PAZ",LA PAZ,LA PAZ,,71945270,4313624019
RYMEDIX,,"AV. BOLIVIA NO. 2104, VILLA ALEMANIA DE LA CIUDAD DE EL ALTO",LA PAZ,EL ALTO,,76248102-78959636,9227277016
SABEL,NELY CASTRO GALLEGO,"AVENIDA LADISLAO CABRERA CAMINO A VIACHA NO. 17, ZONA VILLA BOLIVAR MUNICIPAL DE LA CIUDAD DE EL ALTO",LA PAZ,EL ALTO,,77147721,6634222018
SAFIRA,VERONICA YADIRA BRAÑEZ POMA,"AV. COCHABAMBA NO. 1385, CASI ESQUINA AV. LITORAL, ZONA SAN LUIS PAMPA DE LA CIUDAD DE EL ALTO",LA PAZ,EL ALTO,,78878925,4284097019
SAGRADA CRUZ VERDE,ELVA SANDRA CAMARGO CHOQUE,"CALLE ZOILO FLORES EDIFICIO FIGLIOZZI NO. 1266 ENTRE CALLES ALMIRANTE GRAU Y RIO BAMBA, ZONA SAN PEDRO DE LA CIUDAD DE LA PAZ",LA PAZ,LA PAZ,,77218536,4914913015
SAGRADA FAMILIA,JAEL HELEN AJATA RAMIREZ,"AVENIDA ARGENTINA NO. 1850, EDIF. S/N, PISO PB, OFICINA 1 ENTRE CALLES GUTIERREZ GUERRA Y DIAZ ROMERO, ZONA MIRAFLORES DE LA CIUDAD DE LA PAZ",LA PAZ,LA PAZ,,68172088,7338642019
SAGRADA FAMILIA SUCURSAL 1 BOQUERON,MARIA ISABEL MARTINEZ MAMANI,"CALLE GUTIERREZ GUERRA , NO. 1819, ESQUINA CALLE REPÚBLICA DOMINICANA, ZONA MIRAFLORES DE LA CIUDAD E LA PAZ .",LA PAZ,LA PAZ,,68172088,7338642019
SAGRADOS CORAZONES,,"CALLE 133, ESQ. CALLE 107, NO. 56 VILLA BOLIVAR D DE LA CIUDAD DE EL ALTO",LA PAZ,EL ALTO,,62370032-77258177,4927903018
SAID,CARLA ANDREA CUENCA OSUNA,"AV. RENE BARRIENTOS ORTUÑO S/N, ZONA TRES LAS PALMERAS, LOCALIDAD LA ASUNTA (PROV. SUD YUNGAS) DEL DEPARTAMENTO DE LA PAZ",LA PAZ,LA ASUNTA,,77700377,3475985012
SALAS,BLANCA CANDELARIA SALAS COPA,"AVENIDA JUAN PABLO II, NO. 29 (ENTRE AVENIDA LUIS ESPINAL), ZONA PUERTO MEJILLONES DE LA CIUDAD DE EL ALTO",LA PAZ,EL ALTO,,67016858-73515125,3675171010
SALINAS,JHONATAN SALINAS CARLOS,"CALLE 28, NO. 3, ZONA ROSAS PAMPA ENTRE AVENIDA CIVICA Y AVENIDA 4, P/B, TIENDA EXTERIOR - FRENTE A LA CANCHA ROSAS PAMPA DE LA CIUDAD DE EL ALTO",LA PAZ,EL ALTO,,61146614,12767570013
SALMO 121,MIRIAM YULIA FERNANDEZ ARPA,"AVENIDA KOLLASUYO, NO. 1567, CASI ESQUINA REYES CARDONA, ZONA EL TEJAR DE LA CIUDAD DE LA PAZ",LA PAZ,LA PAZ,,71996965,6972852011
SALMOS,JUAN VLADIMIR PACO MARIÑO,"CALLE HEROES DEL PACIFICO NO. 1789, CASI ESQUINA AVENIDA ENTRE RIOS, ZONA EL TEJAR DE LA CIUDAD DE LA PAZ",LA PAZ,LA PAZ,,76569161,5975152012
SALOMON,CARLA STEPANY CHUMACERO FEBRERO,"AV. NESTOR GALINDO, NO. 1091, ENTRE AV. PERIFERICA Y CALLE WHIPALA, ZONA VILLA CUMARAVI DE LA CIUDAD DE EL ALTO",LA PAZ,EL ALTO,,67323093,8386535014
+SALUD PARA TODOS,,"URB. ELIZARDO PEREZ, AVENIDA GENERAL GERMAN BUSCH Y BAUTISTA SAAVEDRA DE LA CIUDAD DE EL ALTO",LA PAZ,EL ALTO,,74904036,7072873015
SALVADOR,ZENON RODRIGO CARTAGENA VASQUEZ,"AV. ALFREDO SANJINEZ, NO. 2015, PLAN 482, ENTRE CALLES 27 - B Y CALLE 29 FRENTE A LA CALLE H, ZONA CIUDAD SATELITE DE LA CIUDAD DE EL ALTO",LA PAZ,EL ALTO,2811943,76556816,4960638015
SALVATIERRA,,"CALLE 5, NO. 80, ENTRE CALLE JORGE CARRASCO Y CALLE ALFREDO FRANCO VALLE (PLANTA BAJA, ZONA 12 DE OCTUBRE DE LA CIUDAD DE EL ALTO",LA PAZ,EL ALTO,,73089168-72585438,3107225010
SALVEN,PATRICIA SALMON VENEROS,"CALLE RICARDO BUSTAMANTE NO. 690. PB. , ZONA GRAN PODER DE LA CIUDAD DE LA PAZ",LA PAZ,LA PAZ,,71281458-69934182,4298381012
SAMI,RICARDO DANTE JEMIO MENDIETA,"CALLE TITO YUPANQUI, NO. 1195, ESQ. CALLE FRAY BARTOLOME DE LAS CASAS, EDF. S/N, PB. ZONA VILLA COPACABANA DE LA CIUDAD DE LA PAZ",LA PAZ,LA PAZ,,72323516,4807586012
SAMIAN,WILFFORD ROUSBEL RODRIGUEZ ORTIZ,CALLE F N° 4920 ENTRE PASAJE 25 DE MAYO Y AVENIDA SATELITE ZONA VILLA DOLORES DE LA CIUDAD DE EL ALTO,LA PAZ,EL ALTO,,76214400,7026812017
SAMJHI,MONICA RAMOS APAZA,"AVENIDA GUADALQUIVIR, NO. 201, ZONA NUEVOS HORIZONTES FRENTE A CALLE TELAMAYO, A MEDIA CUADRA DE CENTRO DE SALUD NUEVOS HORIZONTES DE LA CIUDAD DE EL ALTO",LA PAZ,EL ALTO,,76509809,8300526012
SAMJHI SUCURSAL 1,FIDELIA GUTIERREZ ACHO,"CALLE ILLIMANI, N° 24, ESQUINA AV. LITORAL (PB), A TRES CUADRAS DEL BANCO FIE, ZONA NUEVOS HORIZONTES III, DEL MUNICIPIO DE EL ALTO",LA PAZ,EL ALTO,,76509809,8300526012
SAMLEE SYJ,ANGELA ROCIO SIRPA QUENTA,"CALLE VILLA ASPIAZU, NO. 1253, ENTRE CALLE ARAPATA Y HOSPITAL LA MERCED, DE LA CIUDAD DE LA PAZ",LA PAZ,LA PAZ,,77522344,5973699018
SAMY,,"AV. BOLIVIA NO. 1250, ZONA VILLA ALEMANIA DE LA CIUDAD DE EL ALTO",LA PAZ,EL ALTO,,60104028,4327498019
SAN ALBERTO,IVETTE DEL ROSARIO SIVILA NUÑEZ,"AVENIDA GARCIA LANZA, PLANTA BAJA, LOCAL L2, NO. 652, ENTRE CALLES 14 Y 15 DE ACHUMANI, ZONA ACHUMANI DE LA CIUDAD DE LA PAZ",LA PAZ,LA PAZ,2799318,71210170,1307330013
SAN ANDRES,JORGE ALBERTO SUNTURA TARQUI,"CALLE B, NRO 2284, ESQUINA CALLE 3, ZONA URBANIZACION  SEÑOR DE MAYO DE LA CIUDAD DE EL ALTO",LA PAZ,EL ALTO,,78954216,4837537011
SAN ANTONIO,NESSIS NADIA CUJUY ALVARADO,"AVENIDA 16 DE JULIO, FRENTE A FERRETERIA JJ FAMILIA HOWARD RIBERTH, ZONA CENTRAL, MUNICIPIO DE CARANAVI DEL DEPARTAMENTO DE LA PAZ",LA PAZ,CARANAVI,,73566547,6803882018
SANA SANA,BRIAN DARIO ALARCON FERNANDEZ,"AVENIDA SANTIAGO DE MACHACA ESQUINA CALLE HUANCAROMA NO. 1115, ZONA COSMOS 79 DE LA CIUDAD DE EL ALTO",LA PAZ,EL ALTO,,68169883-63080519,6898999017
SANA SANA I,LIZETTE CAROL CHACOLLA MOROCHI,"AV. JULIO CESAR VALDEZ NO. 81, P.B. ZONA JAIME PAZ ZAMORA DE LA CIUDAD DE EL ALTO",LA PAZ,EL ALTO,,68169883,6898999017
SANA SANA SUR,IRENE MIZAR CHACOLLA ESPINOZA,"AV. CAQUINGORA NO. 3194 CALLE 7, ZONA COSMOS 79 DE LA CIUDAD DE EL ALTO",LA PAZ,EL ALTO,,68169883,6827070017
SANA SANA SUR 1,,"AVENIDA COCHABAMBA # 4895, ESQUINA CALLE BATALLA INGAVI A DOS CUADRAS DE LA AVENIDA 2 DE NOVIEMBRE, ZONA LOS POCITOS",LA PAZ,EL ALTO,,68169883,6827070017
SANAVIDFARMA,ABIGAIL PRICILA ESCOBAR NINA,"CALLE WALTER PORTO CARRERO NO. 1884, ZONA VILLA COPACABANA DE LA CIUDAD DE LA PAZ",LA PAZ,LA PAZ,,67670351,7267365012
SANAVIDFARMA SUCURSAL 1,,"AV. RAUL GAMARRA NO. 1324, ESQ. CALLE L-2 ENTRE CALLE JOSE MONTERO Y CALLE HUGO DAVILA, ZONA ALTO OBRAJES DE LA CIUDAD DE LA PAZ",LA PAZ,LA PAZ,,67670351,7267365012
SAN BARTOLOME,ERIKA ANA TICONA GARCIA,"AV. CIUDAD DEL NIÑO, EDIF S/N, NO. 100 PB. LOCAL 2, ENTRE CALLE 4 Y CALLE E A UNA CUADRA DEL MERCADO 10 DE ENERO ZONA PAMPAHASI DE LA CIUDAD DE LA PAZ",LA PAZ,LA PAZ,,67459590,6160799013
SAN BENEDICTO,GEOVANA CLARA QUISPE MUJICA,"CALLE 1 NO. 330, ZONA VILLA BOLIVAR A, CASI ESQUINA AV. 6 DE MARZO DE LA CIUDAD DE EL ALTO",LA PAZ,EL ALTO,,76188218,3358974014
SAN DAMIAN,,"CALLE ILLAMPU NO. 703, ZONA EL ROSARIO DE LA CIUDAD DE LA PAZ",LA PAZ,LA PAZ,,60628568,2151838012
SAN EXPEDITO,MARLENE GLORIA TORREZ GUZMAN,"AV. 31 DE OCTUBRE NO. 1829, ZONA SAN ANTONIO BAJO DE LA CIUDAD DE LA PAZ",LA PAZ,LA PAZ,,72002509,3366942013
SAN FRANCISCO DE ASIS,ADELA GERMANA TAPIA CAMACHO,"AV. LANDAETA, NO. 200, ENTRE AV. JAIMES FREYRE Y CALLES JOSE SARAVIA, LADO ESTADIUM BOLIVAR, ZONA TEMBLADERANI DE LA CIUDAD DE LA PAZ",LA PAZ,LA PAZ,,77581542,476975014
SAN GABRIEL,SILVIA COLQUE MAMANI,"AVENIDA JUAN PABLO II, NO 3335, ENTRE AVENIDA SIMON BOLIVAR Y CALLE ENRIQUE PEÑARANDA, ZONA BAUTISTA SAAVEDRA DE LA CIUDAD DE EL ALTO",LA PAZ,EL ALTO,,77766979,9248677019
SANGALLI S.R.L.,KAREM LIZETH ARANCIBIA BARROSO,"AVENIDA SUCRE ""B"", NO.40, EDIF. CLINICA TUNARI, ZONA VILLA TUNARI DE LA CIUDAD DE EL ALTO",LA PAZ,EL ALTO,,75843047,285564029
SAN HILARION II,MARIA VICTORIA CALLISAYA,"AVENIDA BUENOS AIRES NO. 1702, P.B. ZONA VILLA NUEVA POTOSI, DE LA CIUDAD DE LA PAZ",LA PAZ,LA PAZ,2489002,70553922,423867010
SANIDAD DIVINA,SANDRA ROSEMARY OLIVARES JIMENEZ,"JULIO CESAR VALDEZ, ESQ. CALLE TEMCOMA NO. 6094, ZONA COSMOS 79, U.V., ""C"",DE LA CIUDAD DE EL ALTO",LA PAZ,EL ALTO,2832674,79521626,3422698010
SAN IGNACIO,RITA TERAN ARAOZ,CALLE FRANCISCO DE MIRANDA NO. 2087 ZONA MIRAFLORES DE LA CIUDAD DE LA PAZ,LA PAZ,LA PAZ,224219,,2249148015
SAN JOSE,MARHILYN BEATRIZ QUIROZ ALPARO,"CALLE JUAN XXIII NRO 11, ZONA MUNAYPATA FRENTE AL HOSPITAL JUAN XXIII DE LA CIUDAD DE LA PAZ",LA PAZ,LA PAZ,,75810951,2454810018
SAN JOSE II,,"CALLE MURILLO NO. 842, ZONA EL ROSARIO DE LA CIUDAD DE LA PAZ",LA PAZ,LA PAZ,,75810951,4860691010
SAN JUAN I,MARIA ISABEL TORRICO CORONADO,"AVENIDA MARIO MERCADO, NO 2, ENTRE CALLE FRANCISCO BEDREGAL FRENTE A LA ROTONDA, ZONA LLOJETA BAJO DE LA CIUDAD DE LA PAZ",LA PAZ,LA PAZ,,65630176,4280824013
SAN JUAN PABLO II,MARTHA MARCA SALGADO,"CALLE J, ARZABE, NO. 149, ZONA VILLA ESPERANZA, ENTRE CALLE BELGRADO Y AVENIDA 7, DE LA CIUDAD DE EL ALTO",LA PAZ,EL ALTO,,70530830,4742671019
SAN LORENZO,,"AVENIDA CAQUINGORA, N° 1175, ENTRE CALLE PHIXO Y AVENIDA JULIO CESAR VALDEZ, ZONA COSMO 79 DE LA CIUDAD DE EL ALTO",LA PAZ,EL ALTO,,77228299 - 76260275,2493373019
SAN MARCOS,AMALIA ZAMBRANA MAMANI,"AV. A2, NO 1461, ZONA SANTIAGO II, ENTRE CALLES 13-14 DE LA CIUDAD DE EL ALTO",LA PAZ,EL ALTO,,79624241,2467633013
SAN MARTIN DE PORRES,ANA YSABEL CALLISAYA COSME,"AVENIDA PANDO NO. 159, ENTRE AVENIDA DEL EJERCITO Y AVENIDA MORALES FRENTE AL COLISEO DE VIACHA, ZONA CENTRAL - VIACHA DEL MUNICIPIO DE VIACHA - DEPARTAMENTO DE LA PAZ",LA PAZ,VIACHA,,70104497,7035428018
SAN NICOLAS,CLAUDIA LUCERO PEREZ OLMOS,"AV. ABEL ITURRALDE, NO. 1166, ZONA MIRAFLORES, ENTRE CALLES GUATEMALA Y MODESTA SANJINES DE LA CIUDAD DE LA PAZ",LA PAZ,LA PAZ,,67468701-70652386,4827365018
SAN PABLO,MARIA VICTORIA YAMPARA LAURA,"AVENIDA CIVICA, NO. 42, ENTRE CALLES 3 Y 4, ZONA SANTA ROSA DE LA CIUDAD DE EL ALTO",LA PAZ,EL ALTO,,72016465,3498353013
SAN PEDRO DE LA ETERNIDAD,FRANKLIN ANTONIO CANAVIRI YUJRA,"AV. HACIA EL MAR, NO. 1118, ZONA URKUPIÑA II, DE LA CIUDAD DE VIACHA",LA PAZ,VIACHA,,71296463,5196131013
SAN RAFAEL,GABRIELA JULIA CALLISAYA VARGAS,"AV. LAS AMERICAS, NO. 716, ZONA VILLA FATIMA DE LA CIUDAD DE LA PAZ",LA PAZ,LA PAZ,2218266,70511637,3349273014
SAN RAFAEL INGAVI,RONALD WILFREDO AGUILAR QUISBERT,"AV. ALCOCHE, NO. 3085, ENTRE CALLE TAMBILLO Y AV. HUATAJATA, ZONA VILLA INGAVI, DE LA CIUDAD DE EL ALTO",LA PAZ,EL ALTO,,69845287,4286986019
SAN ROQUE,ESMERALDA QUISPE LIMACHI,"AVENIDA LADISLAO CABRERA, N° 1054, ENTRE AVENIDA BOLIVIA Y AVENIDA TIAHUANACU, ZONA PACAJES CALUYO DE LA CIUDAD DE EL ALTO.",LA PAZ,EL ALTO,,73726077,7553449015
SAN SANTIAGO,,"AVENIDA CIVICA NO. 91, ENTRE CALLES 8 Y 9, ZONA VILLA TEJADA RECTANGULAR DE LA CIUDAD DE EL ALTO",LA PAZ,EL ALTO,,79116317,4952225013
SAN SEBASTIAN,ELFRI ELENA BLANCO RODRIGUEZ,"CALLE CARRASCO NO. 1309, ZONA MIRAFLORES DE LA CIUDAD DE LA PAZ",LA PAZ,LA PAZ,,71188349,5722723011
SANTA ANA SUCURSAL 1,MAGALI ROSMERY LIMA MURUCHI,"AVENIDA RAMIRO CASTILLO SALINAS NO. 480, ZONA VILLA EL CARMEN DE LA CIUDAD DE LA PAZ",LA PAZ,LA PAZ,2261408,,332595015
SANTA CATARINA,NORMA FLORES LUNA,"AV. 16 DE JULIO NO. 300, ENTRE PLAZA SUCRE Y CALLE ADOLFO BORDA, ZONA BALLIVIAN DE LA CIUDAD DE EL ALTO",LA PAZ,EL ALTO,,71028688,6815552010
SANTA CECILIA,HELMER ELVIS CUEVAS DIAZ,"AVENIDA SIMON BOLIVAR NO 1999, ZONA MIRAFLORES DE LA CIUDAD DE LA PAZ",LA PAZ,LA PAZ,,73505894,6595451012
SANTA CECILIA SUCURSAL 1,,"UBICADO EN LA AVENIDA LOS ROSALES NO. 3220, URBANIZACION LOS ROSALES, ZONA ALTO CALACOTO DE LA CIUDAD DE LA PAZ",LA PAZ,LA PAZ,,73505894,6595451012
SANTA CLARA,MARIA JOSEFINA GUZMAN ESPINOZA,"AV. BUENOS AIRES NO. 712, ZONA 14 DE SEPTIEMBRE DE LA CIUDAD DE LA PAZ",LA PAZ,LA PAZ,2792097,79129797,333702017
SANTA FE,,"AV. ARCE NO. 2304, EDIF. AMAZONAS, ZONA SOPOCACHI DE LA CIUDAD DE LA PAZ",LA PAZ,LA PAZ,2442581,76242300,2733300014
SANTA FE GYM,,"CALLE ALAXA NO. 2204, ESQUINA AVENIDA SANTA FE Y CALLE ALAXA, ZONA 25 DE JULIO DE LA CIUDAD DE EL ALTO",LA PAZ,EL ALTO,,69969708,10858737011
SANTA GEMA,EMMA LOURDES CLAURE BASCON,"CALLE RICARDO TERRAZAS NO. 317, ZONA CRISTO REY DE LA CIUDAD DE LA PAZ",LA PAZ,LA PAZ,2419058,,2063802013
SANTA ISABEL E & R,EDITH MAYRA CHOQUE CONTRERAS,"AV. DIEGO DE PORTUGAL NO. 1168, ZONA CIUDAD SATELITE DE LA CIUDAD DE EL ALTO",LA PAZ,EL ALTO,,72015881,8433523017
SANTA MARIA DE LOS ANGELES,ELIZABETH MONICA PEREZ MAMANI,"AV. 16 DE JULIO NO. 378 ENTRE CALLE FOURNIER Y CALLE NISTHAUS, ZONA 16 DE JULIO DE LA CIUDAD DE EL ALTO",LA PAZ,EL ALTO,22831314,78813912,1001975022
SANTA MARIA DE LOS ANGELES ROSS,RODRIGO RENE ASPIAZU MARIN,"AVENIDA COSTANERA N°42ESQUINA AVENIDA RAMIRO CASTILLO, CERCA DEL MERCADO, ZONA VILLA EL CARMEN",LA PAZ,LA PAZ,,77204893,10906037019
SANTA MARIA DE LOS MILAGROS,MELANY GABRIELA MORALES TITIRICO,"AVENIDA LITORAL NRO 158,D-3 ENTRE CALLE LA PAZ Y CALLE H, LUIS GUARDUA OFICINA 2 ZONA SAN LUIS GUARDIA DE LA CIUDAD  DE EL ALTO",LA PAZ,LA PAZ,,71501133,9874256016
SANTA NATIVIDAD,JOSUE CHOQUE MAMANI,"AVENIDA SAAVEDRA, NRO. 1385, ZONA MIRAFLORES DE LA CIUDAD DE LA PAZ.",LA PAZ,LA PAZ,,,6944477013
SANTA PETRONA,ARLA ARACELLY JAHEL FLORES SANTALLA,CALLE RENE DORADO NO. 260 ZONA 16 DE JULIO DE LA CIUDAD DE EL ALTO,LA PAZ,EL ALTO,2844260,73043369,3410777011
SANTA ROSA KEDJ,ZULEMA QUERUBINA MALDONADO ROCHA,"AV. VICENTE BURGALETA, NO.995, ZONA VILLA COPACABANA DE LA CIUDAD DE LA PAZ",LA PAZ,LA PAZ,,77573999,3491633014
SANTA TERESA,MARTIN LEVANDRO TROCHE,"CALLE VICTOR GUTIERREZ, ESQUINA CALLE ADOLFO BALBOA NO. 220, ZONA LOS ANDES, DE LA CIUDAD DE EL ALTO",LA PAZ,EL ALTO,2427106,73285454,4876077011
SANTI,GIOVANA CANDY CAGUAYA ESPINOZA,"CALLE 13 Y A, NO. 1514 ZONA SANTIAGO SEGUNDO, DISTRITO 2 DE LA CIUDAD DE EL ALTO",LA PAZ,EL ALTO,,79657206,6845502013
SANTIAGO DE BOMBORI,SILVIA MONICA ARUQUIPA MENDOZA,CALLE MURILLO NO. 961 ZONA CENTRAL DE LA CIUDAD DE LA PAZ,LA PAZ,EL ALTO,,,4021462018
SANTIAGO DE BOMBORI H&G,GROVER EDRAIN LARICO ENRIQUEZ,"AVENIDA PERIFERICA NO. 109 CASA DE TRES PISOS, PB., LOCAL 2, ZONA 27 DE MAYO DE LA CIUDAD DE LA PAZ",LA PAZ,LA PAZ,,73523797,3361659017
SANTIAGUITOVIDA,,"AVENIDA CIVICA, NO. 85 ZONA VILLA TEJADA RECTANGULAR, DE LA CIUDAD DE EL ALTO",LA PAZ,EL ALTO,,75881731,6049063012
SANTO REMEDIO,APOLINAR SAJAMA CALLE,"AVENIDA PANAMERICANA ESQ. CALLE LITORAL S/N DE LA LOCALIDAD DE PATACAMAYA, PROVINCIA AROMA DEL DEPARTAMENTO DE LA PAZ",LA PAZ,PATACAMAYA,,,2368354011
SARIRI CUIDANDO TU SALUD-SUCURSAL I,MARIA LUISA SEVERICH ZAMORA,"AV. JUAN PABLO II, NO. 100, ZONA EX TRANCA DE RIO SECO DE LA CIUDAD DE EL ALTO",LA PAZ,EL ALTO,,75243525,399168016
SARIRI CUIDANDO TU SALUD SUCURSAL II,CAROLA SONIA VALDIVIA RAMOS,"CAMINO A VIACHA NO. 1015, ZONA JANCO KALAVI, AVENIDA LADISLAO CABRERA, ESQUINA CALLE AFRICA FRENTE AL HOSPITAL MUNICIPAL MODELO COREA DE LA CIUDAD DE EL ALTO",LA PAZ,EL ALTO,,69922223,399168016
SARTIEL,EFRAIN EDDY MAMANI QUISPE,AVENIDA BOLIVIA N° 1104 ZONA VILLA BOLIVAR MUNICIPAL DE LA CIUDAD DE EL ALTO.,LA PAZ,EL ALTO,,61004999,7062373012
SASUKE,MARIA EUGENIA QUISPE CHOQUEHUANCA,CALLE ADOLFO GARCIA NO. 112-B ENTRE AV. 16 DE JULIO Y PASAJE 18 DE NOVIEMBRE,LA PAZ,EL ALTO,,77777862,6006007013
SASUKE SUCURSAL (I),REINA VEGA FUENTES,"AVENIDA PANAMERICANA , N°3104, ESQUINA AVENIDA 16 DE AGOSTO, ZONA URBANIZACION  21 DE OCTUBRE , DE LA CIUDAD DE EL ALTO",LA PAZ,EL ALTO,,77777862,6006007013
SASUKE SUCURSAL  II,,"AVENIDA SANTA CRUZ, N° 2885, ENTRE CALLE  QUIJARRO Y AVENIDA ELIZARDO PEREZ, ZONA URBANIZACION HUAYNA POOTOSI 1RA SECCION DE LA CIUDAD DE EL ALTO",LA PAZ,EL ALTO,,77777862,6006007013
SAUDAVEL,LORENA ALISON ALVAREZ GIL,CALLE COLON Nº884 LA BANDERA Y SUCRE ZONA VILLA PABON DE LA CIUDAD DE LA PAZ,LA PAZ,LA PAZ,,78998388,13341524013
SAYUMI,ANA MARIA CONDORI SACA,"AV. RAMOS GAVILAN NO. 1573, ZONA ACHACHICALA DE LA CIUDAD DE LA PAZ",LA PAZ,LA PAZ,,76291510-70571318,6101300016
"SEATL ""SIEMPRE ESTANDO A TU LADO""",,"AVENIDA 9 ENTRE AVENIDA PUCARANI, N° 11, ZONA ALTO LIMA 3RA SECCION DE LA CIUDAD DE EL ALTO",LA PAZ,EL ALTO,,73597033 - 62409999,8304075010
SEBHENAI,RODRIGO LIMA GOMEZ,"ZONA LA MERCED, AVENIDA GENERAL JUAN JOSE TORREZ, ESQUINA AV. COSTANERA, NO. 498, DE LA CIUDAD DE LA PAZ",LA PAZ,LA PAZ,,77750029,8335924015
SEGURA,AYDA XIMENA MAMANI LARUTA,AVENIDA PERU NO. 287 ENTRE CALLES BENI Y LARECAJA ZONA CHALLAPAMPA DE LA CIUDAD DE LA PAZ,LA PAZ,LA PAZ,,73047147,4984700012
SEGURO SOCIAL UNIVERSITARIO - LA PAZ,MARLENE GLORIA TORREZ GUZMAN,"AVENIDA 6 DE AGOSTO NO. 2630, ZONA SAN JORGE DE LA CIUDAD DE LA PAZ",LA PAZ,LA PAZ,2434278,72002509,120609020
SELAH,GABRIEL YOHNY AYALA VALERIANO,"AVENIDA BRASIL, NO. 1647, PJE. GUAYANA, P.B. ZONA MIRAFLORES DE LA CIUDAD DE LA PAZ",LA PAZ,LA PAZ,,73048959,4747264014
SEÑORA DEL TEPEYAC,LIBET GUTIERREZ MACHACA,"CALLE COLON NO. 708, EDIF. CHEDDY, PB. LOCAL 1 ZONA CENTRAL DE LA CIUDAD DE LA PAZ",LA PAZ,LA PAZ,2204237,,4797061011
SEÑOR DE HUANCA,SANDRA CELENIA CHOQUE ALANOCA,"AVENIDA 20 DE OCTUBRE, EDIFICIO LAS PALMAS, PISO PLANTA BAJA, LOCAL 1, NO. 2005, ENTRE CALLES ASPIAZU Y JUAN JOSE PEREZ, ZONA SOPOCACHI DE LA CIUDAD DE LA PAZ",LA PAZ,LA PAZ,2421269,72094592,6082204012
SEÑOR DE LA CRUZ,,AV. JUAN XXIII NO.71 ZONA VILLA ARMONIA DE LA CIUDAD DE LA PAZ,LA PAZ,LA PAZ,,,4908106019
SEÑOR DE LA CRUZ MILAGROSO,,"AV. LANDAETA NO. 533, PISO P.B., LOCAL 3, ZONA SOPOCACHI DE LA CIUDAD DE LA PAZ",LA PAZ,LA PAZ,,72582484-73078369,3466312018
SEÑOR DE MAYO,ESPERANZA VARGAS TIRADO,"AV. REPUBLICA NO. 1413, ZONA VILLA VICTORIA ENTRE CALLA JOSE MARIA Y GENERAL ROSENDO ROJAS,",LA PAZ,LA PAZ,,69735500,467115014
SEÑOR DE SAN ROQUE,OSCAR LUIS PATY FERNANDEZ,"AV. SUCRE NO. 18 ENTRE CALLE 6 Y 8 ZONA VILLA TUNARI , DE LA CIUDAD DE EL ALTO",LA PAZ,EL ALTO,,73016486,3459457013
SEÑOR LUZ Y VIDA,,AV. BOLIVIA NO. 321 ENTRE AV. JUNIN Y CALLE DIEGO FERNANDEZ DE CORDOVA DE LA CIUDAD DE EL ALTO,LA PAZ,EL ALTO,,69781382,7041685015
SENS,,"AVENIDA OROPEZA NO. 1034, PISO P.B., ZONA 3 DE MAYO DE LA CIUDAD DE EL ALTO",LA PAZ,EL ALTO,,75872718,6723911012
SERVICENTER,LICETH JHENNY CALLISAYA QUISPE,"AVENIDA JUAN LECHIN OQUENDO, NO. 902 ZONA RIO SECO, ESQUINA CALLE BOLIVAR, FRENTE A LA UNIDAD EDUCATIVA WALTER ALPIRE DE LA CIUDAD DE EL ALTO",LA PAZ,EL ALTO,,73568455,9915642015
SERVICENTER SUCURSAL 1,KATERINE YSABEL HUANCA LAURA,"CALLE HEROES DEL ACRE, NO. 1617, ZONA SAN PEDRO, ESQUINA CALLE OTERO DE LA VEGA DE LA CIUDAD DE LA PAZ",LA PAZ,LA PAZ,,73568455,9915642015
SERVICIO DE FARMACIA CEDIMEDIK FARMA S.R.L.,,"AV. ILLIMANI NO. 1856, CASI FRENTE A LA CALLE GEMIO A MEDIA CUADRA DEL SEDUCA, ZONA SANTA BARBARA DE LA CIUDAD DE LA PAZ",LA PAZ,LA PAZ,,71233376,455742028
SERVICIOS FARMACEUTICOS,GIOVANNA CALLE CALLISAYA,"CALLE WARNES NO.1780, ZONA TEMBLADERANI DE LA CIUDAD DE LA PAZ",LA PAZ,LA PAZ,2416902,77263399,4299214016
SERVICIOS FARMACEUTICOS 1,MARIA GABRIELA AYRA ACOSTA,"CALLE CAÑADA STRONGEST NO. 1555 ENTRE OTERO DE LA VEGA Y NICOLAS ACOSTA, ZONA SAN PEDRO DE LA CIUDAD DE LA PAZ",LA PAZ,LA PAZ,2417346,,4299214016
SERVICIOS FARMACEUTICOS ESCALIER,CARLA PATRICIA ESCALIER FLORES,"CALLE MAX PAREDES NO. 947, ZONA BELEN DE LA CIUDAD DE LA PAZ",LA PAZ,LA PAZ,,6099150,6099150019
SERVIFARMA,,"CALLE C, NO. 20, ENTRE AV. 11 Y AV. SUCRE, ZONA ALTO LIMA TERCERA SECCION DE LA CIUDAD DE EL ALTO",LA PAZ,EL ALTO,,75246283,7061255010
SERVI FARMA GLADYS,GLADYS MAGALI GUARACHI COTA,"AVENIDA A NO. 291, ESQUINA CALLE H-1, ZONA VILLA NUEVOS HORIZONTES I DE LA CIUDAD DE EL ALTO",LA PAZ,EL ALTO,,79611617,7089853019
SERVI - PHARMA,MARIZABEL CARLO AYAVIRI,"AVENIDA JOSEFA MUJICA NO. 661, ZONA VILLA SAN ANTONIO DE LA CIUDAD DE LA PAZ",LA PAZ,LA PAZ,,,5117355011
SERVIR Y CUIDARTE,PAOLA YAROSLABA PAZ GALVEZ,"CALLE NICARAGUA, ESQUINA CALLE REPUBLICA DOMINICANA, NO. 2093, EDIF. MEDICAL CENTER, P.B. LOCAL 2, ZONA MIRAFLORES DE LA CIUDAD DE LA PAZ",LA PAZ,LA PAZ,,70676074,3381006013
SHABBAT SHALOM,JUAN JOSE GUTIERREZ LOPEZ,"AVENIDA SIMON BOLIVAR NO. 1944, ZONA MIRAFLORES DE LA CIUDAD DE LA PAZ",LA PAZ,LA PAZ,,65482075,4471742013
SHALOM AMIBRAMAR,AMALIA APAZA CASTRO,"AV. ENTRE RIOS NO. 1329, CASI ESQ. CALLE AYATA PB., ZONA TEJAR DE LA CIUDAD DE LA PAZ",LA PAZ,LA PAZ,,71921148,3309181016
SHALOM AMIBRAMAR,,"AV. ENTRE RIOS NO. 1329, CASI ESQ. CALLE AYATA PB., ZONA TEJAR DE LA CIUDAD DE LA PAZ",LA PAZ,LA PAZ,,71921148,3309181016
SHAMMAH,,"CALLE COPACABANA, NO. 1515, FRENTE A LA PLAZA GERMAN BUSCH ZONA ALTO LIMA DE LA CIUDAD DE EL ALTO",LA PAZ,EL ALTO,,74848722,7038543015
SHARAHI,FELISA ARUQUIPA SALCEDO,"AV. 16 DE JULIO, NO.25, ESQUINA NISTAUS, ZONA BALLIVIAN DE LA CIUDAD DE EL ALTO",LA PAZ,EL ALTO,,71546361,4366350018
SHARAHI II,,"CALLE HERNANI. NRO. 23 ENTRE CALLE CARRASCO  Y PASAJE SICA SICA, ZONA BALLIVIAN DE LA CIUDAD DE EL ALTO",LA PAZ,EL ALTO,,73233957,9974764012
SHECID,ROSA ANGELICA SAAVEDRA CANCARI,"AVENIDA ADRIAN CASTILLO NO.1, ZONA ALTO LIMA TERCERA SECCION DE LA CIUDAD DE EL ALTO",LA PAZ,EL ALTO,,67062677,3305083014
SHECID  SUCURSAL  1,ELENA CARLA MAMANI JUSTO,"AVENIDA HUATAJATA, NO. 2045, ENTRE CALLE ACHIRI Y CALLE ARAPAT, ZONA VILLA INGAVI DE LA CIUDAD DE EL ALTO",LA PAZ,EL ALTO,,67062677,3305083014
SHEZMY,,"AVENIDA SUCRE, NO 2, ESQUINA CALLE ILLIMANI, ZONA ALTO LIMA 3RA SECCION DE LA CIUDAD DE EL ALTO",LA PAZ,EL ALTO,,68091217,4893700018
SHEZMY I,JAKELIN MAMANI CHOQUEHUANCA,AV LITORAL Nº 50  ESQ. DE LA CALLE SAN MARTÍN ZONA VILLA CONCEPCION DE LA CIUDAD DE EL ALTO,LA PAZ,EL ALTO,,68091217,4893700018
SIDNEYFAR,ALICIA BALANZA MEJIA,"AV. PERIFERICA , NO. 477, FINAL CALLE DIEGO DE PERALTA, FRENTE AL CEMENTERIO LAS LLAMITAS, ZONA AGUA DE LA VIDA - PERIFERICA, DE LA CIUDAD DE LA PAZ",LA PAZ,LA PAZ,,76290766,9202367017
SIEMPRE CONTIGO,CAMILA ORTIZ HURTADO,"AVENIDA ARTURO SAAVEDRA N° 278, EDIFICIO DIONI PISO PB LOCAL 3 ESQUINA CALLE FELIPE LOPEZ ZONA VILLA FATIMA DE LA CIUDAD DE LA PAZ",LA PAZ,LA PAZ,,,10926956018
SIOMARA,ELIANA SANDRA FRADE DURAN,"CALLE 8, NO.190 ZONA VILLA DOLORES DE LA CIUDAD DE EL ALTO",LA PAZ,EL ALTO,,70652607-72077359,6798968017
SISU PHARMA,ANA GABRIEL YANIQUE CAMARA,CALLE BELISARIO SALINAS Nº 2412 ZONA SOPOCACHI DE LA CIUDAD DE LA PAZ,LA PAZ,LA PAZ,,71270279,3395924015
SIVIEL,ERIKA MABEL POCORICONA CORI,"CALLE PEDRO RODRIGUEZ NO 806, EDIFICIO VILLARROEL PISO PLANTA BAJA ENTRE CALLE RICARDO BUSTAMANTE Y PASAJE ELOY SALMON  ZONA GRAN PODER DE LA CIUDA DE LA PAZ",LA PAZ,LA PAZ,,,9880930016
SM JACINTA,MABEL ROCIO SOLARES HERRERA,"CALLE RETAMAS NO. 5385 ESQ. CALLE SAJAMA, URBANIZACION UTAMAHUA, DE LA CIUDAD DE EL ALTO",LA PAZ,EL ALTO,,79678636,8819630014
SOE,DAFNE MERY HUAYGUA QUICHU,"CALLE LLULLAYLLACU NO. 1094, ZONA SENKATA 79, ENTRE CALLE CHACHANI Y CALLE PISSIS DE LA CIUDAD DE EL ALTO - LA PAZ",LA PAZ,EL ALTO,,76550026,8543547018
SOLMARA,,"CALLE ARTURO NO. 3783, ZONA LOS ANDES DE LA CIUDAD DE EL ALTO",LA PAZ,EL ALTO,,63240035-63247111,8325843011
SOLUSCHRISTUS S.R.L.,VALERIA MAMANI PACOHUANCA,"AVENIDA CALACOTO, N° 1774, ESQUINA AVENIDA CALACOTO, ZONA GERMAN BUSCH 1-12 DE LA CIUDAD DE EL ALTO,",LA PAZ,EL ALTO,,67165416,535491023
SOPHIA FLOR,KELLY FABIA FLORES PARDO,"AVENIDA LITORAL, S/N, FRENTE AL CENTRO DE SALUD INTEGRAL APOLO, ZONA VILLA LITORAL DEL MUNICIPIO DE APOLO",LA PAZ,APOLO,,79374276,6782040010
SOTO,PAMELA ELIZABETH SOTO CRESPO,"AVENIDA VICENTE BURGALETA NO. 755, ZONA VILLA COPACABANA DE LA CIUDAD DE LA PAZ",LA PAZ,LA PAZ,,70532858,4808911017
SOTO ESCOBAR,CINTYA KARINA ESCOBAR CHURA,"PLAZA LIBERTAD NO. 80, ZONA 16 DE JULIO DE LA CIUDAD DE EL ALTO",LA PAZ,EL ALTO,2842843,74007207,6008772015
SOY TU FARMACIA,LIDIA CANDY MAMANI CABANA,"AV. INGENIO, NO. 818, ENTRE AV. CHOJILLA Y AVENIDA WARISATA, ZONA HUAYNA POTOSÍ D DE LA CIUDAD DE EL ALTO",LA PAZ,EL ALTO,,76258018-67021819,6192284011
SOY TU FARMACIA 365,,"CALLE ANDRES CHOQUE N° 20, PB (CASI FRENTE AL HOSPITAL LA PORTADA), ZONA LA PORTADA",LA PAZ,LA PAZ,,77729766,8428109
SS DE CULLURI,VERONICA GLORIA CHOQUE RIOS,"AVENIDA DIAZ ROMERO  NRO 1388, ENTRE PASAJE FLORIDA Y AVENIDA BUSH, FRENTE AL MERCADO MIRAFLORES, ZONA MIRAFLORES DE LA CIUDAD DE LA PAZ",LA PAZ,LA PAZ,,77737096,34333094012
STEPHANIE,CARMEN PATRICIA VELASCO CASTELLANOS,"AVENIDA HERNANDO SILES NO. 5004, ENTRE CALLES 4 Y 5, EDIFICIO BICENTENARIO, PISO PB., LOCAL 2 ZONA OBRAJES DE LA CIUDAD DE LA PAZ",LA PAZ,LA PAZ,2415726,73504827,3417036019
STEYCI,MIRTHA SANDRA SUXO ESPINOZA,"CALLE BOQUERON, ESQ. RIOBAMBA, NO. 1104, EDIF., SANTA ROSA PB. ZONA SAN PEDRO DE LA CIUDAD DE LA PAZ",LA PAZ,LA PAZ,2283244,73512238,4260287017
SUAREZ,NINOTSKA ROSARIO RODRIGUEZ JUAREZ,"CALLE E. GUILLARTE NO. 603, ZONA BARRIO GRAFICO DE LA CIUDAD DE LA PAZ",LA PAZ,LA PAZ,298108,,5581082015
SU-ECONOFARM,FATIMA ROSARIO CUMALY CRUZ,"CALLE 24, DANIEL SALAMANCA, NO. 6090, ENTRE AV. GRAL. BILBAO RIOJA Y AV. SANTA VERA CRUZ, DISTRITO 6, ZONA HUAYNA POTOSI 5TA. SECCION DE LA CIUDAD DE EL ALTO",LA PAZ,EL ALTO,2833474,70572230-71533988,5958228013
SUMA KOLLA,,"CALLE 11 NO. 120-A PLANTA BAJA, LOCAL 1,  ESQ. CALLEJON CORO CORO, A UNA CUADRA DE LA AVENIDA ANTOFAGASTA, ZONA VILLA DOLORES DE LA CIUDAD DE EL ALTO",LA PAZ,EL ALTO,,78801871,6944450016
SUMA QAMAÑA,SILVIA CANDIDA LAURA MAMANI,"AV. A, NO. 800, ESQ. AV. D, ZONA GRAN PODER (EL KENKO) DE LA CIUDAD DE EL ALTO",LA PAZ,EL ALTO,,76252716,7033610013
SUPER,GLADYS VICTORIA CAZAS LIMA,"AV. PANAMERICANA NO. 5855 ENTRE AV. ILLIMANI Y CALLE ALEXANDER, ZONA 21 DE OCTUBRE DE LA CIUDAD DE EL ALTO",LA PAZ,EL ALTO,,60139247,3390131018
SUPER FARMACIA 16 DE JULIO - V..S II,,"CALLLE MANUEL BELGRANO, NRO 111 ESQUINA CALLE ALFREDO PASCOE, Z/ VILLA ESPERANZA DISTRITO 5 DE LA CIUDAD DE EL ALTO",LA PAZ,LA PAZ,,,8300286011
SUPER FARMACIA 16 DE JULIO -V.S.II,RAMIRO EDWIN HUAJLLIRI COLQUE,"MANUEL BELGRANO NO. 111, ESQUINA ALFREDO PASCOE, ZONA: VILLA ESPERANZA, DISTRITO 5 DE LA CIUDAD DE EL ALTO",LA PAZ,EL ALTO,,75293129,8300286011
SUPER FARMACIA CRISTO VENCEDOR,WENDY PALACIOS CAHUAYA,CALLE ALCIDES ARGUEDAS NO. 1890 ESQ. PLAZA MARISCAL SANTA CRUZ,LA PAZ,LA PAZ,,72517593,6765646019
SUPERFARMACIA TERCER CIELO,SHEILA ANGELA CHURA BARCO,"CARRETERA A LAJA, NO. 5604, ENTRE AVENIDA PASEO LOS JARDINES Y CALLE DANIEL CAMPOS, ZONA FRANZ TAMAYO DE LA CIUDAD DE EL ALTO",LA PAZ,EL ALTO,,67174676,7023556015
SUPER  FARMACIA  VIEGEN DE COPACABANA XXIII,VIVIANA VELENTINA BELTRAN LIMA,CALLE PEDRO SALAZAR NO 2497 ESQUINA AVENIDA 20 DE OCTUBRE AL FRENTE DE POLLOS COPACABANA DE LA CIUDAD DE LA PAZ,LA PAZ,LA PAZ,,,591682022
SUPER FARMACIA VIRGEN DE COPACABANA I,MARTHA AVILES MONTECINOS,"AVENIDA 6 DE MARZO NO. 528, EDIFICIO ALEJANDRINA, PISO PB. ZONA 12 DE OCTUBRE DE LA CIUDAD DE EL ALTO",LA PAZ,EL ALTO,2823182,78872997,2521892016
SUPER FARMACIA VIRGEN DE COPACABANA II,ANGELA ROCIO SILLERICO FLORES,AVENIDA MARISCAL SANTA CRUZ EDIFICIO CLUB DE LA PAZ N° 1215 ZONA CENTRAL DE LA CIUDAD DE LA PAZ,LA PAZ,LA PAZ,,75801858,8447001011
SUPER FARMACIA VIRGEN DE COPACABANA II,HELEN BETTY NINA LOZA,"AV. MARISCAL SANTA CRUZ, EDIF. CLUB DE LA PAZ, NO. 1215, ZONA CENTRAL DE LA CIUDAD DE LA PAZ",LA PAZ,LA PAZ,,75801858,8447001011
SUPER FARMACIA VIRGEN DE COPACABANA III,FLORA MAMANI ADUVIRI,"AVENIDA 6 DE MARZO, ESQUINA CALLE 1, N° 100, ZONA 12 DE OCTUBRE DE LA CIUDAD DE EL ALTO.",LA PAZ,EL ALTO,,78872997,3056714019
SUPER FARMACIA VIRGEN DE COPACABANA III,FLORA MAMANI ADUVIRI,"AVENIDA 6 DE MARZO, ESQUINA CALLE 1, NO. 100, ZONA 12 DE OCTUBRE DE LA CIUDAD DE EL ALTO",LA PAZ,EL ALTO,,69830480,3056714019
SUPERFARMACIA VIRGEN DE COPACABANA IV,JHANNET MIRIAM RAMIREZ SACACA,"CALLE 2, NO. 42, EDIFICIO SALVADOR DE SANTA ROSA,PLANTA BAJA, ZONA 12 DE OCTUBRE DE LA CIUDAD DE EL ALTO",LA PAZ,EL ALTO,,78870858,6761980013
SUPER FARMACIA VIRGEN DE COPACABANA IX,CLAUDIA MABEL MAMANI GOMEZ,"AVENIDA MARISCAL SANTA CRUZ, CASI ESQUINA COLON, NO. 1297, ZONA CENTRAL DE LA CIUDAD DE LA PAZ",LA PAZ,LA PAZ,,69830480,3056714019
SUPER FARMACIA VIRGEN DE COPACABANA VI,,"JOSE MANUEL PANDO, ESQUINA INGAVI NO. S/N, ZONA CENTRAL DE LA LOCALIDAD DE VIACHA DEL DEPARTAMENTO DE LA PAZ",LA PAZ,VIACHA,,,3076804016
SUPER FARMACIA VIRGEN DE COPACABANA VII,ABIGAIL KATERIN LIMACHI NINA,"CALLE 1, NO. 19 - 21, ESQUINA FRANCO VALLE, EDIFICIO SHOPPING EL ALTO, ZONA 12 DE OCTUBRE DE LA CIUDAD DE EL ALTO",LA PAZ,EL ALTO,,69830481,8325887019
SUPER FARMACIA VIRGEN DE COPACABANA VIII,NOELIA INGRID HERRERA CUENCA,"AVENIDA 6 DE MARZO NO. 120, ZONA 12 DE OCTUBRE DE LA CIUDAD DE EL ALTO",LA PAZ,EL ALTO,,69830480,2521892016
SUPER FARMACIA VIRGEN DE COPACABANA X,THELMA GALLEGOS RAMIREZ,"CALLE 17, ESQUINA PROLONGACION 14 DE SEPTIEMBRE NO. 506 ZONA OBRAJES DE LA CIUDAD DE LA PAZ",LA PAZ,LA PAZ,,6761980,6761980013
SUPER FARMACIA VIRGEN DE COPACABANA XI,CLAUDIA QUENTA CALCINA,"CALLE COMERCIO NO. 810-814, ZONA CENTRAL DE LA CIUDAD DE LA PAZ",LA PAZ,LA PAZ,,78872997,2521892016
SUPER FARMACIA VIRGEN DE COPACABANA XII,PAMELA MABEL URBINA MONJE,"AV. JOSE BALLIVIAN, ESQ. CALLE 23 NO. 1613,  TIENDA 6, ZONA CALACOTO, DE LA CIUDAD DE LA PAZ",LA PAZ,LA PAZ,,78872997,3056714019
SUPERFARMACIA VIRGEN DE COPACABANA XII,ELIZABETH JULIA GUTIERREZ SILVA,"AVENIDA JOSE BALLIVIAN NO. 1613 TIENDA 6, ESQUINA CALLE 23, ZONA CALACOTO DE LA CIUDAD DE LA PAZ",LA PAZ,LA PAZ,,78872997,3056714019
SUPER FARMACIA VIRGEN DE COPACABANA XIII,SILVIA JEANNETTE CALLISAYA TORREZ,"AVENIDA 6 DE MARZO NO. 144, EDF. TORRE LEON, PISO P.B. ZONA 12 DE OCTUBRE DE LA CIUDAD DE EL ALTO",LA PAZ,EL ALTO,,78872997,2521892016
SUPER FARMACIA VIRGEN DE COPACABANA XIX,ALINA NAIRA TAPIA LOPEZ,"CALLE ROSENDO GUTIERREZ NO 410, ZONA SOPOCACHI DE LA CIUDAD DE LA PAZ",LA PAZ,LA PAZ,,78780858,591682022
SUPER FARMACIA VIRGEN DE COPACABANA XV,MARIA CLARETH CHOQUE FLORES,"AV. MARISCAL SANTA CRUZ NO. 2150, EDIFICIO ESPERANZA, PISO PB., T-1, ZONA CENTRAL DE LA CIUDAD DE LA PAZ",LA PAZ,LA PAZ,,78780858,6761980013
SUPER FARMACIA VIRGEN DE COPACABANA XVI,CLAUDIA MABEL MAMANI GOMEZ,"CALLE YANACOCHA NO. 311 EDIF. ASBUN, ZONA CENTRAL DE LA CIUDAD DE LA PAZ",LA PAZ,LA PAZ,,69830480,3056714019
SUPER FARMACIA VIRGEN DE COPACABANA XVII,LILIAM MAMANI ALMANZA,"AVENIDA SATELITE, ESQUINA FRANCO VALLE , NO. 10, PLANTA BAJA, ZONA 12 DE OCTUBRE DE LA CIUDAD DE EL ALTO",LA PAZ,EL ALTO,,69830481,8325887019
SUPER FARMACIA VIRGEN DE COPACABANA XVIII,MIRIAM LOURDES ANTIÑAPA MAMANI,"AVENIDA LADISLAO CABRERA, CARRETERA A VIACHA, PB. NO. 136, ZONA V.B. MUNICIPAL, CERCA A CRUCE VILLA ADELA, DE LA CIUDAD DE EL ALTO",LA PAZ,EL ALTO,,69830481,8325887019
SUPER FARMACIA VIRGEN DE COPACABANA XX,MARINA AMALIA MERMA QUISPE,"AVENIDA TITO YUPANQUI, EDIFICO FAMILIAR PISO PB, DEPARTAMENTO/LOCAL/OFICINA: 2 #1394, FRENTE AL MERCADO CALATAYUD, ZONA VILLA COPACABANA DE LA CIUDAD DE LA PAZ",LA PAZ,LA PAZ,,75801858,8447001011
SUPER FARMACIA VIRGEN DE COPACABANA XXI,MARIA LIDIA JANNEDT BELLIDO VARGAS,"AVENIDA MONTENEGRO NO. 8215, ESQUINA CALLE 21, ZONA SAN MIGUEL DE LA CIUDAD DE LA PAZ",LA PAZ,LA PAZ,,69830481,603662027
SUPER FARMACIA  VIRGEN DE COPACABANA XXII,SHEYLA PAOLA CHOQUET HINOJOSA,"AVENIDA SIMON BOLIVAR , EDIF. S/N PISO PB. OFICINA 204, ESQUINA CALLE BUENO. ZONA SANTA BARBARA DE LA CIUDAD DE LA PAZ",LA PAZ,LA PAZ,,,8447001011
SUPERFARMA LUZ DE COPACABANA,MARIBEL VARGAS QUISPE,AVENIDA BURGALETA N° 611 ZONA VILLA COPACABANA DE LA CIUDAD DE LA PAZ.,LA PAZ,LA PAZ,,67036856,4978497015
SUPERFARMA LUZ DE COPACABANA,MARIBEL VARGAS QUISPE,"AVENIDA BURGALETA NO. 611, ZONA VILLA COPACABANA DE LA CIUDAD DE LA PAZ",LA PAZ,LA PAZ,,67036856,4978497015
SUPER MAC MAC,MARIA EUGENIA MACHACA CERDA,"AVENIDA JAIME OTERO CALDERON, NO.4065 ZONA KHANTATI DE LA CIUDAD DE EL ALTO",LA PAZ,EL ALTO,2853137,,2627021010
SURTIMEDIC,PATRICIA ALEIDA ALCONINI ESCOBAR,"CALLE LUIS LARA NO.785, ESQ. BENANCIO BURGOA, ZONA SAN PEDRO DE LA CIUDAD DE LA PAZ",LA PAZ,LA PAZ,,67097920,6846221010
TALITA CUMI,LIZETH YOVANA CALDERON ALEGRE,"AVENIDA JULIO CESAR VALDEZ, NO. 4424, ESQUINA CALLE POKE WILLICHI, ZONA COSMOS 79, DE LA CIUDAD DE EL ALTO",LA PAZ,EL ALTO,,71118117,7048459015
TAMY´S,,"AV. V5, NO. 509, A 4 CUADRAS DE LA UE, BOLIVIA ZONA NUEVOS HORIZONTES 1, DE LA CIUDAD DE EL ALTO",LA PAZ,EL ALTO,,71510303,9231300018
TANIA,TANIA SANCHEZ VEDIA,"AVENIDA 14 DE SEPTIEMBRE NO. 119-A, ZONA OVEJUYO DE LA CIUDAD DE LA PAZ",LA PAZ,LA PAZ,2790491,72596784,3400887013
TAYCE,TATIANA TINTAYA CHAMBILLA,"CALLE LA PAZ, NO. 950, ZONA CALLAPA, ESQ. CALLE COCHABAMBA (FRENTE A LA PLAZA CALLAPA) DE LA CIUDAD DE LA PAZ",LA PAZ,LA PAZ,,72539543,6777781014
TELE FARMA,CATALINA MERY ASTURIZAGA MENDOZA,"AVENIDA PANORAMICA NO. 3002, ZONA VILLA TEJADA RECTANGULAR, DE LA CIUDAD DE EL ALTO",LA PAZ,EL ALTO,,73032782,2627188015
TEOFARMA,,CALLE BOQUERON PASAJE NO. 1772 ZONA SAN PEDRO DE LA CIUDAD DE LA PAZ,LA PAZ,LA PAZ,,79561830,4887225011
TERCER CIELO II,MARIO APAZA GUTIERREZ,"AV. DAVID TORO NO. 4514, ENTRE AV. BUENOS AIRES Y CALLE SAAVEDRA, ZONA FRANZ TAMAYO DE LA CIUDAD DE EL ALTO",LA PAZ,EL ALTO,,67174676,7023556015
TERCER CIELO III,EDWIN NINA VINO,"AVENIDA SEÑOR DE LAGUNAS, NO. 2432, ENTRE CALLE HOLANDA Y BRETANIA, ZONA URBANIZACION CRUZ DE LAGUNA DE LA CIUDAD DE EL ALTO",LA PAZ,EL ALTO,,67174676,7023556015
TERCER CIELO IV,MICHEL CALDERON FERNANDEZ,"CALLE HUARINA, NO. 4474, ENTRE AVENIDA BUENOS AIRES Y CALLE CECILIA MALDONADO, ZONA URBANIZACION BAUTISTA SAAVEDRA DE LA CIUDAD DE EL ALTO",LA PAZ,EL ALTO,,67174676,7023556015
TES S.A. SUCURSAL I,VANIA ESTHER SILVA VISCARRA,"AVENIDA PANORAMICA, EDIFICIO  INNOVA N° 691 ESQUINA 7 - B, FRENTE A LA ESTACIÓN DEL TELEFERICO LINEA PLATEADA, ZONA CIUDAD SATELITE DE LA CIUDAD DE EL ALTO",LA PAZ,EL ALTO,22810111,77222519,299294026
TEST - TECNOLOGIAS EN SALUD S.A.,INGRID ROCIO POLO CALVETI,CALLE LUIS TORRES N° 388 ZONA 16 DE JULIO DE LA CIUDAD DE EL ALTO.,LA PAZ,LA PAZ,22844709,75244771,299294026
TEST - TECNOLOGIAS EN SALUD S.A. - SUCURSAL 1,GABRIELA OSHIN QUISBERT CATARI,CALLE 5 ESQUINA JORGE CARRASCO ZONA 12 DE OCTUBRE DE LA CIUDAD DE EL ALTO,LA PAZ,EL ALTO,22918757,77222506,299294026
THIAGO-DIEZ,HUGO FRANCHESCO ALIAGA MONJE,AVENIDA BAUTISTA SAVEDRA Nº 3614 ENTRE AVENIDA PANAMERICANA Y CALLE JOSE MARIA SERRANO ZONA BAUTISTA SAVEDRA MUNICIPO DE EL ALTO,LA PAZ,LA PAZ,,67088035,672503039
THIAGO'S,SHIRLEY LENY MAMANI MARCA,"PLAZA JUANA AZURDUY DE PADILLA, NO. 1125, ESQ. CALLE 5 ZONA VILLA DOLORES DE LA CIUDAD DE EL ALTO",LA PAZ,EL ALTO,,69870571,6153445017
TILATA,,"AV. HACIA EL MAR, CARRETERA A VIACHA, NO. 1256, ZONA URKUPIÑA, FRANJA II, ENTRE CALLE 11 Y 12 (CASI FRENTE DE LA ALCALDIA DE TILATA) MUNICIPIO DE VIACHA",LA PAZ,VIACHA,,72595203,7010190019
TIÑINI,SENOVIA TIÑINI TIÑINI,"AV. LA PAZ, NO. 3513, ZONA LOS ANDES DE LA CIUDAD DE EL ALTO",LA PAZ,EL ALTO,,60105546-79527713,6069769014
TODO LEGAL,SOFIA RAMOS CHAVEZ,CALLE 20 DE OCTUBRE ESQUINA BENI NO 22 ZONA SAN SALVADOR MUNICIPIO VIACHA DEL DEPARTAMENTO DE LA PAZ,LA PAZ,VIACHA,,77744177,6197090014
TONIFARMA,MARIA MAGDALENA DOMINGUEZ MOLLO,"CALLE RAFAEL PABON, N° 56, ENTRE AVENIDA PUCARANI Y CALLE JOSE CHACON, ZONA BALLIVIAN DE LA CIUDAD DE EL ALTO",LA PAZ,EL ALTO,,72039234-72078612,6793406011
TORRE FUERTE,ZENAYDA BOTELLO VARGAS,"AV. BUENOS AIRES NO. 1579, ESQ. JAIMES FREYRE, ZONA SAN PEDRO ALTO DE LA CIUDAD DE LA PAZ",LA PAZ,LA PAZ,,70149132,4306942013
TORRENT I,VIRGINIA SUXO CHOQUEHUANCA,"CALLE 7, NO.41, ZONA VILLA ESPERANZA DE LA CIUDAD DE EL ALTO",LA PAZ,EL ALTO,,70645058,4791053014
TORREZ MEDICA,VERONICA CASTAÑETA MEDRANO,CALLE JUSTO GERMAN VARELA NO. 24 ZONA LA PORTADA DE LA CIUDAD DE LA PAZ,LA PAZ,LA PAZ,,71990985,3352468013
TORREZ ROJAS,VARINIA PALACIOS VICENTE,"AVENIDA DIEGO PORTUGAL, NO 1454, ZONA CIUDAD SATELITE, DE LA CIUDAD DE EL ALTO",LA PAZ,EL ALTO,,73585479,4747726013
T & T,KETY EDITH VEGA CLAVIJO,"CALLE 39 NO. 120, ZONA CHASQUIPAMPA DE LA CIUDAD DE LA PAZ",LA PAZ,LA PAZ,,65100860,2226967012
TU ALIVIO S&C,CLAUDIA MAMANI ALANOCA,AV. 16 DE JULIO NRO. 336 ENTRE CALLE HERMANOS DE SANTA CRUZ Y CALLE HERMANOS ESPINOZA DE LA CIUDAD DE EL ALTO,LA PAZ,EL ALTO,,71251865,9996242013
TU ALTAR,,"AVENIDA ESTEBAN ARCE, NO. 2372, FRENTE AL CEMENTERIO LOS JUDIOS, ZONA VILLA SAN ANTONIO DE LA CIUDAD DE LA PAZ",LA PAZ,LA PAZ,,64048112,6905136011
TU FARMA,GLADYS SOFIA GUTIERREZ PAZ,"CALLE BOQUERON NRO 1507, ENTRE CALLES NICOLAS ACOSTA Y BATALLÓN SUCRE, ZONA SAN PEDRO",LA PAZ,LA PAZ,,73536648,3467927018
TUFARMA,ROSMERY LIMACHI OSCO,"CALLE 7, NO. 33, ZONA VILLA ESPERANZA DE LA CIUDAD DE EL ALTO DEL DEPARTAMENTO DE LA PAZ",LA PAZ,EL ALTO,,75864600,4865233019
TU FARMACIA,GABRIELA OSHIN QUISBERT CATARI,"CALLE RENE VARGAS NO. 414, ESQUINA CALLE ADOLFO GARCIA, ZONA BALLIVIAN DE LA CIUDAD DE EL ALTO",LA PAZ,EL ALTO,,60572855,7047887016
TUFARMA I,LICETH TERESA GUTIERREZ ALVAREZ,"AV. PANORAMICA N° 24 ENTRE LA CALLE 1 Y 2 A MEDIA CUADRA DE LA PLAZA SAGRADO CORAZON DE JESUS, ZONA VILLA DOLORES DE LA CIUDAD DE EL ALTO",LA PAZ,EL ALTO,,76532324,6942037013
TUMUSLA,LEEMARBY MARCEL FERNANDEZ CRUZ,"AV. MANCO KAPAC NO. 349, ZONA EL ROSARIO DE LA CIUDAD DE LA PAZ",LA PAZ,LA PAZ,,73720962,1141025014
TURQUEZA,,"AV. BOLIVIA NO. 120, NUEVOS HORIZONTES I, DE LA CIUDAD DE EL ALTO",LA PAZ,EL ALTO,,75240215-60129920,2747032016
TU SALUD,,"AV. BRAULIO VERA ENTRE CALLE 5 Y 6 NO. 6656, ZONA IRPAVI DE LA CIUDAD DE LA PAZ",LA PAZ,LA PAZ,,69990712,2707209010
TU SALUD XXII,LEONARDA ARUQUIPA ARUQUIPA,"CALLE ADOLFO BORDA, NO. 24, ENTRE AV. 16 DE JULIO Y CALLEJON 18 DE NOVIEMBRE, ZONA BALLIVIAN DE LA CIUDAD DE EL ALTO",LA PAZ,EL ALTO,,72076824,5990541015
ULTRAFARMA APAZA Y ASOCIADOS S.R.L.,LIZETH ROCIO TORRICO ASTORGA,"CALLE VILLALOBOS NO. 1466, EDIFICIO ""HUARI"", LOCAL 2, ZONA MIRAFLORES DE LA CIUDAD DE LA PAZ",LA PAZ,LA PAZ,,71527625,280930024
UMBRAL,WENDY VERONICA LIMACHI QUISBERT,"CALLE TRINIDAD TOBAGO NRO. 1096, EDIFICIO SIN NOMBRE, PISO PLANTA BAJA, LOCAL 3, ENTRE CALLE HAITI Y CALLE HONDURAS, ZONA MIRAFLORES DE LA CIUDAD DE LA PAZ",LA PAZ,LA PAZ,,78805959,6816120014
UNA DOSIS DE VIDA,ISRAEL MANRIQUE BAUTISTA,"CALLE LOAYZA NO. 3490, ESQ. AVENIDA SIMON BOLIVAR, DE LA ZONA 14 DE SEPTIEMBRE DE LA CIUDAD DE EL ALTO",LA PAZ,EL ALTO,,75812951,8364430012
UNI+BIO,MARIELA QUISPE CONDORI,"CALLE MAX PAREDES , NO. 523, ZONA 14 DE SEPTIEMBRE, DE LA CIUDAD DE LA PAZ",LA PAZ,LA PAZ,,71433392-79018084,9102621011
UNICRUZ II,,CALLE MAX PAREDES NO. 523 ZONA 14 DE SEPTIEMBRE DE LA CIUDAD DE LA PAZ,LA PAZ,LA PAZ,2460253,72592309,3437165018
UNIDOSIS,NELLY BEATRIZ MAMANI TICONIPA,"CALLE 7 NO. 15, ENTRE AV. 16 DE JULIO Y CALLE 24 DE JUNIO, ZONA VILLA ESPERANZA DE LA CIUDAD DE EL ALTO",LA PAZ,EL ALTO,,76546674,8360133011
UNIFARMACIA,,"AVENIDA 16 DE JULIO NO. 1903 CASI ESQUINA CALLE BATALLON COLORADOS, ZONA CENTRAL DE LA CIUDAD DE LA PAZ",LA PAZ,LA PAZ,,70521361,6765796010
UNIFRANZ,MARY EVELYN LUNARIO PARRADO,"CALLE HEROES DEL ACRE NO. 1855, EDIF. UNIFRANZ , PISO SUB SUELO, ZONA SAN PEDRO DE LA CIUDAD DE LA PAZ",LA PAZ,LA PAZ,2494600-2480102,76518196,198260021
UNOFAR MC,MIGUEL ANGEL CONDORI LAIME,"AVENIDA JOSE DE SUCRE, NO. 144 ENTRE CALLE 14B Y CALLE 14A, FRENTE A LA UE. VILLA TUNARI, ZONA VILLA TUNARI DE LA CIUDAD DE EL ALTO",LA PAZ,EL ALTO,,73004514,8438167010
URBAFARMA,NELLY JENNY URBANO CORDOVA,"AVENIDA CIVICA NO. 777, ENTRE PLAZA DE LA OBELISCO Y CALLE 1, ZONA TEJADA TRIANGULAR DE LA CIUDAD DE EL ALTO",LA PAZ,EL ALTO,,72862037-67312788,5122397010
VA & ER,GABRIELA VANESA MONJE MENDOZA,"CALLE 7 NO. 86, ESQUINA CALLE 5, ZONA PAMPAHASI BAJO DE LA CIUDAD DE LA PAZ",LA PAZ,LA PAZ,,69795579-62493860,6836471014
VALDEZ,ELIZABETH ANDREA VALDEZ CHAVEZ,CALL 15 DE JULIO Nº 2020 ENTRE CALLE S/N Y AVENIDA INTEGRACIÓN ZONA NACIONALIZACION 27 DE DICIEMBRE DE LA CIUDAD DE EL ALTO,LA PAZ,ACHOCALLA,,70689338,5984620010
VALENTINA,FABIOLA CARMEN ACARAPI FLORES,"AV. BUENOS AIRES, NO.1543, FRENTE A CALLE HUASCAR, ZONA BELLO HORIZONTE, DE LA CIUDAD DE LA PAZ",LA PAZ,LA PAZ,,63114260,6845947019
VALERMA,MERCEDES HUALLPA MARTINEZ,"AV. LA PAZ NO.82, ZONA ACHOCALLA/AÑAHUANI, DEL MUNICIPIO DE ACHOCALLA",LA PAZ,ACHOCALLA,,72095680,3362024019
VALERY,ROSARIO FERNANDEZ VALLE,"CALLE 5, ESQUINA RAUL SALMON NO. 357, ZONA 12 DE OCTUBRE DE LA CIUDAD DE EL ALTO",LA PAZ,EL ALTO,2487674,67094998,5941973012
VALLE B&E,ELIANA MIROSLOBA VALLE ZAPATA,"CALLE ASUNCIÓN, NRO 321,ENTRE CALLE VRREY TOLEDO Y LA AVENIDA REPÚBLICA , ZONA DE VILLA VICTORIA DE LA CIUDAD DE LA PAZ",LA PAZ,LA PAZ,,67106871-77214773,4912499011
VE & CA,FREDDY ALEJANDRO VISCARRA POSADAS,"CALLE RIBERALTA, NO 2044, PLANTA BAJA EXTERIOR, PLENO ESQUINA CALLE SAUCARI, ZONA 6 DE AGOSTO, DE LA CIUDAD DE EL ALTO",LA PAZ,EL ALTO,,76227028,4902736014
VENUS,MARIA DEL CARMEN BENAVENTE BLACUTT,"AV. ESTEBAN ARCE NO. 1876, ZONA VILLA SAN ANTONIO DE LA CIUDAD DE LA PAZ",LA PAZ,LA PAZ,2232117,,2290008016
VERDAD Y SALUD,EVA GUZMAN CASPA,AVENIDA CAQUINGORA NO 4035 ZONA COSMOS 79 UV D DE LA CIUDAD DE EL ALTO,LA PAZ,LA PAZ,,,6031173011
VIC MAR,CLAUDIA XIMENA VERGARA AGUILAR,"AV. DANIEL SALAMANCA NO. 1519, ZONA VILLA MERCEDES - G, DE LA CIUDAD DE EL ALTO",LA PAZ,EL ALTO,,,4979609013
VICTORIA,ANA VICTORIA LOPEZ OROZCO,"AVENIDA 16 DE JULIO NO. 93, ZONA 16 DE JULIO DE LA CIUDAD DE EL ALTO",LA PAZ,EL ALTO,2841755,76277633,2522283010
VICTORIA ANDREA,JACQUELINE TERESA ARIAS GUTIERREZ,"AVENIDA OCTAVIO CAMPERO NO. 1746 CASI ESQUINA CALLE JOSEFA MUJICA, ZONA VILLA SAN ANTONIO ALTO DE LA CIUDAD DE LA PAZ",LA PAZ,LA PAZ,2235887,77285647,3102233019
VICTORIA ANDREA SUC. 1,WILMA ROSSANA ALARCON BAUTISTA,"AV. JOSEFA MUJIA NO. 661, ZONA VILLA SAN ANTONIO DE LA CIUDAD DE LA PAZ",LA PAZ,LA PAZ,,77285647,3102233019
VICTORIA'S FARM,MIRIAM HINOJOZA LIZARAZU,"CALLE JUAN CRISOSTOMO ESQUIVEL, NO. 2065 ENTRE CALLES PEDRO RODRIGUEZ Y BARTOLOME ANDRADE, ZONA PEDRO DOMINGO MURILLO DE LA CIUDAD DE EL ALTO",LA PAZ,EL ALTO,,74089001,4375941015
VIDABELLA,LEIDDY LAURA MAMANI VILLANUEVA,"AV. IDELFONSO DE LAS MUÑECAS Nº364, ZONA SAN SEBASTIAN",LA PAZ,LA PAZ,,72593004,5974468018
VIDAFAR,GERMAN TICONA MARTINEZ,CALLE LAS RETAMAS N°21 ZONA COTA COTA DE LA CIUDAD DE LA PAZ,LA PAZ,LA PAZ,,67183499,4949746010
VIDA FELIZ,JOHANA TUPA ORTEGA,"AVENIDA VERSALLES NO. 8270, ENTRE AVENIDA ALEJANDRIA Y CALLE VILLCANI, ZONA 25 DE JULIO DE LA CIUDAD DE EL ALTO",LA PAZ,EL ALTO,,74253269,7304517012
VIDANOVA,ELVA COIMBRA DURAN,"CALLE 60, N°100, SOBRE CALLE 60 CASI ESQUINA AVENIDA 14 DE SEPTIEMBRE, DOMICILIO CON CERAMICA PLOMA, ZONA CHASQUIPAMPA DE LA CIUDAD DE LA PAZ.",LA PAZ,LA PAZ,,77092233,8461493013
VIDA SANA & VIDA FELIZ,ELIZABETH ROSARIO CONDE MAMANI,"AV. LAS PALMERAS NO. 777, ZONA VILLA SALOME DE LA CIUDAD DE LA PAZ",LA PAZ,LA PAZ,,73202796,4927883019
VIDA VITAL,SUSY ROCIO MEDINA ACARAPI,"CALLE BOZO NO. 669, EDIFICIO S/N, PISO PB, LOCAL 1, ZONA SAN SEBASTIAN, DE LA CIUDAD DE LA PAZ",LA PAZ,LA PAZ,,69814111,6819590014
VILLA JARDIN,EVA MARIA CAPCHA CHOQUE,"AVENIDA GUADALQUIVIR NO. 206, ZONA HORIZONTES DE LA CIUDAD DE EL ALTO",LA PAZ,EL ALTO,,75240215-60129920,6859480017
VILLARREAL CARANAVI,VICTORIA VILLARREAL MAYTA,"AVENIDA MARISCAL SANTA CRUZ S/N, ZONA CENTRAL DEL MUNICIPIO DE CARANAVI DEL DEPARTAMENTO DE LA PAZ",LA PAZ,CARANAVI,228232086,75831171,4748072015
VINO TINTO,IBER FREDDY VALDIVIA TERAN,"AV. BALTAZAR DE SALAS NO. 836, ENTRE CALLES SAN JOSE Y JOSE PARAVICINI ZONA VINO TNTO DE LA CIUDAD DE LA PAZ",LA PAZ,LA PAZ,,77283179,4800549013
VIP,LIDIA CHOQUE CHOQUE,"AV. DIEGO PORTUGAL, NO. 1226, PLAN 561, ZONA CIUDAD SATELITE DE LA CIUDAD DE EL ALTO",LA PAZ,EL ALTO,,69743396,6026601017
VIP II SUCURSAL II,EUNICE RIVERA TICONA,"AVENIDA 6 DE MARZO NRO 1102, ENTRE CALLE 9 Y CALLE 10,ZONA 12 DE OCTUBRE DE LA CIUDAD  DE EL ALTO DE LA CIUDAD DE EL ALTO",LA PAZ,EL ALTO,,69743396,6026601017
VIP I SUCURSAL I,REYNA JAVIER QUISPE,"CALLE  5 TEJADA RECTANGULAR, ESQUINA PASAJE PEATONAL, NO. 3 ZONA VILLA TEJADA RECTANGULAR, DE LA CIUDAD DE EL ALTO",LA PAZ,EL ALTO,,60226601,6026601017
VIRGEN DE ALTA GRACIA,,"AV. SAAVEDRA, EDIFICIO IBITA, PISO P.B. LOCAL 2 NO. 1750 ENTRE LA PLAZA TEJADA SORZANO Y LA CALLE DIAZ ROMERO, ZONA MIRAFLORES DE LA CIUDAD DE LA PAZ",LA PAZ,LA PAZ,,72562063,6978689017
VIRGEN DE ASUNCION,KATERINE LUCERO OMONTE RAMOS,"CALLE ASUNCION NO. 360, ZONA VILLA VICTORIA DE LA CIUDAD DE LA PAZ",LA PAZ,LA PAZ,22380639,78917407,8323699010
VIRGEN DE CANDELARIA,DILMA MARTINEZ CALLE,"AVENIDA ALFONSO UGARTE NO. 43 PB., ZONA 16 DE JULIO DE LA CIUDAD DE EL ALTO",LA PAZ,EL ALTO,,73023049,3104310016
VIRGEN DE COTOCA,ANA ROSARIO NOGALES BENAVIDES,"AV. TITO YUPANQUI, EDIFICIO FAMILIAR, PISO PB, DEPARTAMENTO/LOCAL/OFICINA: 2, NO. 1394, FRENTE AL MERCADO CALATAYUD, ZONA VILLA COPACABANA, DE LA CIUDAD DE LA PAZ",LA PAZ,LA PAZ,,78757138,477379015
VIRGEN DE LA CANDELARIA,NELLY BLANCA CALANI APAZA,"FRENTE A LA PLAZA 2 DE FEBRERO, CASI ESQUINA CALLE ABAROA, ZONA COLQUEPATA, DEL MUNICIPIO DE DE COPACABANA, PROVINCIA MANCO KAPAC",LA PAZ,COPACABANA,,77220150,6182680013
VIRGEN DE LA CONCEPCION,,"AVENIDA PUNATA Y ESQ. CALLE INDEPENDENCIA NO. 1995, ZONA SAN LUIS ESPINAL DE LA CIUDAD DE EL ALTO",LA PAZ,EL ALTO,,77271111,4281620013
VIRGEN DE LAS NIEVES,ALAN MOISES CONDE CHOQUE,"AVENIDA CHACALTAYA NO. 1146, PISO P.B., LOCAL 3, ZONA ACHACHICALA, DE LA CIUDAD DE LA PAZ",LA PAZ,LA PAZ,,,4260127014
VIRGEN DE LAS NIEVES BOL O.D..P.,OLINDA COLQUE LAZO,"AV. 6 DE MARZO, NO. 5715, URBANIZACION MODELO VENTILLA, CIUDAD DE EL ALTO",LA PAZ,EL ALTO,,68142255,6777951014
VIRGEN DEL CARMEN B & V,BEATRIZ LAURA MAMANI POMA,"AVENIDA RAMIRO CASTILLO NO. 48 ENTRE CALLES 7 Y 8, ZONA CHUQUIAGUILLO DE LA CIUDAD DE LA PAZ",LA PAZ,LA PAZ,,73569130,8331238010
VIRGEN DEL ROSARIO,VICENTA BLANCO AGUILAR,"AV. ALONZO UGARTE NO. 200, ENTRE CALLE NERY Y L. DE LA VEGA, ZONA BALLIVIAN DE LA CIUDAD DE EL ALTO",LA PAZ,EL ALTO,,72563105,4259174014
VIRGEN DE LUJAN,GRICEL AYLIN RHU QUISPE,"AVENIDA HACIA EL MAR, NO. 1240, ZONA URKUPIÑA FRANJA II, ENTRE CALLE 10 Y 11, FRENTE A LA SUBALCALDIA DE TILATA DE LA CIUDAD DE EL ALTO",LA PAZ,EL ALTO,,79528037-67161219,9945703017
VIRGEN DE MARIA GORETI,,"AV. LUIS RODRIGUEZ PARDO NO.3624, ZONA MARISCAL SUCRE I DE LA CIUDAD DE EL ALTO",LA PAZ,EL ALTO,,60522972,5470325019
VIRGEN DE NATIVIDAD,MARIELA QUISPE CALDERON,"AVENIDA TIHUANACU, NRO. 216, ZONA SANTIAGO PRIMERO ENTRE LA AVENIDA 6 DE MARTZO Y CALLE 7 DE LA CIUDAD DE EL ALTO",LA PAZ,EL ALTO,,68009537,8402373011
VIRGEN DE REMEDIOS,GLADIS QUISPE GONZALES,"AVENIDA COCHABAMBA NO. 2017, URBANIZACION PUERTO RICO DE LA CIUDAD DE EL ALTO.",LA PAZ,EL ALTO,22835607,70540442,6199414018
VIRGEN MADRE AUXILIADORA,WENDY PAMELA VISCARRA POSADAS,"AV. LAS RETAMAS NO. 1054, ESQ. CALEJON SANTA CATALINA, ZONA SANTA ISABEL DE LA CIUDAD DE EL ALTO",LA PAZ,EL ALTO,,76227028,4902736014
VITAFARMACIA,,"CALLE BRUNO MALDONADO NRO. 6534, ESQUINA 28 DE DICIEMBRE, ZONA FRANZ TAMAYO B, DE LA CIUDAD DE EL ALTO",LA PAZ,EL ALTO,,76555917,8278301013
VITALIN,JHOSELIN MISHEL APAZA PACOSILLO,CALLE TOMAS DELGADILLO N O 347 ZONA OBRAJES ALTO DE LA CIUDAD DE LA PAZ,LA PAZ,LA PAZ,,,678294030
VITALISFARMA,TATIANA ARISMENDI SARZURI,"AV. HEROES DEL PACIFICO, NO. 1645, ENTRE CALLES PIRAI Y REYES CARDONA, ZONA EL TEJAR DE LA CIUDAD DE LA PAZ",LA PAZ,LA PAZ,,73081732,6837828017
VITAL JOY,JHOVANNA ALCIRA PEREZ BLANCO,AV. CIVICA NO.80 VILLA TEJADA RECTANGULAR CIUDAD DE EL ALTO,LA PAZ,EL ALTO,,70158776,4363798015
VITALVIP,,"AVENIDA CAQUINGORA, N| 6344, ESQUINA AVENIDA JULIO CESAR VALDEZ FRENTE AL RETEN POLICIAL KISWARAS, ZONA COSMOS 79 DE LA CIUDAD DE EL ALTO",LA PAZ,EL ALTO,,77509889,2523245018
VIVIFARMED,LIZETH GLADIS JAHUIRA QUISPE,"AVENIDA HEROES 17 DE OCTUBRE NO. 8640, ZONA URBANIZACION PROGRESO DE LA CIUDAD DE EL ALTO",LA PAZ,EL ALTO,,71952137,7052860015
VIVIFARMED SUCURSAL 1,PEVEL MARIANA TICONA MAIDANA,"AV. PANAMERICANA- CARRETERA COPACABANA, NO. 1360, URBANIZACION SAN CARLOS, ENTRE AV. PALOS BLANCOS Y CALLE 4 A MEDIA CUADRA AL FRENTE DE LA SUB ALCALDIA, DISTRITO 4, DE LA CIUDAD DE EL ALTO",LA PAZ,EL ALTO,,71952137,7052860015
VIVIFARMED SUCURSAL 2,ALBERTO MISME LUCANA,CALLE PERU NRO 8550 ENTRE AVENIDA PANAMERICANA Y CALLE COCHABAMBA ZONA URBANIZACION EL PROGRESO DE LA CIUDAD DE EL ALTO,LA PAZ,EL ALTO,,71952137,7052860015
VIVIR J&L,SONIA SABINA MAMANI TOTORA,"AVENIDA ALFONSO UGARTE, ENTRE AV. 16 DE JULIO Y CALLE JOSE ARZABE, NO 100, PLANTA BAJA TIENDA EXTERIOR, ZONA 16 DE JULIO DE LA CIUDAD DE EL ALTO",LA PAZ,EL ALTO,,64154284,6802120017
VJL,SERGIO ALBERTO CRESPO NOGALES,UBANIZACION INTI AVENIDA LA PAZ ENTE OTEROY R. SALMON Nº1043,LA PAZ,EL ALTO,,72056357,6002256018
VKAR S.R.L.,VANESA LIBERTAD RIVEROS SEGALES,"AV. RENE BARRIENTOS ORTUÑO NO. S/N, MUNICIPIO DE ASUNTA PROVINCIA SUD YUNGAS DEL DEPARTAMENTO DE LA PAZ",LA PAZ,LA ASUNTA,,77282611,4911471016
VUL,MARIBEL TORRES VARGAS,"AV. SANTA FE NO. 2415 ESQ. CALLE YUMANI, ZONA 25 DE JULIO DE LA CIUDAD DE EL ALTO",LA PAZ,EL ALTO,,72507812-75808160,4752910015
WALY SUMA KOLLA,VIRGINIA TICONA RAMOS,"CALLE LUIS ESPINAL NO. 250, ZONA RIO SECO VILLA BRASIL DE LA CIUDAD DE EL ALTO",LA PAZ,EL ALTO,,79132417,3417096016
WINTERFELL,DANIELA ALCON ZAPANA,"AV. LUIS FUENTES N° 2185, ENTRE AVENIDA CARABOBO  Y AV. AGUA DE LA VIDA, ZONA 27 DE MAYO DE LA CIUDAD DE EL ALTO",LA PAZ,EL ALTO,,68061878,4825230017
XAMBRI SRL,LOURDES GABRIELA MAMANI AVERANGA,ZONA VILLA DOLORES CALLLE:6 NRO. 20 EL ALTO,LA PAZ,EL ALTO,,75217100,670913022
YAHVE,JASMIN VIVIANA CARO SEGOVIA,"AVENIDA AFRICA NO.1014, ENTRE CALLE RODHESIA Y CALLE TUNEZ, ZONA JANKO KALANI DE LA CIUDAD DE EL ALTO",LA PAZ,EL ALTO,,68311339,8560260019
YAKKYOKU,YURIKO QUISPIA SIKUJARA,"CALLE 27B ´PLAN 266, # 1904, ENTRE AVENIDA ARTURO BALLIVIAN Y CALLE JOSE ARCE FRENTE AL REGIMIENTO POLICIA N° 3 ZONA CUIDAD SATELITE",LA PAZ,EL ALTO,,70144985,8484162011
YAMILETH,ALICIA CHURA ZELADA,"CALLE VICTOR GUTIERREZ NO. 3755, ENTRE CALLES BALBOA Y CARPIO, ZONA LOS ANDES DE LA CIUDAD DE EL ALTO",LA PAZ,EL ALTO,,70691852,6057703018
"YAMPIRI ""L&S""",ANALY MARLENE GUTIERREZ CALVIMONTES,"AV. COHONI NO. 2095, ESQUINA CALLE COMANCHE, ZONA VILLA INGAVI - VILLA GERMAN BUSCH 113 DE LA CIUDAD DE EL ALTO",LA PAZ,EL ALTO,,71929465,9898474012
YAMPIRI L & S SUCURSAL I,MARLENE CARLA GANDARILLAS CHARCA,"CALLE ADOLFO GARCIA, NRO. 566, ESQUINA AV. 16 DE JULIO, ZONA LOS ANDES DE LA CIUDAD DE EL ALTO",LA PAZ,EL ALTO,,71929465,9898474012
YANIS,JOVANA SILVIA CASTRO CARDOZO,"AVENIDA DEL POLICIA, NRO. 100, ESQUINA CALLE 4 FRENTE AL PARQUE LOS LEONES, ZONA SEGUENCOMA DE LA CIUDAD DE LA PAZ",LA PAZ,LA PAZ,,69789657,4807672016
YASNEY,MONICA TITO CHAVEZ,"AV. 31 DE OCTUBRE NO. 1790, ENTRE ALBERTO MENDOZA Y CALLE 5, ZONA VILLA SAN ANTONIO, DE LA CIUDAD DE LA PAZ",LA PAZ,LA PAZ,,60682332,4820941010
YOFY,GRACE ELYZA CONDORI TORREZ,"AV. SATELITE NO.1000, ZONA 12 DE OCTUBRE DE LA CIUDAD DE EL ALTO",LA PAZ,EL ALTO,,67167054,6011106014
YOLANDA I,GEOVANA ALIAGA CUENTAS,"CALLE 3, ENTRE CALLE JORGE CARRASCO Y AV. 6 DE MARZO, NO. 2113, ZONA 12 DE OCTUBRE DE LA CIUDAD DE EL ALTO",LA PAZ,EL ALTO,,70583537,4798649019
YUGAR,,"ZONA VILLA ESPERANZA, CALLE 7, NO.25, ENTRE AV. JUAN PABLO II Y CALLE ARTURO VALLE DE LA CIUDAD DE EL ALTO",LA PAZ,EL ALTO,,63202270,6171295014
YUNGAFARMA,DANIELA MASSIEL CHURA TRIGO,"CALLE DANIEL ESCOBAR NO. 24, ZONA LAS PALMERAS, MUNICIPIO LA ASUNTA DEL DEPARTAMENTO DE LA PAZ",LA PAZ,LA ASUNTA,,67338539,5997722018
YUNGAS VIDA,KIARA AYMORE TABOADA ROSSEL,"AVENIDA MARISCAL SANTA CRUZ, N° S/N, ESQUINA CALLE JUAN PABLO, ZONA UNIDAD DEL MUNICIPIO DE CARANAVI",LA PAZ,CARANAVI,,71544436,10010601019
ZAGREB,,"CALLE PABLO SANCHEZ NO. 6280, ZONA IRPAVI I, ESQ. CALLE 11 DE LA CIUDAD DE LA PAZ",LA PAZ,LA PAZ,,76863312,1687375019
ZAMAR,ROSMERY QUISBERT VASQUEZ,"AVENIDA RAMIRO CASTILLO NO. 200, ESQUINA CALLE 5, ZONA CHUQUIAGUILLO DE LA CIUDAD DE LA PAZ",LA PAZ,LA PAZ,2219665,,6095503011
ZION,ANGEL MIRANDA CHAMBI,"AVENIDA PANAMERICANA, NO. 3715, ZONA BELLA VISTA DE LA CIUDAD DE EL ALTO",LA PAZ,EL ALTO,,78803540,4374172014
ZION SUCURSAL 1,SUSANA CALLE CHAMBI,"CALLE CUZCO NO. 18, ENTRE CALLE 14 DE SEPTIEMBRE Y AVENIDA LUIS ESPINAL, ZONA BRASIL, DE LA CIUDAD DE EL ALTO",LA PAZ,EL ALTO,,78803540,4374172014
ZOE S&R,,"AV. KOLLASUYO NO. 5720 ENTRE CALLES OMASUYO Y ZARATE VILLCA, ZONA TAHUANTINSUYO DE LA CIUDAD DE EL ALTO",LA PAZ,EL ALTO,22588436,,6748870014
ZOE VIDA NUEVA,LAURA EDITH PLAZA ORDOÑEZ,"AVENIDA LOS SARGENTOS, N° 134, ZONA LLOJETA BAJO ENTRE AVENIDA ROSARIO Y CALLE ORELLANA DE LA CIUDAD DE LA PAZ",LA PAZ,LA PAZ,,79143321 - 72072252,6959008019
ZONIA I,SONIA ADRIANA VILLCA NOLASCO,CALLE MAX PAREDES NO. 796 ZONA GRAN PODER DE LA CIUDAD DE LA PAZ,LA PAZ,LA PAZ,,,3436895019
ZUAZO,JENNY HILDA ZUAZO BALLESTEROS,"CALLE JUAN DE VARGAS NO. 1205, EDIFICIO VIVEROS II, PISO P.B., OFICINA 1, ZONA MIRAFLORES DE LA CIUDAD DE LA PAZ",LA PAZ,LA PAZ,2240354,70663004,4317194014
